the	1496
and	1010
of	670
to	666
a	623
he	610
in	493
i	438
was	424
you	409
his	406
that	369
it	363
her	324
she	276
had	270
at	240
with	214
as	205
him	205
for	181
on	170
but	162
me	157
alexander	154
when	145
there	139
all	133
be	120
bartley	118
about	117
not	115
have	115
they	114
were	112
up	112
out	111
hilda	111
one	108
so	99
is	96
if	91
down	90
like	88
this	88
been	88
its	87
from	79
little	78
are	77
what	76
over	76
do	74
back	71
know	70
into	70
time	68
my	64
by	63
looked	63
them	63
always	62
wilson	60
see	59
more	59
very	58
come	57
how	57
go	57
after	56
we	55
did	54
who	54
hand	53
went	53
an	53
would	52
never	51
through	51
himself	49
could	49
dont	49
london	48
before	48
now	47
long	46
then	45
well	45
no	45
which	43
too	43
came	43
than	43
some	43
old	42
things	42
only	42
where	40
again	39
any	39
first	39
people	39
felt	38
bridge	38
or	38
im	38
here	38
even	37
sat	37
last	37
great	37
thought	37
said	36
their	36
your	36
think	36
just	36
mrs	36
put	35
going	35
must	34
ive	34
much	34
good	33
can	33
still	33
river	33
way	33
something	32
face	32
years	32
morning	32
took	32
man	32
life	32
thing	31
will	31
world	31
upon	30
everything	30
day	30
made	30
got	29
away	29
anything	29
under	29
knew	29
used	29
street	29
room	28
yes	28
has	28
why	28
door	28
chair	28
lilac	27
eyes	27
once	27
winifred	27
am	27
new	27
many	27
seemed	27
began	26
found	26
love	26
really	26
ever	26
mainhall	26
house	26
fire	26
hands	25
head	25
off	25
light	25
feel	25
night	25
take	25
tell	25
oh	24
other	24
own	24
want	24
men	24
say	24
such	24
moment	23
didnt	23
wife	23
brought	23
get	23
asked	23
stood	23
because	23
let	22
work	22
arm	22
walked	22
every	22
theres	21
fine	21
most	21
while	21
without	21
window	21
nothing	21
two	20
heard	20
sometimes	20
behind	20
rose	20
those	20
white	20
cant	20
few	20
should	19
often	19
happy	19
dear	19
told	19
low	19
laughed	19
sun	18
remember	18
left	18
air	18
thats	18
met	18
afternoon	18
home	18
looking	18
end	18
square	18
turned	17
mean	17
enough	17
young	17
across	17
myself	17
evening	17
youve	17
might	17
kew	17
spoke	17
woman	17
isnt	17
us	17
reached	17
tonight	17
shoulders	17
feeling	16
done	16
believe	16
quite	16
youth	16
place	16
look	16
front	16
another	16
alone	16
far	16
city	16
make	15
carriage	15
glad	15
yellow	15
course	15
dead	15
lady	15
else	15
leaned	15
afraid	15
dinner	15
study	15
shall	14
wont	14
coming	14
ones	14
late	14
doesnt	14
though	14
these	14
forward	14
hour	14
color	14
gray	14
hair	14
may	14
days	14
tired	14
being	14
shes	14
live	14
almost	14
train	14
until	14
rather	14
quickly	13
big	13
sky	13
yet	13
hear	13
burgoyne	13
deal	13
suddenly	13
second	13
part	13
fell	13
better	13
kind	13
started	13
since	13
our	13
water	13
horton	13
three	12
sunday	12
indeed	12
saw	12
sort	12
havent	12
macconnell	12
sunset	12
mr	12
tea	12
bedford	12
stopped	12
find	12
ill	12
hard	12
above	12
together	12
wanted	12
along	12
windows	12
seen	12
toward	12
hes	12
thinking	12
meet	12
hurried	11
meant	11
same	11
dropped	11
drew	11
standing	11
already	11
smiled	11
watched	11
walk	11
deep	11
alexanders	11
ask	11
except	11
letter	11
telling	11
caught	11
coat	11
sitting	10
golden	10
friends	10
miss	10
table	10
wear	10
longer	10
whispered	10
cold	10
thomas	10
held	10
itself	10
closed	10
strong	10
beginning	10
mac	10
cut	10
among	10
hours	10
sinks	10
sit	10
marie	10
kept	10
dark	10
weather	10
gave	10
each	10
play	10
id	10
whether	9
gone	9
soft	9
full	9
chapter	9
exactly	9
between	9
herself	9
boston	9
slowly	9
fresh	9
large	9
ran	9
wind	9
early	9
bridges	9
oclock	9
sure	9
changed	9
times	9
voice	9
pleased	9
flowers	9
round	9
theatre	9
open	9
ten	9
poor	9
canada	9
tried	9
mind	9
pretty	9
brown	9
against	9
moorlock	9
doing	9
bring	9
liked	9
york	9
wish	9
hildas	8
dreams	8
library	8
opened	8
drove	8
rain	8
song	8
hat	8
moved	8
act	8
help	8
talk	8
hold	8
moments	8
warm	8
feet	8
professor	8
hope	8
women	8
sweet	8
watching	8
sent	8
followed	8
interested	8
ago	8
remembered	8
heavy	8
jolly	8
beautiful	8
summer	8
next	8
threw	8
perhaps	8
sound	8
certainly	8
set	8
upstairs	8
land	8
youd	8
getting	8
tall	8
become	8
bent	8
sir	8
boys	8
worked	8
whole	8
care	8
deck	8
known	8
wonder	8
happen	8
wild	8
dress	8
stars	8
spring	8
smoke	8
thank	8
bright	8
comfortable	7
both	7
youre	7
youll	7
understand	7
sank	7
happened	7
aunt	7
sing	7
bit	7
hotel	7
later	7
oxford	7
splendid	7
soon	7
loved	7
moving	7
ought	7
give	7
keep	7
shook	7
boy	7
engineer	7
slender	7
museum	7
quick	7
hill	7
try	7
stepped	7
seems	7
side	7
arent	7
hansom	7
red	7
allway	7
change	7
given	7
heavily	7
trying	7
arms	7
awfully	7
embankment	7
laugh	7
peace	7
rapidly	7
called	7
lights	7
quietly	7
fond	7
whom	7
looks	7
different	7
lightly	7
somehow	7
person	7
music	7
powerful	7
talking	7
sorry	7
stop	7
crossed	7
flushed	6
snow	6
bad	6
macconnells	6
please	6
span	6
happiness	6
lived	6
least	6
written	6
middle	6
wouldnt	6
clear	6
picture	6
thousand	6
excitement	6
forget	6
making	6
stage	6
practice	6
success	6
suppose	6
floor	6
tone	6
engineers	6
below	6
gently	6
softly	6
half	6
lonely	6
figure	6
number	6
thin	6
couldnt	6
fair	6
rest	6
six	6
matter	6
account	6
organ	6
pushed	6
high	6
british	6
clothes	6
actually	6
stool	6
hung	6
pink	6
desk	6
telegram	6
paris	6
foot	6
scarcely	6
near	6
pulled	6
harry	6
french	6
shore	6
word	6
wasnt	6
managed	6
glass	6
shoulder	6
makes	6
immediately	6
girl	6
pocket	6
saying	6
american	6
town	6
carried	6
perfectly	6
curious	6
friend	5
liverpool	5
gang	5
probably	5
show	5
poured	5
black	5
lose	5
read	5
particularly	5
seem	5
turn	5
beside	5
noticed	5
call	5
beat	5
human	5
tomorrow	5
lay	5
length	5
breath	5
public	5
added	5
lifted	5
several	5
theyve	5
seeing	5
explained	5
iron	5
ah	5
knows	5
goodnight	5
none	5
angry	5
weve	5
true	5
mackeller	5
pale	5
anywhere	5
dance	5
coffee	5
picked	5
glow	5
common	5
quiet	5
stone	5
future	5
chin	5
played	5
edge	5
horses	5
nervous	5
name	5
forgotten	5
broke	5
singing	5
altogether	5
safe	5
power	5
earth	5
remembering	5
nonsense	5
murmured	5
cup	5
wide	5
yourself	5
simply	5
miles	5
streets	5
reflected	5
lower	5
strain	5
busy	5
during	5
taken	5
cloud	5
rare	5
boat	5
holding	5
theyre	5
blue	5
top	5
christmas	5
cigar	5
growing	5
finished	5
westmere	5
box	5
irish	5
delightful	5
grew	5
thick	5
curiously	5
decided	5
turning	5
today	5
begin	5
sense	5
garden	5
small	5
faded	5
steps	5
need	5
weeks	5
line	5
houses	5
yesterday	5
shant	5
personal	5
lit	4
death	4
luck	4
living	4
knees	4
ready	4
laughing	4
rushing	4
violets	4
moon	4
cry	4
bartleys	4
wore	4
week	4
keen	4
answered	4
leave	4
mummy	4
deeper	4
clean	4
buy	4
working	4
papers	4
walfords	4
sorrow	4
older	4
rang	4
lot	4
nodded	4
lucius	4
pavement	4
lines	4
journey	4
galway	4
neither	4
means	4
smiling	4
lips	4
escape	4
wood	4
write	4
superintendent	4
thrust	4
fixed	4
girls	4
energy	4
confused	4
confidence	4
companions	4
smell	4
outside	4
hugh	4
drink	4
sullen	4
rapid	4
letters	4
gloves	4
machinery	4
easy	4
breathing	4
winifreds	4
dry	4
pleasant	4
wander	4
having	4
flash	4
burgoynes	4
rooms	4
dined	4
troubled	4
clenched	4
crowd	4
themselves	4
whatever	4
dull	4
afterward	4
bed	4
returned	4
roaring	4
walking	4
giving	4
gown	4
short	4
run	4
fellows	4
carefully	4
sprang	4
cleared	4
cantilever	4
expected	4
ears	4
either	4
il	4
worn	4
intently	4
farther	4
nervously	4
does	4
chance	4
roses	4
manner	4
wine	4
presently	4
four	4
gardens	4
realize	4
wished	4
tearing	4
younger	4
believed	4
restlessly	4
summers	4
chief	4
around	4
body	4
birds	4
fingers	4
hall	4
pride	4
driver	4
gleam	4
office	4
marry	4
higher	4
within	4
die	4
doubt	4
promise	4
de	4
grate	4
close	4
piano	4
wrong	4
busses	4
story	4
reason	4
drawingroom	4
led	4
bowed	4
apartment	4
cab	4
collar	4
dozen	4
expect	4
nice	4
grow	4
trovatore	4
hadnt	4
takes	4
slipped	4
musics	4
handsome	4
wonderland	4
shut	4
waiting	4
wrote	4
trouble	4
terribly	4
smile	4
send	4
twenty	4
greens	4
jumped	4
shouldnt	4
towne	4
sleeve	4
gayly	4
however	4
although	4
lying	3
definite	3
save	3
drank	3
continually	3
missed	3
photograph	3
enthusiasm	3
string	3
ordinary	3
tale	3
romance	3
imagination	3
deserted	3
meadows	3
support	3
painted	3
forgot	3
afternoons	3
winter	3
difference	3
courage	3
brushed	3
use	3
showing	3
pile	3
single	3
quarter	3
changes	3
question	3
exclaimed	3
onward	3
hears	3
verdi	3
shadow	3
holidays	3
delighted	3
reaching	3
complete	3
worth	3
hills	3
chilled	3
opposite	3
siding	3
stand	3
cloak	3
whenever	3
awkward	3
needs	3
wet	3
lord	3
weight	3
settled	3
heavens	3
crackled	3
frightened	3
group	3
force	3
bluish	3
drive	3
hasnt	3
raw	3
merely	3
natural	3
rate	3
burning	3
haze	3
heart	3
cheek	3
driven	3
eager	3
places	3
kissed	3
mouth	3
nature	3
creaked	3
begins	3
neck	3
empty	3
temple	3
interesting	3
waited	3
damp	3
right	3
paper	3
nearer	3
lip	3
paced	3
sea	3
handkerchief	3
meeting	3
structure	3
consciousness	3
able	3
caroling	3
letting	3
philip	3
longing	3
precious	3
tramp	3
sometime	3
rising	3
beneath	3
money	3
disaster	3
rumpled	3
abroad	3
wheels	3
order	3
bunch	3
children	3
perplexed	3
westminster	3
months	3
psychologists	3
fellow	3
voices	3
crying	3
darkness	3
eternal	3
announced	3
lie	3
catch	3
bell	3
veil	3
wondered	3
midsummer	3
england	3
profession	3
eat	3
blurred	3
trunks	3
return	3
kitchen	3
admired	3
clock	3
servant	3
visit	3
satisfaction	3
case	3
self	3
quivered	3
awkwardly	3
determined	3
lawyer	3
action	3
voyage	3
gratified	3
somewhere	3
glanced	3
proud	3
business	3
mother	3
job	3
existence	3
possibly	3
keeps	3
audience	3
trembled	3
longest	3
impatiently	3
bare	3
year	3
taste	3
tuesday	3
swept	3
clouds	3
past	3
nor	3
theatres	3
twice	3
considered	3
spare	3
best	3
demanded	3
season	3
april	3
restless	3
vastly	3
seldom	3
bank	3
dirty	3
hallway	3
hurt	3
hid	3
grown	3
stay	3
admit	3
flush	3
hang	3
placed	3
gale	3
sharp	3
departure	3
studied	3
sister	3
mustache	3
taking	3
pulses	3
writing	3
tore	3
entered	3
needed	3
piccadilly	3
wrinkled	3
creature	3
watch	3
depths	3
fancy	3
instant	3
cousin	3
regrets	3
goes	3
carnival	3
chord	3
hed	3
says	3
struck	3
wilsons	3
sleeping	3
machine	3
lilacs	3
pictures	3
hanging	3
breaking	3
minutes	3
fool	3
tortured	3
seriously	3
studying	3
vibrating	3
la	3
tenth	3
wonderful	3
mike	3
fog	3
fur	3
interest	3
inside	3
student	3
comes	3
exercise	3
passed	3
build	3
donkey	3
impossible	3
touch	3
starting	3
commission	3
delicate	3
sighed	3
glory	3
third	3
dressed	3
trunk	3
glove	3
gold	3
riverbank	3
station	3
expectancy	3
richmond	3
hats	3
velvet	3
ear	3
gives	3
mooning	3
shining	3
boxes	3
crowded	3
forehead	3
memories	3
match	3
pain	3
charming	3
works	3
forgets	3
realized	3
stretcher	3
reply	3
arrived	3
pass	3
barrelorgan	3
eleanor	3
rough	3
pressed	3
country	2
honors	2
ranges	2
runs	2
swift	2
lance	2
wreath	2
soldier	2
university	2
luncheon	2
cannon	2
violently	2
twickenham	2
worldly	2
wearing	2
cordiality	2
approached	2
wondering	2
real	2
vibration	2
washed	2
teatable	2
promised	2
west	2
brilliantly	2
dusk	2
exhausted	2
upright	2
join	2
telephoned	2
nostril	2
mummyroom	2
overcoat	2
buckle	2
mass	2
deepened	2
doubtless	2
grayness	2
spires	2
spoiled	2
lately	2
position	2
mer	2
anybody	2
intoa	2
masses	2
impersonal	2
lacing	2
constantly	2
murky	2
society	2
remarked	2
smoky	2
bog	2
battered	2
sleep	2
blond	2
bought	2
pleasures	2
wound	2
yours	2
strength	2
five	2
unconscious	2
stormy	2
traviata	2
tiresome	2
thither	2
committee	2
heaven	2
listen	2
western	2
blinking	2
happening	2
leaped	2
accident	2
straight	2
completely	2
remarkable	2
joy	2
flight	2
freedom	2
lace	2
lest	2
thoughtfully	2
scotch	2
acquaintances	2
wakened	2
shorten	2
angel	2
famously	2
sees	2
overhead	2
junction	2
conscious	2
stupid	2
watery	2
startled	2
following	2
pluck	2
paths	2
wearied	2
loneliness	2
angora	2
happier	2
crash	2
yonder	2
hearts	2
background	2
steel	2
devil	2
jersey	2
card	2
flaming	2
bear	2
burst	2
alive	2
standard	2
hundred	2
submerged	2
using	2
remind	2
sadder	2
playing	2
rich	2
club	2
ocean	2
settling	2
snugly	2
poppies	2
azaleas	2
mild	2
bending	2
estimates	2
jeremiah	2
somebody	2
becomes	2
traveled	2
rugs	2
slippers	2
bag	2
withdrew	2
tarpaulin	2
floated	2
shelter	2
ring	2
harmony	2
brows	2
base	2
philosophy	2
dine	2
mainhalls	2
tastes	2
coaches	2
sorts	2
scarf	2
approach	2
underground	2
row	2
champagne	2
passive	2
wistfully	2
workmen	2
saturday	2
battle	2
deliberately	2
misty	2
plucky	2
cost	2
foreseen	2
barrel	2
warmth	2
painful	2
noyes	2
tedious	2
lets	2
direction	2
mine	2
market	2
handsomer	2
journeys	2
blaze	2
noble	2
primrose	2
possible	2
paused	2
plenty	2
lightness	2
green	2
appreciatively	2
spot	2
pace	2
begun	2
february	2
planned	2
bitter	2
madame	2
elbow	2
breeze	2
symphony	2
pleasure	2
dreaded	2
sharply	2
wreathed	2
perplexity	2
bushes	2
leap	2
fortune	2
monday	2
dust	2
stepladder	2
drawer	2
catapult	2
considerable	2
spaces	2
engagements	2
feverish	2
button	2
fast	2
hers	2
halfpast	2
bearded	2
ground	2
mercy	2
fairy	2
spoils	2
chestnut	2
heres	2
curtains	2
learn	2
reminded	2
thirty	2
waved	2
shed	2
worktable	2
duke	2
less	2
recalling	2
capable	2
corridor	2
learned	2
wanting	2
railway	2
memory	2
mark	2
sword	2
smelled	2
phil	2
daft	2
active	2
mused	2
glimpse	2
expression	2
beg	2
swung	2
kindly	2
alfred	2
philly	2
boots	2
whirled	2
groaned	2
hit	2
noted	2
further	2
dies	2
listening	2
mersey	2
apart	2
resolute	2
pemberton	2
bains	2
immediate	2
shrugged	2
covent	2
slight	2
shell	2
mistake	2
finger	2
tools	2
careful	2
outlying	2
chosen	2
childhood	2
directly	2
livingroom	2
rigid	2
gay	2
hell	2
thrown	2
cabin	2
trifle	2
crowds	2
franc	2
stirred	2
carry	2
surround	2
judicial	2
thirds	2
rivers	2
lamps	2
awake	2
drift	2
glance	2
indicated	2
disabled	2
shivered	2
sending	2
useless	2
ugliness	2
marsh	2
comedy	2
bottom	2
stick	2
eyelids	2
utterly	2
sodden	2
fallen	2
shield	2
listens	2
abstraction	2
tied	2
blew	2
truth	2
tremendously	2
firm	2
rhythm	2
students	2
board	2
couch	2
dawn	2
beautifully	2
softened	2
besides	2
lingered	2
helped	2
peggy	2
break	2
sailing	2
reflection	2
savoy	2
railing	2
saved	2
bridgebuilding	2
dancing	2
fight	2
note	2
pipe	2
spend	2
minute	2
mirror	2
tells	2
discouraged	2
sleepy	2
glasses	2
cushions	2
wholly	2
satin	2
seated	2
decent	2
struggle	2
anticipated	2
moonlight	2
pull	2
fact	2
ripples	2
furs	2
pounding	2
lowered	2
familiar	2
packing	2
purple	2
swell	2
strike	2
wants	2
indulgently	2
hardly	2
leaving	2
yorks	2
cherrytrees	2
scale	2
seedy	2
retreated	2
sunlight	2
cries	2
japan	2
curtain	2
solitude	2
offices	2
silent	2
steamer	2
fit	2
becoming	2
particular	2
vast	2
wheat	2
heads	2
troubling	2
detained	2
caps	2
miserable	2
strange	2
seas	2
passage	2
jolt	2
message	2
broad	2
dinners	2
seat	2
quicksilver	2
alert	2
saves	2
holly	2
disappeared	2
spoken	2
calm	2
deception	2
professors	2
thickness	2
annoyed	2
alike	2
brush	2
fright	2
lives	2
tenderness	2
rules	2
stern	2
everywhere	2
sight	2
dressing	2
activity	2
genial	2
nose	2
werent	2
speak	2
despair	2
till	2
gravely	2
piece	2
cities	2
towers	2
blame	2
turns	2
elegant	2
built	2
star	2
cowardly	2
shrank	2
listened	2
assented	2
stooped	2
leaves	2
sleeves	2
imagine	2
dissects	2
telephone	2
americans	2
remembers	2
seventy	2
south	2
deeply	2
oldfashioned	2
unable	2
answer	2
delight	2
deepset	2
serious	2
faster	2
introduction	2
hortons	2
wheeling	2
danger	2
father	2
carrying	2
glorious	2
clearly	2
loose	2
hurry	2
perfume	2
pay	2
tragic	2
dan	2
frank	2
king	2
sighs	2
stream	2
dripping	2
bloom	2
agreeable	2
smoothly	2
general	2
haggard	2
relation	2
riveters	2
satisfactory	2
lamp	2
hearth	2
authorization	2
worlds	2
enjoy	2
touched	2
sail	2
load	2
shuddered	2
fourth	2
activities	2
mistaken	2
gloved	2
explain	2
jade	2
ragged	2
nephew	2
clubs	2
ideas	2
daycoach	2
waving	2
moisture	2
others	2
movement	2
marching	2
extravagant	2
silence	2
trees	2
portfolio	2
stimulating	2
ticked	2
impatience	2
wifes	2
spirits	2
tingling	2
stairs	2
eye	2
warmly	2
chill	2
faced	2
habits	2
sunshine	2
estimate	2
sum	2
wall	2
walls	2
chords	2
hurriedly	2
trains	2
died	2
circle	2
reflectively	2
dimly	2
donkeygirl	2
burn	2
gained	2
dare	2
cooler	2
form	2
underneath	2
details	2
simple	2
introduce	2
absolutely	2
knights	2
ease	2
nine	2
breast	2
purpose	2
roughly	2
rehearsal	2
state	2
vermont	2
crack	2
rush	2
jealous	2
oats	2
pleasing	2
lost	2
recognized	2
poetic	2
blushed	2
twelve	2
flashed	2
absurd	2
professional	2
nobody	2
flame	2
willing	2
eight	2
luxembourg	2
spread	2
bitterly	2
disliked	2
knowing	2
address	2
follow	2
usually	2
whose	2
angrily	2
throw	2
grand	2
immortal	2
daycoaches	2
thousands	2
chuckled	2
history	2
point	2
free	2
passions	2
consistently	2
reluctant	1
mountains	1
pearls	1
camp	1
kissing	1
contempt	1
changing	1
drowned	1
swim	1
andtheyre	1
energetically	1
slim	1
furnished	1
demands	1
flying	1
undertaking	1
presumed	1
unhappy	1
relative	1
compensation	1
francs	1
beauty	1
deft	1
thingshere	1
corners	1
pallorif	1
thrifty	1
mostly	1
sudden	1
somerset	1
burden	1
heat	1
quieted	1
beggar	1
released	1
philosopher	1
bookcase	1
thursday	1
goodby	1
shout	1
draw	1
ugly	1
aspects	1
dashed	1
jackrabbits	1
penciled	1
loyal	1
shouting	1
devotion	1
pleasurable	1
throughout	1
foreman	1
nowhere	1
mounting	1
difficulties	1
irresistible	1
teacher	1
shelf	1
mechanism	1
assyrian	1
fender	1
selecting	1
fade	1
irises	1
greyhound	1
art	1
selfpossession	1
pleasantest	1
timehe	1
measured	1
rue	1
acquainted	1
foryears	1
streaked	1
renewing	1
downand	1
develops	1
port	1
indigo	1
grandeur	1
impersonality	1
repeated	1
novelist	1
drowning	1
hb	1
sonnets	1
locked	1
waking	1
probability	1
savage	1
inquiringly	1
che	1
methodical	1
parties	1
parted	1
wringing	1
suggestion	1
lees	1
drawn	1
thief	1
londonbut	1
occupant	1
commander	1
warmgive	1
lectures	1
proposed	1
chuckle	1
vaulted	1
relic	1
intimate	1
diningroom	1
clasping	1
doyles	1
peppery	1
acquaintance	1
generous	1
messy	1
fortythree	1
shocking	1
patience	1
disappointment	1
editor	1
structural	1
noon	1
feverishly	1
overnight	1
halfindifferent	1
emotional	1
roofs	1
members	1
reputation	1
dulling	1
newly	1
queried	1
fires	1
granted	1
chopfallen	1
contemporaries	1
gaunt	1
engines	1
foreign	1
smoking	1
alarming	1
engineering	1
visits	1
absolute	1
maurice	1
afterdinner	1
sandy	1
completeness	1
witty	1
dearer	1
unstultified	1
ambition	1
pond	1
arts	1
viii	1
melancholy	1
yawned	1
cordially	1
coquets	1
supple	1
step	1
wreck	1
isis	1
laborious	1
questioningly	1
possession	1
whitehall	1
coast	1
direct	1
unconcernedly	1
dodging	1
bleakness	1
drafts	1
ended	1
magnificently	1
astonished	1
conversation	1
boxwagon	1
unusual	1
grateful	1
toolhouses	1
fields	1
ability	1
cautious	1
gossoons	1
paying	1
utility	1
constraint	1
framework	1
roadbed	1
appearance	1
st	1
finest	1
became	1
sniffed	1
race	1
pleasureloving	1
efforts	1
tenderly	1
laborer	1
weatherstained	1
harrys	1
nightingale	1
violet	1
engaged	1
entreatingly	1
visibly	1
literary	1
restaurant	1
shrewd	1
quebec	1
mite	1
drowsing	1
earlier	1
scholar	1
bobbed	1
laughs	1
forth	1
stems	1
ogle	1
breakfastroom	1
contemplating	1
ducklings	1
crept	1
fragrance	1
windward	1
forest	1
news	1
material	1
defying	1
clearskinned	1
stimulus	1
kate	1
woods	1
batteredlooking	1
epilogue	1
cyclamens	1
shattered	1
florence	1
wash	1
squinted	1
guests	1
notice	1
owls	1
amusing	1
gleamed	1
marrying	1
henderson	1
halflight	1
smelling	1
seductive	1
ulster	1
packed	1
strolled	1
lamppost	1
fall	1
response	1
corner	1
composure	1
pulling	1
stresses	1
schoolmate	1
moist	1
bodies	1
pose	1
scientific	1
achieve	1
chap	1
otherstill	1
ed	1
perturbed	1
tons	1
industrial	1
blended	1
established	1
elm	1
anxiously	1
supposed	1
outofdoors	1
missing	1
wry	1
invitation	1
butler	1
offshoot	1
gun	1
destiny	1
monochrome	1
shaded	1
lighter	1
dozing	1
continual	1
visiting	1
chelsea	1
emerging	1
vain	1
hide	1
clerk	1
passing	1
harnesses	1
canary	1
uncertainty	1
coffeecup	1
shaking	1
cream	1
pieces	1
worried	1
housetops	1
supper	1
gaze	1
wreckage	1
leaning	1
competent	1
shorter	1
subject	1
tightsleeved	1
ingratiating	1
fresher	1
toquit	1
schumann	1
cheerful	1
prodigality	1
branches	1
passion	1
pointed	1
companionship	1
misery	1
hurrying	1
nestor	1
discover	1
admiringly	1
muffin	1
exposure	1
ice	1
tremulous	1
reasoned	1
stuffed	1
glowing	1
mamie	1
replied	1
zigzagging	1
bib	1
express	1
recover	1
assistant	1
loafer	1
coursethe	1
farflung	1
bustle	1
whimsical	1
rhone	1
roadsides	1
selfcontempt	1
hack	1
angers	1
committees	1
whiplash	1
glancing	1
secondsight	1
lazy	1
finally	1
sadly	1
insistently	1
lightheartedness	1
squared	1
drainage	1
sears	1
eagerly	1
extreme	1
unreasonable	1
prescience	1
hoofbeats	1
inopportune	1
incontinently	1
stir	1
powerfully	1
wrist	1
edward	1
hughs	1
broken	1
luminous	1
mention	1
vital	1
scraps	1
vaguely	1
dialogue	1
toes	1
alternately	1
shoulderstraps	1
niece	1
sang	1
convenience	1
sidelong	1
detected	1
increasing	1
closing	1
vehemence	1
jaunty	1
million	1
wearily	1
stripped	1
pigs	1
ix	1
proudly	1
mushrooms	1
hate	1
tender	1
subletting	1
inquiring	1
faces	1
whisperedi	1
proved	1
peer	1
master	1
strokes	1
futurei	1
linked	1
decide	1
yoursvery	1
gifted	1
pupil	1
curve	1
child	1
cups	1
distant	1
survival	1
liberty	1
discovery	1
bother	1
molly	1
dedicated	1
climbed	1
descending	1
blessed	1
cross	1
showed	1
humid	1
court	1
blanchisseuse	1
animation	1
flakes	1
trailing	1
stiffly	1
henrietta	1
locoed	1
offer	1
possessions	1
formerly	1
alarm	1
worthy	1
chatting	1
sarah	1
orchestra	1
fate	1
worlda	1
humbly	1
excited	1
camped	1
highroad	1
nationality	1
flames	1
illgoverned	1
deepening	1
guarded	1
prince	1
overwhelming	1
soldat	1
spiritual	1
dowson	1
halloo	1
party	1
helping	1
failed	1
youyou	1
sleepless	1
shrieks	1
revolution	1
colors	1
theatresshortcoated	1
worshiped	1
realest	1
seconds	1
stale	1
lunch	1
dangerous	1
company	1
windy	1
staring	1
iv	1
passersby	1
oftener	1
confident	1
twilight	1
fountains	1
wellkept	1
salon	1
fountain	1
ugh	1
sheath	1
moral	1
rubbed	1
halfmile	1
selfreliance	1
stageenglishman	1
teeththis	1
hilly	1
plunged	1
explaining	1
saving	1
clasped	1
reforms	1
midair	1
decorated	1
friendliness	1
slanting	1
ticking	1
stroll	1
vi	1
stretch	1
turbidly	1
softer	1
moneysomething	1
euston	1
fireplace	1
indoors	1
urgent	1
etchings	1
talked	1
cuckoo	1
episode	1
feathers	1
sacrifice	1
whoop	1
boughs	1
busiest	1
liquor	1
consort	1
truffles	1
himas	1
theatrehe	1
successful	1
fortitude	1
cooking	1
reverie	1
evil	1
concert	1
sensible	1
writingtable	1
calendar	1
rolling	1
hot	1
rashly	1
opaqueness	1
headdress	1
albany	1
architect	1
hailed	1
telegraphdesk	1
awry	1
minding	1
newcomer	1
welded	1
piggish	1
ponder	1
countrymen	1
foolish	1
castoff	1
clatter	1
impulsive	1
wellbut	1
evidently	1
babies	1
rings	1
coins	1
westold	1
canadians	1
functions	1
easier	1
uproar	1
brow	1
humor	1
darken	1
destroying	1
clutching	1
truly	1
congress	1
tail	1
platform	1
pinnacles	1
slow	1
increased	1
gaudy	1
crammed	1
preconceived	1
irregular	1
skeleton	1
thoughts	1
teacup	1
pretend	1
v	1
amazementcan	1
manager	1
primroses	1
stumbling	1
woke	1
parlor	1
candles	1
obliterating	1
sooty	1
compensations	1
humility	1
resolutely	1
recognizing	1
emperors	1
anguish	1
unwilling	1
halfhour	1
limit	1
social	1
drown	1
possibilities	1
experiences	1
mathematics	1
tootoo	1
bearers	1
curtsied	1
shortest	1
behaved	1
shrewdness	1
handed	1
charing	1
bookcases	1
mentioned	1
hoping	1
pendants	1
artichokes	1
smartness	1
achievement	1
joviality	1
skating	1
various	1
vigor	1
conventional	1
forever	1
tours	1
offered	1
returning	1
judiciously	1
tearful	1
pressing	1
saintmichel	1
awful	1
poked	1
costumes	1
sunk	1
alarmed	1
setting	1
baseness	1
imperial	1
rail	1
musical	1
deliver	1
restraint	1
guiltily	1
hitched	1
attack	1
uncle	1
bones	1
qualities	1
lazily	1
uneasily	1
earrings	1
suited	1
lastingness	1
gala	1
ii	1
fragrant	1
joyously	1
withwell	1
whoo	1
scene	1
colored	1
reading	1
acacias	1
numbness	1
measureless	1
image	1
reliable	1
browning	1
hips	1
resulting	1
deranged	1
flowing	1
plunging	1
tallest	1
bored	1
pout	1
loosed	1
nursemaids	1
tidings	1
drinking	1
tapping	1
dugup	1
twentyodd	1
balancing	1
blending	1
estate	1
peered	1
sheltered	1
family	1
supercilious	1
passionate	1
spoil	1
cushion	1
vulgar	1
gaul	1
thyself	1
hopefulness	1
steer	1
singularly	1
vienna	1
trimming	1
stole	1
newfangled	1
unsettled	1
stowed	1
rosecolored	1
crackling	1
therethat	1
examined	1
object	1
vapors	1
yard	1
queerest	1
vivid	1
flicking	1
schoolbags	1
noah	1
vexations	1
mists	1
mellows	1
sleepingroom	1
butcher	1
overshoes	1
rumbling	1
glittering	1
blinding	1
parks	1
tokyo	1
english	1
assembled	1
sandbar	1
resting	1
ultimate	1
poverty	1
thicker	1
imperturbable	1
glowed	1
grimy	1
brick	1
frockcoat	1
patchwork	1
tomb	1
wan	1
berkshires	1
caring	1
fascinated	1
hollow	1
noiselessly	1
counted	1
ironcolored	1
horrible	1
vexation	1
elsewhere	1
priestess	1
mans	1
costs	1
soho	1
unlace	1
weary	1
flax	1
habitual	1
curled	1
bolder	1
avoid	1
himfor	1
jar	1
accent	1
ernest	1
actresses	1
cars	1
renown	1
unnatural	1
soothingly	1
widows	1
valued	1
shadowy	1
cares	1
unrest	1
oils	1
thoughtful	1
review	1
tips	1
assistants	1
didntdidnt	1
underwent	1
absently	1
theyll	1
destruction	1
greataunt	1
definitely	1
repository	1
betokened	1
oblivion	1
absentminded	1
pinescented	1
wrung	1
roughened	1
repairs	1
husband	1
opportunity	1
indications	1
joking	1
laziest	1
nowadays	1
suspense	1
campfire	1
northward	1
vouched	1
lowlands	1
posting	1
charles	1
odor	1
jingles	1
arepowerful	1
compensated	1
philanthropist	1
forone	1
brutal	1
playwright	1
awoke	1
vigorously	1
conquered	1
grief	1
cufflink	1
grind	1
lover	1
whitecaps	1
mornings	1
age	1
ordered	1
spray	1
overtook	1
bloomsbury	1
wideeyed	1
parodies	1
forewarned	1
waned	1
hypocrite	1
fancied	1
sentiment	1
naked	1
silvery	1
arranged	1
corridors	1
joyful	1
drolly	1
wassort	1
fiercely	1
scouring	1
covered	1
register	1
creaking	1
tolerate	1
nights	1
survived	1
nowand	1
screened	1
demurred	1
commit	1
reflective	1
muffled	1
algiers	1
chest	1
sharing	1
elephant	1
frost	1
combination	1
pillow	1
undressed	1
potentialities	1
lane	1
mortality	1
pullman	1
thrilled	1
gratitude	1
confusion	1
tumbled	1
taller	1
terribleness	1
centre	1
cleanreally	1
treat	1
trust	1
shouted	1
deliberated	1
honor	1
dullness	1
trudged	1
infinitudes	1
birches	1
managing	1
strikes	1
dock	1
opera	1
kettle	1
fingerdo	1
cheerless	1
girlish	1
tripping	1
march	1
sisters	1
shone	1
tray	1
impetuousness	1
disconcerting	1
veils	1
hunt	1
terrifying	1
declining	1
distinguish	1
thingsparticularly	1
rise	1
fulfilled	1
chatter	1
clever	1
stupidity	1
fitted	1
obligations	1
key	1
unbearable	1
tap	1
dispersing	1
snapping	1
sob	1
ruffled	1
paws	1
conveniently	1
bridgebuilders	1
outline	1
bayswater	1
lead	1
stronger	1
tries	1
substantial	1
popular	1
implied	1
books	1
uttered	1
roadmaking	1
proximity	1
sag	1
smartly	1
realizing	1
ringing	1
fortyeight	1
unconquered	1
quitted	1
present	1
smilingly	1
mills	1
applause	1
saintjacques	1
kildare	1
steadily	1
individual	1
joys	1
clinging	1
removed	1
astonishingly	1
sluggish	1
whitsunday	1
inaccessible	1
silk	1
arranging	1
justified	1
preliminaries	1
queer	1
cleanness	1
conversational	1
ass	1
thrill	1
belong	1
pontibus	1
wooden	1
certainty	1
beaux	1
dressingroom	1
obtrusions	1
clung	1
beating	1
harder	1
security	1
luggage	1
tune	1
brightness	1
bland	1
regard	1
unused	1
jangling	1
somehowbut	1
stated	1
exclamations	1
luxurious	1
emperor	1
songs	1
tear	1
selfsufficiency	1
comfort	1
theatrequeer	1
intended	1
pulse	1
stayed	1
cabby	1
fumbled	1
violent	1
risk	1
checking	1
justice	1
forany	1
scheming	1
andthere	1
portly	1
sold	1
fin	1
knelt	1
ourselves	1
unoccupied	1
discontented	1
tremendous	1
rocks	1
important	1
echo	1
college	1
connected	1
longforgotten	1
goldwashed	1
marks	1
weak	1
surprise	1
road	1
shelving	1
smart	1
uncertainly	1
omelette	1
flared	1
gracious	1
tinge	1
unworldly	1
charm	1
spat	1
overwork	1
equipped	1
tin	1
vertical	1
placid	1
frown	1
flattered	1
habit	1
signaled	1
fluttering	1
states	1
hurries	1
riveted	1
freckles	1
muslin	1
swimmer	1
driving	1
range	1
unclenched	1
unit	1
welfare	1
bartleyhe	1
cutting	1
lifting	1
beenhis	1
shock	1
brook	1
blames	1
callings	1
yelped	1
bootheel	1
gasped	1
patted	1
doubled	1
scream	1
teeth	1
impetus	1
intentness	1
lighting	1
uncertain	1
east	1
pointedly	1
finishing	1
abbey	1
piled	1
sentence	1
frowning	1
particularand	1
stimulated	1
hotelhe	1
shades	1
tightness	1
tuwhit	1
knot	1
companionnot	1
angeldo	1
metal	1
sash	1
inevitable	1
fancifulness	1
pour	1
prophecy	1
motif	1
reappeared	1
girdle	1
facade	1
eventually	1
honestly	1
portraitpainter	1
donkeyboy	1
pigeonsto	1
relentingly	1
artist	1
significance	1
yesterdayheard	1
peoplehe	1
shawls	1
impatient	1
beaconsfield	1
crystal	1
coppers	1
regularly	1
odd	1
feltand	1
wing	1
bidden	1
value	1
silver	1
cracking	1
sheets	1
watersoaked	1
endearing	1
delays	1
pine	1
hired	1
owen	1
dim	1
overskirted	1
execution	1
thrusting	1
knack	1
approaching	1
forefingerthen	1
tucked	1
brevity	1
repeating	1
climb	1
project	1
stroke	1
canvas	1
civic	1
entrances	1
owe	1
germany	1
motion	1
torrents	1
otherwise	1
interior	1
accidents	1
wildest	1
cunning	1
amused	1
united	1
unkempt	1
network	1
evermore	1
pulsing	1
beamed	1
twist	1
noises	1
jammed	1
cliques	1
stateroom	1
caesars	1
dome	1
willingness	1
redden	1
chairs	1
imposed	1
slackened	1
exhilaration	1
rapt	1
avoided	1
torturing	1
conductor	1
slept	1
downstream	1
mawkishness	1
lamb	1
printed	1
calls	1
restlessness	1
thanked	1
confronted	1
overeagerness	1
calculations	1
stiffen	1
hello	1
phillys	1
sailor	1
trips	1
selfabsorbed	1
admitted	1
bridal	1
battling	1
ireland	1
sails	1
blink	1
saloon	1
rugged	1
examination	1
successfulto	1
teatray	1
dread	1
moods	1
settle	1
critically	1
oily	1
trolling	1
farmer	1
warmed	1
hyeres	1
consideration	1
hugged	1
fascination	1
reality	1
breaths	1
suggestive	1
instead	1
unlovely	1
squirrel	1
carriages	1
wishing	1
ventured	1
bottomhe	1
lamplightin	1
opens	1
leather	1
lap	1
trafalgar	1
tide	1
throstle	1
original	1
wanderings	1
builds	1
mildly	1
eyeing	1
facts	1
brimmer	1
theme	1
grayish	1
horse	1
creditor	1
masquerade	1
costume	1
millions	1
clocks	1
deftly	1
myriad	1
disks	1
lovely	1
queens	1
winding	1
inexpressible	1
buffet	1
monthly	1
panting	1
accompaniments	1
cookery	1
babys	1
kiss	1
crouching	1
beyond	1
fogs	1
youcould	1
tension	1
hoped	1
cigarette	1
choice	1
fiery	1
particles	1
surgeon	1
difficulty	1
oncoming	1
proprieties	1
request	1
thered	1
priceless	1
observer	1
elderly	1
losing	1
literally	1
pit	1
boiled	1
herhe	1
lurched	1
impression	1
tiniest	1
gestureoh	1
quizzical	1
breakfasted	1
continentcannes	1
ditch	1
seasons	1
reposeful	1
accustomed	1
bennett	1
dimension	1
ba	1
burrow	1
consonances	1
jogging	1
twelfth	1
permitted	1
pity	1
forbidding	1
stares	1
loco	1
constancy	1
decks	1
quickened	1
midst	1
gowns	1
jingling	1
lunchtime	1
somewhat	1
lobes	1
crazed	1
earlyvictorian	1
strengthening	1
sung	1
nasty	1
sycamores	1
vigorous	1
magically	1
wick	1
intellectual	1
unsatisfied	1
whiffs	1
novelists	1
clearness	1
condemned	1
admiringlybartley	1
attended	1
running	1
churned	1
ashamed	1
foolishness	1
coachs	1
bundles	1
solitariness	1
suede	1
developed	1
france	1
stretched	1
whistle	1
oozing	1
fortunes	1
realms	1
born	1
allow	1
badly	1
disheveled	1
marbles	1
thaw	1
telephoning	1
spice	1
roused	1
adventures	1
oar	1
harpshaped	1
woolens	1
steamship	1
machilda	1
natures	1
muddy	1
attention	1
marvels	1
flooded	1
jeweled	1
fought	1
marvelous	1
development	1
irene	1
employed	1
fonder	1
objective	1
brightly	1
dressup	1
brittany	1
rusty	1
faraway	1
dowle	1
gloomily	1
finding	1
vendor	1
smokingcoat	1
extraordinary	1
arrival	1
springs	1
bleached	1
scraped	1
aureate	1
shy	1
appreciative	1
creased	1
tiding	1
retrieved	1
bath	1
leading	1
month	1
instructor	1
linen	1
exultant	1
mechanics	1
deliberateness	1
loving	1
edges	1
dignified	1
monotonous	1
drawing	1
confidencewell	1
grunted	1
effusive	1
ironwork	1
gilt	1
tacks	1
firmly	1
nearing	1
matters	1
mail	1
delightfully	1
critic	1
occurred	1
enormous	1
unopened	1
landed	1
highbacked	1
delightedly	1
plot	1
joyfully	1
test	1
truant	1
sides	1
gordon	1
intent	1
cramped	1
gets	1
cabdrivers	1
bringing	1
babbled	1
wanders	1
halfskeptical	1
hansomcab	1
shading	1
bird	1
heave	1
cypresses	1
queenstown	1
notion	1
roughish	1
flemish	1
reproach	1
harassed	1
assure	1
freshly	1
recompense	1
painters	1
risen	1
dying	1
paid	1
forgotteni	1
doubles	1
brave	1
entirely	1
unconsciously	1
instituted	1
manners	1
nerves	1
monkey	1
prismatic	1
twenties	1
unfolding	1
amber	1
merrill	1
continuously	1
supplement	1
intolerable	1
tugged	1
politics	1
unclasping	1
formal	1
integral	1
aunts	1
desperately	1
magical	1
landing	1
vapor	1
shadows	1
splashing	1
perspective	1
stopping	1
irishthe	1
discerning	1
cyril	1
nacreous	1
tiny	1
wears	1
buttoning	1
wheel	1
flood	1
hostess	1
thinned	1
endure	1
sweetness	1
confronting	1
unforgotten	1
creatures	1
drama	1
asking	1
foe	1
fragile	1
nervousness	1
unsafe	1
foam	1
halfaverted	1
candleshades	1
dazzlingly	1
asleep	1
surprised	1
hut	1
litten	1
wait	1
motives	1
indestructible	1
lean	1
hildaoh	1
apt	1
hem	1
sick	1
itinerant	1
himof	1
strangely	1
litter	1
victorian	1
thawed	1
morte	1
advised	1
anxiety	1
weariness	1
floating	1
worst	1
remained	1
amount	1
spirit	1
musicroom	1
italian	1
robert	1
potheen	1
infinitely	1
awakened	1
stagebox	1
gripped	1
hesitated	1
tremor	1
bottle	1
pianos	1
screwing	1
holiday	1
continue	1
reflections	1
ways	1
darkened	1
lumber	1
neighborhood	1
studio	1
debris	1
hates	1
according	1
thicken	1
smells	1
parts	1
ominous	1
committed	1
soup	1
understanding	1
newspapers	1
hungry	1
greatcoat	1
dreamed	1
stag	1
presents	1
handle	1
bully	1
comfy	1
confidential	1
miracle	1
apologetically	1
handabove	1
chorusing	1
suspension	1
harsher	1
artistic	1
hardening	1
unbuttoning	1
interview	1
boards	1
bathed	1
intense	1
laboriously	1
grinding	1
drowsed	1
ivory	1
sketches	1
burns	1
someone	1
depend	1
cobweb	1
conquests	1
wonders	1
defied	1
engineroom	1
eddies	1
inspected	1
hungrily	1
sights	1
piteously	1
lodged	1
barge	1
elgins	1
palecolored	1
enervating	1
familiarity	1
preparing	1
cannot	1
glide	1
atmosphere	1
mouthstill	1
forks	1
jaw	1
suburbs	1
corral	1
soul	1
rheumatism	1
steam	1
harmonies	1
linnet	1
doorknob	1
macs	1
walks	1
switched	1
column	1
barefoot	1
assuming	1
undulating	1
shiver	1
guilty	1
december	1
deux	1
couple	1
vii	1
londoners	1
dogs	1
scribbled	1
mechanic	1
storyteller	1
cambridge	1
threshold	1
delicacies	1
ward	1
declare	1
vessel	1
passes	1
onlookers	1
licked	1
pricked	1
special	1
alexandermainhall	1
rome	1
blazing	1
suggested	1
modish	1
canadian	1
theoretically	1
lounged	1
despondent	1
apparently	1
howl	1
dryly	1
envelope	1
pacing	1
impact	1
agitation	1
lasted	1
enriched	1
toofor	1
tamer	1
youngevery	1
goldeneyed	1
cakes	1
hark	1
forces	1
member	1
dream	1
marking	1
release	1
injury	1
walford	1
sowing	1
goal	1
emerge	1
x	1
torture	1
conspicuously	1
gloomy	1
laburnums	1
admiration	1
villa	1
grimbrowed	1
outwitted	1
tightly	1
blights	1
dampness	1
consequences	1
fled	1
earnestly	1
blankly	1
tidewater	1
generationsand	1
continuous	1
ebbing	1
costly	1
feelings	1
firelight	1
difficult	1
career	1
strand	1
greeted	1
trappings	1
grave	1
tremulously	1
meanwhat	1
brimmed	1
nobleness	1
solid	1
hardships	1
privileges	1
rug	1
feed	1
smokecolored	1
closely	1
elsemore	1
criticism	1
anger	1
stirs	1
published	1
tricked	1
unsteadily	1
asunder	1
conducted	1
dangerously	1
folly	1
impertinent	1
treated	1
unchanged	1
moreover	1
soso	1
hitching	1
suffered	1
silvercolored	1
bears	1
demurely	1
consciously	1
provinces	1
trestles	1
trembles	1
dazzling	1
mirthful	1
harshest	1
docks	1
shreds	1
dollar	1
afford	1
rout	1
promising	1
abominable	1
ditches	1
rays	1
simpleton	1
introspective	1
writes	1
positively	1
distracting	1
mad	1
served	1
china	1
haunted	1
crashed	1
performance	1
depended	1
sounds	1
hated	1
lobby	1
balance	1
incurably	1
favorite	1
accosted	1
july	1
insolent	1
beard	1
colder	1
meaning	1
permitting	1
noise	1
nosehe	1
ash	1
bridgein	1
detect	1
stroked	1
hipswho	1
noisy	1
toe	1
smokingroom	1
department	1
etc	1
throws	1
rational	1
surmised	1
gratefully	1
paving	1
exaltation	1
pretended	1
proper	1
amid	1
terrible	1
lodgings	1
unlocked	1
carcass	1
roll	1
rested	1
grim	1
facing	1
service	1
workhorse	1
bedroom	1
veins	1
challenges	1
preferred	1
himthat	1
effort	1
designed	1
slightly	1
fighting	1
furlined	1
prediction	1
gentleman	1
behave	1
gait	1
readjusted	1
amusement	1
astonishment	1
frighten	1
excuses	1
canting	1
especially	1
rustle	1
watercress	1
impulse	1
magic	1
loses	1
smokingjacket	1
shawl	1
apprehensively	1
fortnight	1
god	1
irretrievable	1
remark	1
attitudes	1
martins	1
reckless	1
coals	1
christmases	1
lungs	1
tremble	1
robust	1
niggardly	1
tighter	1
troubles	1
raised	1
suffer	1
undiscovered	1
appeared	1
concern	1
handwriting	1
international	1
agassiz	1
figments	1
stalk	1
distrust	1
distinction	1
critics	1
imaginable	1
trifles	1
smooth	1
slip	1
idea	1
foretold	1
hammering	1
seeming	1
weakening	1
directed	1
fading	1
endeavors	1
interrupt	1
explanation	1
compression	1
noticing	1
blamed	1
duddies	1
diminish	1
approbation	1
hastings	1
owing	1
jacket	1
bus	1
treatedas	1
linger	1
travelstained	1
drooped	1
troubadour	1
complications	1
steady	1
circumvent	1
useful	1
tough	1
gossip	1
breathed	1
airing	1
flavor	1
curtly	1
successfulcan	1
desert	1
hardened	1
spots	1
stuff	1
bachelor	1
excuse	1
sole	1
blueprints	1
cattleship	1
archway	1
space	1
brass	1
choose	1
amply	1
noisesin	1
win	1
autumn	1
daysfolk	1
christmastime	1
hurts	1
wreaths	1
poking	1
foggy	1
gathering	1
vague	1
flatters	1
offset	1
tears	1
florid	1
tidiness	1
manycolored	1
recovering	1
challenged	1
freshness	1
pleadingly	1
snatched	1
cairoamong	1
field	1
presented	1
talks	1
spectacular	1
mikado	1
baskets	1
sightseers	1
lodging	1
poetry	1
profile	1
miserably	1
questioning	1
frankly	1
thatand	1
resolution	1
latchkey	1
duties	1
dining	1
propensity	1
prints	1
internal	1
lustre	1
competition	1
reminds	1
deadbut	1
prime	1
wire	1
america	1
rounds	1
marble	1
contract	1
unnaturally	1
lunched	1
rap	1
torpor	1
soles	1
loftiness	1
army	1
homely	1
pulsations	1
dashing	1
seven	1
mellowing	1
furiously	1
experience	1
intending	1
alighted	1
prattling	1
dense	1
revolving	1
latest	1
stalls	1
overcame	1
coatand	1
islands	1
wavering	1
ugliest	1
prolonged	1
abandonment	1
shoes	1
mothers	1
mantel	1
warning	1
frightfully	1
trails	1
rear	1
shivering	1
saybut	1
reveries	1
trembling	1
motioned	1
silly	1
norah	1
scores	1
tread	1
picking	1
fearless	1
stupidly	1
distinctly	1
discreet	1
strangest	1
newsboys	1
mere	1
aloud	1
crippled	1
iii	1
dusting	1
converse	1
demirep	1
shady	1
predicting	1
defiantly	1
heedinghard	1
move	1
surroundings	1
tu	1
restrain	1
thoroughly	1
slipper	1
murmur	1
adding	1
inspection	1
shriek	1
identityfeel	1
counting	1
delaying	1
comforts	1
size	1
unreasoning	1
neat	1
abed	1
bloodless	1
valet	1
stories	1
belonged	1
intervals	1
leash	1
noseglasses	1
concentrated	1
tenaciously	1
felicitations	1
circumstances	1
enterprise	1
seal	1
drops	1
whos	1
cigarettes	1
whispering	1
physical	1
flashing	1
garland	1
grafted	1
drays	1
shamefulness	1
screaming	1
quaint	1
dragging	1
saltiness	1
handorgans	1
glistening	1
coal	1
prosperity	1
harp	1
ignored	1
drying	1
parliament	1
undertaken	1
knee	1
remains	1
applauded	1
flickering	1
shakespeares	1
strongest	1
blackness	1
livingstone	1
properly	1
illegible	1
preoccupation	1
married	1
drifted	1
stormbeaten	1
breton	1
rushed	1
absorb	1
delights	1
cause	1
grandmother	1
convulsed	1
deste	1
blouses	1
unquiet	1
buried	1
quai	1
drop	1
throat	1
slid	1
attire	1
kindliness	1
chandelier	1
nests	1
prettiest	1
coffeepot	1
apprehension	1
touching	1
current	1
cellar	1
worse	1
deviations	1
withouta	1
smuggle	1
towpath	1
careless	1
stamping	1
frozen	1
responsibility	1
myselfi	1
stimuli	1
droop	1
scratched	1
skin	1
son	1
directory	1
tortures	1
