the	4469
and	3037
to	2261
a	1708
i	1653
of	1491
was	1431
in	1338
he	1117
her	1077
she	936
that	916
had	867
his	811
with	732
it	674
on	633
for	591
me	576
as	538
at	526
were	502
you	449
we	441
my	437
when	426
they	419
him	373
about	372
but	371
out	361
all	359
up	357
like	348
one	321
from	311
there	304
not	303
them	297
so	281
be	279
could	265
ántonia	264
said	258
have	254
would	252
if	240
over	235
their	233
little	230
down	226
nt	223
by	212
us	207
came	206
old	202
after	201
this	200
never	198
been	194
went	192
into	191
mrs	189
or	179
did	176
back	163
lena	160
see	160
who	159
got	158
always	155
no	151
come	150
is	145
long	144
which	140
our	140
go	138
made	135
some	134
home	133
very	133
what	131
much	131
an	129
grandmother	128
before	127
looked	126
house	126
now	126
country	123
than	120
good	119
away	118
while	117
used	117
how	117
time	116
told	116
black	114
get	113
then	113
know	107
man	107
seemed	105
day	105
do	105
any	103
more	102
shimerda	102
off	101
through	101
where	101
head	101
girls	101
under	101
“i	100
put	99
first	97
other	97
mr	97
harling	95
ambrosch	95
sat	93
dont	91
town	90
mother	90
two	90
people	90
took	89
jake	89
eyes	89
began	88
way	86
men	86
new	86
too	86
saw	85
night	84
only	83
knew	82
thought	81
make	81
are	81
here	80
going	80
those	77
grandfather	76
big	76
things	75
young	75
can	74
along	74
well	74
hawk	74
its	72
just	72
kept	71
jim	71
children	71
every	71
stood	70
boys	70
great	70
found	70
until	70
look	70
behind	70
your	69
work	68
even	67
right	67
left	66
face	65
own	65
tony	65
heard	64
morning	64
girl	64
take	63
something	63
must	62
felt	61
kitchen	61
again	60
asked	60
cutter	60
life	60
hard	60
shimerdas	60
think	59
still	59
many	58
boy	58
once	58
tell	57
hands	56
woman	56
white	56
enough	55
tiny	55
say	55
door	54
want	54
turned	54
ran	54
will	53
against	53
winter	53
hand	53
years	53
talk	52
red	52
brought	52
nothing	51
place	51
im	51
world	51
summer	50
anything	50
ever	50
father	50
last	49
such	49
often	48
three	48
seen	48
sun	48
open	47
otto	47
supper	46
gave	46
sometimes	46
afternoon	45
together	45
peter	45
hear	45
family	45
next	45
toward	45
everything	44
these	44
looking	44
fuchs	44
grass	44
liked	43
“you	43
though	42
each	42
remember	42
himself	41
warm	41
evening	41
has	41
dark	41
let	41
lived	40
room	40
wanted	40
road	40
run	39
aint	39
feet	39
without	39
poor	39
light	39
kind	39
because	39
farm	39
horses	39
across	38
burden	38
cold	38
hair	38
wont	38
help	38
gone	38
better	38
barn	37
lay	37
full	37
bed	36
another	36
bohemian	36
grew	36
prairie	36
far	35
school	35
sky	35
water	35
set	35
spoke	35
play	35
feel	35
walked	35
window	35
fine	34
myself	34
friends	34
ive	34
snow	34
might	34
frances	34
fields	34
upon	33
blue	33
money	33
same	33
neighbors	33
wife	33
brown	33
soon	33
talked	32
yellow	32
women	32
called	32
among	32
held	32
most	32
few	32
days	31
table	31
yulka	31
tried	31
coming	31
garden	31
cattle	31
between	31
clothes	31
wind	31
married	31
pretty	30
give	30
should	30
soft	30
spring	30
beside	30
nice	30
stove	30
thing	30
alone	30
front	30
floor	30
mind	30
happened	30
business	29
voice	29
live	29
shes	29
strong	29
older	29
glad	29
almost	29
done	29
moment	29
drove	29
bad	28
perhaps	28
pavel	28
early	28
around	28
baby	28
west	28
land	28
says	28
trees	27
whether	27
find	27
wagon	27
cut	27
short	27
times	27
“oh	27
watched	27
wore	27
cant	27
lingard	26
deep	26
else	26
name	26
high	26
being	26
windmill	26
sit	26
story	26
laughed	26
afraid	26
believe	26
guess	26
care	26
round	26
shoulder	25
hes	25
hat	25
ill	25
remembered	25
bring	25
anna	25
harlings	25
color	25
course	24
fellow	24
talking	24
word	24
tall	24
rode	24
tree	24
caught	24
heavy	24
sure	24
parlor	24
stay	24
end	24
leo	24
nina	24
christmas	24
keep	24
trying	23
“the	23
horse	23
ántonias	23
train	23
played	23
hot	23
matter	23
gold	23
north	23
youre	23
papa	23
since	23
nearly	23
dropped	23
meant	23
year	23
heart	22
stopped	22
feeling	22
ground	22
fathers	22
dead	22
arms	22
already	22
sunday	22
standing	22
krajiek	22
passed	22
corn	22
“he	22
ought	22
several	22
cow	22
taken	22
yet	22
rich	22
saturday	22
earth	22
english	22
forget	22
clear	22
hung	22
city	21
herself	21
sleep	21
deal	21
met	21
given	21
draw	21
ones	21
fell	21
whom	21
near	21
meet	21
gray	21
dinner	21
lost	21
shook	20
why	20
air	20
seem	20
dance	20
charley	20
norwegian	20
bank	20
hotel	20
church	20
followed	20
id	20
corner	20
watch	20
read	20
best	20
leave	20
bought	20
cutters	20
marry	20
mothers	20
jelinek	20
tent	20
worked	19
miles	19
making	19
paid	19
music	19
“but	19
known	19
opened	19
edge	19
body	19
grandmothers	19
yard	19
cave	19
pay	19
maybe	19
running	19
growing	19
crazy	19
loved	19
lenas	19
carried	19
rather	19
outside	19
sod	19
bright	19
walk	19
shut	19
sitting	19
laugh	19
wild	19
cook	19
six	19
softly	18
middle	18
“it	18
part	18
awful	18
whenever	18
broken	18
“if	18
cuzak	18
shot	18
fingers	18
dress	18
piano	18
saying	18
tired	18
book	18
pointed	18
quite	18
whispered	18
fall	18
dishes	18
stand	18
rose	18
hold	18
working	18
low	18
green	17
shoulders	17
youve	17
dog	17
milk	17
faces	17
river	17
having	17
drew	17
week	17
playing	17
except	17
rough	17
oclock	17
wooden	17
late	17
somehow	17
broke	17
ole	17
makes	17
coat	17
lincoln	17
wish	17
moved	17
quick	17
cap	17
easy	17
living	17
hole	17
mary	17
nights	16
expect	16
dollars	16
shed	16
threw	16
slowly	16
fresh	16
brother	16
hill	16
frozen	16
husband	16
telling	16
russian	16
learn	16
trouble	16
nebraska	16
legs	16
learned	16
close	16
nobody	16
drive	16
pulled	16
dances	16
heat	16
quiet	16
sort	16
neck	16
smell	16
smiled	16
ten	16
chair	15
presently	15
am	15
both	15
wall	15
gate	15
wheat	15
weeks	15
lifted	15
“yes	15
side	15
waiting	15
try	15
afterward	15
mans	15
youll	15
snake	15
covered	15
either	15
comfortable	15
thick	15
show	15
begin	15
during	15
“my	15
quietly	15
watching	15
sent	15
led	15
dressed	15
showed	15
reached	15
call	15
piece	15
whole	14
wide	14
getting	14
orchard	14
asleep	14
exactly	14
person	14
speak	14
ask	14
bread	14
straw	14
sledge	14
office	14
theres	14
jimmy	14
does	14
able	14
illustration	14
street	14
sound	14
became	14
mine	14
cornfields	14
bench	14
“and	14
different	14
daughter	14
fire	14
dancing	14
pond	14
roads	14
steavens	14
ride	14
ahead	14
bare	14
love	14
team	14
diningroom	14
others	13
pleased	13
hundred	13
tied	13
suddenly	13
certainly	13
anybody	13
virginia	13
grave	13
slipped	13
noticed	13
lying	13
child	13
“why	13
stories	13
“now	13
straight	13
anton	13
hed	13
sight	13
boots	13
sick	13
son	13
clean	13
cry	13
“what	13
priest	13
happy	13
wolves	13
fat	13
“well	13
fence	13
weather	13
stockings	13
eat	13
creek	13
cleric	13
themselves	13
gardener	13
interest	13
em	13
collar	13
silver	13
shadow	13
seat	13
four	13
beautiful	12
shoes	12
fond	12
idea	12
need	12
interested	12
decided	12
paper	12
bushes	12
wonder	12
started	12
understand	12
funny	12
spent	12
grow	12
streets	12
wrote	12
minute	12
struck	12
windows	12
german	12
mean	12
field	12
strange	12
turn	12
books	12
hedge	12
handsome	12
box	12
soderball	12
half	12
taking	12
laughing	12
everybody	12
babies	12
sunlight	12
stop	12
friendly	12
ears	12
killed	12
pleasant	12
real	12
murmured	12
“no	11
painted	11
singing	11
blind	11
rudolph	11
lantern	11
smart	11
fast	11
break	11
hall	11
forward	11
sighed	11
large	11
figure	11
darnault	11
proud	11
start	11
yards	11
reminded	11
towns	11
wire	11
miss	11
hunting	11
breakfast	11
stayed	11
lot	11
use	11
leaves	11
tone	11
dried	11
cornfield	11
lively	11
dogs	11
breath	11
itself	11
carry	11
usually	11
die	11
visit	11
glass	11
ready	11
thats	11
doing	11
widow	11
houses	11
god	11
eye	10
probably	10
later	10
shell	10
york	10
food	10
prayers	10
party	10
bottom	10
everywhere	10
arm	10
queer	10
settlement	10
memory	10
begun	10
beard	10
sprang	10
helped	10
gathered	10
ordinsky	10
driving	10
born	10
gun	10
lose	10
chicago	10
burning	10
picture	10
burned	10
“this	10
sides	10
soul	10
really	10
human	10
taught	10
ate	10
marek	10
comes	10
forgot	10
buried	10
added	10
months	10
shining	10
leaned	10
wages	10
letter	10
nodded	10
negro	10
settled	10
east	10
skin	10
seems	10
college	10
omaha	10
picked	10
hurt	10
manner	10
prince	10
empty	10
noon	10
storm	10
younger	9
discovered	9
smile	9
sense	9
pale	9
grandfathers	9
order	9
return	9
wonderful	9
teeth	9
“so	9
theyre	9
glanced	9
washed	9
beyond	9
corral	9
returned	9
slope	9
buy	9
bag	9
cheeks	9
chance	9
potatoes	9
natural	9
lighted	9
speech	9
folks	9
foot	9
trunk	9
doors	9
yourself	9
ago	9
gloves	9
faint	9
youd	9
five	9
south	9
blood	9
wedding	9
wick	9
shirt	9
coroner	9
feelings	9
upstairs	9
dear	9
crying	9
machine	9
listened	9
coffin	9
died	9
expression	9
marys	9
important	9
curly	9
“she	9
job	9
rain	9
downtown	9
heads	9
“its	9
bringing	9
send	9
knows	9
wait	9
carrying	9
sidewalk	9
washing	9
kissed	9
traveling	9
excitement	9
dry	9
account	9
reading	9
less	9
stronger	9
sister	9
touch	9
pony	9
shadows	9
begged	9
beer	9
dresses	9
lonesome	9
fairly	9
sally	9
hours	9
fortune	9
danish	9
excited	8
admitted	8
gardeners	8
expected	8
climbed	8
wished	8
flowers	8
managed	8
buffalo	8
lovely	8
apron	8
cross	8
ways	8
whose	8
sisters	8
lines	8
figures	8
change	8
inside	8
lamp	8
second	8
nose	8
village	8
unless	8
sudden	8
rows	8
smooth	8
company	8
gentlemen	8
cheerful	8
age	8
cotton	8
however	8
ear	8
language	8
hide	8
grain	8
farming	8
tongue	8
somewhere	8
oxen	8
entered	8
thomas	8
within	8
fur	8
words	8
exclaimed	8
mam	8
hanging	8
flat	8
throat	8
friend	8
explained	8
sorry	8
group	8
thin	8
shall	8
vannis	8
hoped	8
sand	8
scarcely	8
struggle	8
changed	8
terrible	8
surprised	8
silence	8
offered	8
pictures	8
save	8
sittingroom	8
postoffice	8
silk	8
chairs	8
sold	8
practice	8
declared	8
none	8
wearing	8
“maybe	8
hour	8
familiar	8
cellar	8
frame	7
cloth	7
sad	7
overcoat	7
leaving	7
farmer	7
crossing	7
scene	7
farmers	7
promise	7
wherever	7
direction	7
luck	7
anxiously	7
peered	7
porch	7
wants	7
helping	7
brothers	7
rooms	7
roof	7
gay	7
conductor	7
behavior	7
success	7
branches	7
believed	7
tools	7
mouth	7
putting	7
lots	7
“youll	7
busy	7
apart	7
shaggy	7
pink	7
ploughed	7
stuck	7
trip	7
nor	7
gaston	7
stiff	7
western	7
chores	7
distance	7
wet	7
mountain	7
merely	7
wagons	7
wrong	7
twenty	7
directly	7
curious	7
clouds	7
size	7
walls	7
pole	7
rabbits	7
simple	7
ours	7
past	7
furniture	7
starting	7
tomorrow	7
path	7
basement	7
thus	7
places	7
resting	7
hardly	7
bride	7
club	7
county	7
johnnie	7
“im	7
“they	7
disappeared	7
pin	7
usual	7
sharp	7
leg	7
lips	7
suppose	7
chickens	7
service	7
“we	7
moon	7
plenty	7
realized	7
russians	7
fed	7
hurried	7
elder	7
hated	7
march	7
above	7
tears	7
scared	7
forest	7
circle	7
trade	7
laundry	7
thinks	7
striped	7
ring	7
“then	7
arrived	7
theater	7
larry	7
closed	7
crossed	7
pride	7
“there	7
danced	7
admired	7
badger	7
kansas	7
marguerite	7
“that	7
fellows	7
fact	7
grooms	7
wash	7
mama	7
shop	7
willow	7
pig	7
rest	7
quarter	7
relatives	7
dull	7
lesson	7
lingered	7
answer	7
drawside	7
peters	7
likely	7
hens	7
game	7
calm	7
troubled	7
camp	7
grandparents	7
spade	7
brilliant	7
hid	7
shouted	7
journey	7
pasture	7
thinking	7
bohemians	7
farther	7
possible	7
knock	7
placed	7
pleasure	7
denver	7
personal	6
breaking	6
jolly	6
ambroschs	6
whisper	6
linger	6
touched	6
belt	6
moving	6
jakes	6
handkerchief	6
steps	6
lace	6
youth	6
ottos	6
chris	6
lives	6
velvet	6
iii	6
elders	6
interesting	6
barefooted	6
wear	6
candy	6
shouting	6
teacher	6
“how	6
takes	6
spite	6
insisted	6
grown	6
cautiously	6
woods	6
jan	6
hired	6
tramp	6
shawl	6
folded	6
stick	6
fight	6
class	6
wondered	6
husbands	6
desk	6
wakened	6
death	6
considered	6
carefully	6
catch	6
bedroom	6
somebody	6
knees	6
pipe	6
bushy	6
underground	6
delighted	6
“for	6
ice	6
groom	6
popcorn	6
dust	6
presents	6
abroad	6
fit	6
anyhow	6
“ive	6
poetry	6
autumn	6
tight	6
cat	6
norwegians	6
flashed	6
promised	6
moonlight	6
ceiling	6
ploughing	6
longer	6
shabby	6
easily	6
“was	6
fifty	6
credit	6
laid	6
thank	6
please	6
silent	6
panting	6
doctor	6
homestead	6
ii	6
china	6
cried	6
crowd	6
whats	6
approached	6
oldest	6
depot	6
martha	6
adventure	6
embarrassed	6
wound	6
bitter	6
chest	6
james	6
cake	6
afternoons	6
stuffed	6
“jim	6
top	6
sailors	6
belief	6
ugly	6
stairs	6
saved	6
donovan	6
leaning	6
teach	6
dig	6
simply	6
tonys	6
small	6
letters	6
blowing	6
apparently	6
underneath	6
pieces	6
bluffs	6
narrow	6
kiss	6
bore	6
slept	6
free	6
cottonwood	6
calling	6
foolish	6
melons	6
samson	6
quickly	6
sweet	6
goes	6
twelve	6
bohemia	6
names	6
build	6
schoolhouse	6
eagerly	6
plush	6
attention	6
walking	6
fixed	6
filled	6
sundays	6
sheltered	6
throw	6
sewing	6
surely	6
unusual	6
boat	6
feathers	6
harvest	6
subject	6
spirit	6
pastures	6
“mrs	6
hang	6
“have	6
thrashing	6
looks	6
curiously	6
squaw	6
nearer	6
ashamed	6
behaved	6
anywhere	6
built	6
mountains	6
law	6
visitor	5
advice	5
ruddy	5
commencement	5
lapp	5
tucked	5
case	5
torn	5
railway	5
“people	5
month	5
missed	5
agreed	5
sack	5
foreigners	5
state	5
basket	5
sledges	5
dude	5
crushed	5
pushed	5
secret	5
flying	5
fitted	5
remarked	5
rested	5
roll	5
musical	5
sending	5
herd	5
beating	5
wood	5
log	5
slow	5
become	5
scattered	5
hope	5
spread	5
flour	5
holding	5
tonight	5
quarreled	5
assured	5
lessons	5
drying	5
forgotten	5
marriage	5
bitterly	5
beds	5
thrown	5
angry	5
occasional	5
midnight	5
tin	5
persuaded	5
wed	5
conditions	5
shelves	5
excitedly	5
whispering	5
clearly	5
animals	5
shone	5
power	5
true	5
birds	5
wool	5
glancing	5
remarkable	5
carpet	5
lazy	5
drawn	5
satisfied	5
delivery	5
taffy	5
sunk	5
quit	5
presence	5
highschool	5
finger	5
sea	5
violin	5
bit	5
riding	5
drink	5
“dont	5
bottles	5
bold	5
hunt	5
cuzaks	5
necessary	5
raleigh	5
although	5
spare	5
iron	5
daughters	5
pocket	5
certain	5
scratched	5
animal	5
bath	5
seated	5
health	5
replied	5
dream	5
knocked	5
rooster	5
lights	5
yes	5
reach	5
hate	5
shallow	5
vienna	5
news	5
step	5
flower	5
snatched	5
skirt	5
motion	5
lip	5
clung	5
atmosphere	5
instead	5
cheap	5
plough	5
burdens	5
stairway	5
sunset	5
oh	5
july	5
nellie	5
frightened	5
russia	5
countenance	5
season	5
seriously	5
twisted	5
station	5
remained	5
iv	5
restless	5
influence	5
glittering	5
move	5
separated	5
keys	5
badly	5
pockets	5
join	5
listen	5
nearest	5
trunks	5
toes	5
accompanied	5
belonged	5
sang	5
sing	5
latin	5
pigs	5
suit	5
arranged	5
indeed	5
whatever	5
store	5
soldiers	5
stepped	5
bent	5
cup	5
due	5
m	5
drugstore	5
pull	5
patch	5
comfort	5
peace	5
colored	5
discouraged	5
feed	5
taste	5
kindly	5
steers	5
raise	5
rolling	5
foreign	5
anxious	5
passenger	5
till	5
sunny	5
saloon	5
breeze	5
kirkpatrick	5
railroad	5
coffee	5
sunflower	5
cousin	5
experience	5
worn	5
reason	5
smoke	5
“a	5
wondering	5
utter	5
disturbed	5
waltz	5
drank	5
neighbor	5
shade	5
stable	5
tops	5
cities	5
sank	5
sale	5
papers	5
immediately	5
traveled	5
curled	5
brow	5
neither	5
‘the	5
willing	5
jealous	5
surrounded	5
conscious	5
boards	5
colonel	5
geese	5
voices	5
below	5
sometime	5
position	5
axe	5
building	5
evenings	5
rosy	5
cooking	5
note	5
rope	5
crouching	5
owls	5
“your	5
glance	5
bowed	5
homesick	5
rabbitskin	5
happen	5
gravel	5
“thats	5
owl	5
follow	4
claim	4
shape	4
piles	4
occurred	4
countries	4
distant	4
gets	4
kolaches	4
disappointed	4
flushed	4
bucket	4
introduced	4
serious	4
awoke	4
preacher	4
varville	4
opera	4
fifteen	4
choose	4
woolen	4
written	4
hundreds	4
cucumbers	4
awake	4
sticking	4
laughter	4
higher	4
womenfolk	4
respect	4
object	4
smoked	4
workroom	4
explain	4
gathering	4
kid	4
marshalls	4
block	4
chickenhouse	4
grandpa	4
jacket	4
rains	4
armand	4
questions	4
brick	4
turning	4
evidently	4
huddled	4
molly	4
soap	4
perfectly	4
sullen	4
pot	4
“where	4
photographs	4
intelligent	4
keeping	4
star	4
lies	4
prayer	4
smelled	4
advised	4
mustache	4
today	4
“in	4
characters	4
rat	4
theaters	4
curved	4
bones	4
plantation	4
guests	4
stream	4
passages	4
“all	4
direct	4
sunflowers	4
pile	4
miserable	4
firemens	4
“shes	4
peculiar	4
rubbing	4
spot	4
butter	4
blankets	4
glances	4
elbow	4
space	4
cowboy	4
agreeable	4
christian	4
entreated	4
knitting	4
classes	4
dollar	4
satisfaction	4
eggs	4
indians	4
recognize	4
stir	4
split	4
lifting	4
costume	4
express	4
aloud	4
ducks	4
sons	4
virgil	4
planted	4
content	4
blooming	4
chicken	4
swedes	4
difference	4
spots	4
shake	4
jumped	4
happiest	4
notes	4
postmaster	4
italy	4
gentle	4
ease	4
carpets	4
“youve	4
finally	4
“is	4
dogtown	4
future	4
songs	4
admire	4
drifted	4
panted	4
warmth	4
sunshine	4
treetops	4
answered	4
freedom	4
plates	4
digging	4
kawntree	4
crowded	4
eight	4
reins	4
kill	4
appeared	4
horizon	4
mixed	4
scandinavian	4
murder	4
rabbit	4
sheets	4
alive	4
belong	4
cheerfully	4
buggy	4
shrewd	4
wifes	4
mill	4
larger	4
bark	4
write	4
upland	4
coyotes	4
elbows	4
weddings	4
lake	4
visitors	4
may	4
roots	4
pans	4
grazing	4
barns	4
falling	4
recognized	4
forth	4
severe	4
grove	4
tossed	4
favorite	4
thousand	4
hurry	4
borrow	4
dragged	4
san	4
altogether	4
wiped	4
miners	4
agent	4
francisco	4
graveyard	4
chocolate	4
humor	4
april	4
livery	4
brushed	4
tie	4
wrung	4
knowledge	4
pick	4
easter	4
sell	4
farms	4
perspiration	4
dugout	4
ticket	4
teasingly	4
fences	4
bigger	4
horseback	4
sir	4
likes	4
worth	4
socks	4
manager	4
storeroom	4
“look	4
swedish	4
linen	4
disposition	4
tables	4
teachers	4
rattled	4
fruit	4
beat	4
fashion	4
wrapped	4
“not	4
fear	4
stubble	4
logs	4
summers	4
iverson	4
fish	4
wrinkled	4
collection	4
plant	4
opposite	4
household	4
shavings	4
“ántonia	4
moments	4
slipping	4
rush	4
bill	4
finished	4
habit	4
bridge	4
fighting	4
stool	4
view	4
nest	4
understood	4
tramped	4
minutes	4
dressmaker	4
general	4
means	4
christ	4
paused	4
severely	4
listening	4
ash	4
gravely	4
bell	4
university	4
monday	4
solid	4
torment	4
mournful	4
third	4
page	4
“to	4
swollen	4
stretched	4
seeing	4
lamplight	4
june	4
silvery	4
devil	4
pair	4
doubt	4
ripe	4
beneath	4
vines	4
ladies	4
coats	4
dying	4
docile	4
driver	4
chat	4
presented	4
cakes	4
fair	4
hay	4
ninas	4
ox	4
baked	4
slippers	4
sylvester	4
measure	4
draws	4
lord	4
noises	4
movement	4
strained	4
bear	4
windy	4
heels	4
bands	4
sweetheart	4
moneylender	4
pointing	4
point	4
stirred	4
remark	4
grand	4
grassy	4
bound	4
slanting	4
dew	4
treated	4
wanting	4
stars	4
muddy	4
shelf	4
clerics	4
plains	4
“very	4
lift	4
swell	4
behave	4
violent	4
joined	4
“hes	4
suggested	4
ragged	4
sew	4
fault	4
chin	4
concluded	4
poured	4
trousers	4
crack	4
loud	4
harness	4
lately	4
trains	4
neatly	4
rear	4
needed	4
market	4
lunch	4
announced	4
refused	4
eager	4
blossoms	4
treat	4
crop	4
noise	4
gossip	4
holes	4
debt	4
trained	4
cows	4
worse	4
pillows	4
indulgently	4
cornknife	4
respected	4
pavels	4
dreams	4
physical	4
steady	4
apples	4
particular	4
level	4
actress	4
wheel	4
golden	3
flush	3
plump	3
memories	3
materials	3
overlooked	3
island	3
“just	3
spirits	3
“id	3
unfortunate	3
owe	3
dazzling	3
mamenka	3
contented	3
forgive	3
lashes	3
studying	3
rattlesnakes	3
war	3
hearing	3
sugar	3
grinned	3
capital	3
whiskers	3
estate	3
sheet	3
rusty	3
measured	3
detail	3
unexpected	3
tatinek	3
acted	3
repeated	3
melancholy	3
besides	3
prayed	3
sandy	3
frost	3
dim	3
muscles	3
produced	3
winding	3
count	3
strongly	3
flattered	3
landlord	3
keeps	3
kitten	3
complete	3
naturally	3
shoot	3
intention	3
meeting	3
underclothes	3
ideas	3
packed	3
bundled	3
furrow	3
offering	3
cracked	3
sailor	3
waited	3
firmly	3
poet	3
dive	3
fleece	3
mild	3
practiced	3
suggestion	3
trailed	3
studied	3
partners	3
domestic	3
thanked	3
engaging	3
bulls	3
yulkas	3
dismissed	3
drifts	3
“traviata	3
opportunity	3
steer	3
barrel	3
bunch	3
julia	3
awhile	3
conversation	3
frosty	3
starlight	3
experiences	3
harm	3
handles	3
folds	3
trampled	3
heartily	3
stretch	3
pattern	3
alarmed	3
humble	3
bake	3
wintry	3
knelt	3
fist	3
splendid	3
surveyed	3
‘and	3
upper	3
gingham	3
earthy	3
line	3
machinery	3
trick	3
cart	3
norway	3
blond	3
strings	3
coral	3
developed	3
charge	3
idle	3
worldly	3
cough	3
bushys	3
dolls	3
supposed	3
master	3
caps	3
rattler	3
austria	3
indifference	3
violently	3
amused	3
laundryman	3
dusty	3
american	3
constant	3
plain	3
comforter	3
plunged	3
concert	3
homeward	3
slap	3
curiosity	3
ocean	3
weve	3
clock	3
bury	3
nineteen	3
rocking	3
advanced	3
blew	3
stared	3
pies	3
august	3
farmyard	3
mend	3
reckon	3
rage	3
strike	3
vacant	3
slender	3
studious	3
æneid	3
stalks	3
pinched	3
leather	3
hidden	3
highheeled	3
apartment	3
mail	3
emerged	3
roses	3
colorado	3
ferocious	3
knitted	3
meaning	3
anyway	3
dusky	3
misfortune	3
interests	3
encounter	3
trips	3
rolled	3
banks	3
desires	3
beads	3
square	3
advantage	3
trusting	3
rapidly	3
gelding	3
phrases	3
sickness	3
stripped	3
climb	3
parts	3
absolutely	3
crept	3
missionary	3
poverty	3
battered	3
beast	3
special	3
eaves	3
“come	3
poles	3
freshly	3
engaged	3
yap	3
klondike	3
stole	3
“some	3
“wed	3
lightning	3
imagine	3
center	3
slid	3
herding	3
desperate	3
scholar	3
zest	3
warning	3
lucie	3
becoming	3
trembled	3
affairs	3
‘i	3
moody	3
examining	3
austrian	3
anson	3
neighborhood	3
shopping	3
nervous	3
enjoying	3
pump	3
character	3
lightness	3
distracted	3
disconcerted	3
crowding	3
match	3
conceited	3
blown	3
adventurous	3
continued	3
pray	3
sharply	3
teasing	3
especially	3
dough	3
twentyfour	3
sacrament	3
strain	3
cheek	3
knowing	3
wandering	3
shrieked	3
range	3
card	3
formal	3
fiddle	3
gingerbread	3
reckless	3
seattle	3
arrival	3
apple	3
strength	3
borrowed	3
grasses	3
shapely	3
stump	3
sloped	3
strangers	3
ravine	3
damp	3
smoothed	3
youngsters	3
hood	3
baking	3
lingards	3
sternly	3
silently	3
yours	3
slightly	3
escape	3
rang	3
enthusiasm	3
hymn	3
fairy	3
confidence	3
vest	3
string	3
rattlers	3
benson	3
chuckling	3
fright	3
practicing	3
drops	3
bony	3
sore	3
engraved	3
hoofs	3
glimpse	3
lariat	3
delight	3
regular	3
question	3
beginning	3
hauled	3
naked	3
illness	3
chap	3
curtains	3
raised	3
following	3
swede	3
car	3
gently	3
hit	3
tower	3
frowned	3
spanish	3
gesture	3
tricks	3
information	3
sour	3
inheritance	3
stalk	3
“big	3
instrument	3
barely	3
dashing	3
closer	3
immigrant	3
superstition	3
translated	3
hastings	3
shivered	3
sees	3
tawny	3
ponds	3
waves	3
nests	3
kings	3
photograph	3
grizzled	3
nevertheless	3
troubles	3
faith	3
force	3
oilcloth	3
purple	3
single	3
ache	3
bending	3
effect	3
song	3
actresses	3
cedars	3
cool	3
heed	3
questioned	3
wyoming	3
rise	3
sensitive	3
ashes	3
faded	3
entrance	3
hangs	3
“hello	3
greeted	3
v	3
innocent	3
spend	3
stout	3
popular	3
opinions	3
farmhands	3
plum	3
abruptly	3
muse	3
trim	3
hillside	3
astonished	3
plan	3
lightly	3
passage	3
chapter	3
acres	3
changing	3
indignant	3
sorghum	3
granted	3
platform	3
peoples	3
lover	3
insect	3
precious	3
control	3
lit	3
bohemie	3
closeclipped	3
accented	3
exhausted	3
shocking	3
earnest	3
euchre	3
“lena	3
velvety	3
marked	3
buttons	3
scream	3
legal	3
cabin	3
bleeding	3
fists	3
ourselves	3
dimpled	3
retreat	3
“when	3
wing	3
anger	3
custom	3
indoors	3
housekeeping	3
secretly	3
snowstorm	3
frank	3
“home	3
rubbed	3
enjoy	3
disturb	3
act	3
nick	3
bundles	3
mounted	3
thaw	3
sunbonnet	3
fly	3
finish	3
pass	3
manage	3
drop	3
pitchfork	3
awkward	3
icy	3
shore	3
mushrooms	3
cedar	3
pumpkins	3
bottle	3
tumbled	3
birthday	3
rising	3
lovett	3
daring	3
cane	3
couple	3
december	3
streams	3
sentence	3
lawyer	3
settlers	3
waking	3
travel	3
picnic	3
“poor	3
tunnel	3
judge	3
rye	3
chirp	3
nanine	3
tripping	3
officers	3
heaven	3
affection	3
plastered	3
“are	3
patches	3
admiration	3
bloom	3
allowed	3
calls	3
nightgown	3
copper	3
judgment	3
guarded	3
goodbye	3
warmly	3
pity	3
dug	3
blade	3
harvard	3
instinct	3
loose	3
shawls	3
oak	3
nodding	3
seldom	3
melon	3
feeble	3
demanded	3
board	3
waving	3
foliage	3
hesitate	3
pavilion	3
dressmaking	3
seeds	3
shady	3
hansen	3
bashful	3
giggling	3
windings	3
turns	3
formed	3
evil	3
silly	3
darkness	3
haystacks	3
chuckled	3
raced	3
families	3
energetic	3
impression	3
creatures	3
amusement	3
cannot	3
safe	3
barefoot	3
dignity	3
waved	3
highly	3
‘my	3
provisions	3
childhood	3
fill	3
skirts	3
gophers	3
steam	3
porches	3
airs	3
heavens	3
students	3
electric	3
nightfall	3
canvas	3
cottonwoods	3
livingroom	3
raw	3
groves	3
patted	3
mile	3
scar	3
glow	3
sleigh	3
realize	3
chased	3
dusak	3
bachelor	3
understanding	3
“ill	3
washtub	3
handkerchiefs	3
utmost	3
skins	3
hungry	3
images	3
iowa	3
drivers	3
signs	3
surface	3
emmaline	3
mistake	3
packing	3
features	3
overtook	3
settle	3
tale	3
equal	3
peeped	3
perfume	3
persisted	3
hell	3
bird	3
spending	3
hawks	3
curtain	3
whiteness	3
shaking	3
misery	3
america	3
grinning	3
marpole	3
prettier	3
suicide	3
sewed	3
admiringly	3
ironed	3
holiday	3
sleeves	3
wilber	3
stooped	3
present	3
alike	3
clump	3
breakfasted	3
elm	3
lap	3
modest	3
missouri	3
eldest	3
mutilated	3
creature	3
oranges	3
mistaken	3
tease	3
thoughtfully	3
indignantly	3
stranger	3
incessantly	3
impulsive	3
haymow	3
waymore	3
edges	3
overturned	3
snakes	2
closing	2
image	2
fetch	2
purpose	2
consciousness	2
blacklisted	2
oil	2
clients	2
metal	2
protested	2
exultation	2
clumsy	2
mush	2
hoping	2
partition	2
flew	2
candles	2
sinking	2
wagonseat	2
fortunate	2
intonation	2
clerk	2
outofdoor	2
searchingly	2
“s	2
b	2
scantily	2
brain	2
flames	2
marshall	2
travelers	2
dialogue	2
surly	2
pine	2
gurgling	2
casual	2
jobs	2
astonishment	2
dreaded	2
hata	2
newspaper	2
fugit	2
wander	2
secure	2
exploring	2
entering	2
hearty	2
selling	2
shown	2
savage	2
afterwards	2
swept	2
thoughts	2
doorway	2
groups	2
pneumonia	2
considerable	2
branch	2
thatch	2
planting	2
tableful	2
ability	2
conception	2
wave	2
parted	2
slapped	2
ix	2
cultivation	2
“get	2
orchards	2
ancient	2
shrill	2
lonesomeness	2
willy	2
bitten	2
gods	2
rivers	2
breathless	2
frail	2
lured	2
cherry	2
handed	2
roofs	2
stake	2
planks	2
“at	2
swift	2
staring	2
selected	2
faintly	2
changes	2
friday	2
related	2
chalk	2
jolted	2
canaries	2
divided	2
famous	2
itll	2
helpful	2
chips	2
completely	2
slide	2
caredfor	2
whine	2
flowing	2
necktie	2
trickling	2
drownd	2
successful	2
spruce	2
skepticism	2
salmon	2
pecking	2
encouraged	2
indian	2
afflicted	2
winters	2
orders	2
orderly	2
“hired	2
singular	2
tragic	2
delightedly	2
ardent	2
wheels	2
sighing	2
buggyriding	2
forever	2
snows	2
happens	2
preferences	2
tallow	2
answering	2
squawking	2
freshet	2
sadly	2
cries	2
title	2
earlier	2
energy	2
earn	2
behaving	2
decent	2
krajieks	2
escaped	2
emptied	2
oats	2
‘youll	2
plums	2
swiss	2
term	2
petted	2
concerned	2
crisis	2
hind	2
sleepy	2
wildlooking	2
enter	2
pressed	2
carpenters	2
senses	2
forehead	2
race	2
sunburned	2
awkwardly	2
worlds	2
stoves	2
glove	2
cleaning	2
pioneer	2
signed	2
briskly	2
kentucky	2
oven	2
loaves	2
situation	2
satin	2
workteam	2
ploughs	2
clenched	2
“law	2
vacation	2
happiness	2
prices	2
worried	2
pillow	2
palest	2
st	2
cigarstand	2
violinteacher	2
pistol	2
forms	2
southwest	2
grumbled	2
regarded	2
disappearing	2
uplands	2
apprenticed	2
habitual	2
cream	2
obscure	2
powder	2
midday	2
rhythm	2
butcher	2
pinkish	2
knit	2
also	2
collecting	2
efforts	2
dominoes	2
invested	2
named	2
alarm	2
duval	2
mulberry	2
tubs	2
flakes	2
agreement	2
skilled	2
swung	2
inch	2
heap	2
speaking	2
“sometimes	2
boastful	2
complaining	2
conventional	2
terms	2
scare	2
melodies	2
xii	2
“can	2
awfully	2
wax	2
restrained	2
cupboard	2
violet	2
portfolio	2
rate	2
stacks	2
oaks	2
lunches	2
guns	2
distinction	2
vasak	2
sidewalks	2
footsteps	2
amusing	2
shaved	2
scolding	2
dirty	2
horizontal	2
package	2
darted	2
acquired	2
saturdays	2
terraces	2
companionship	2
curling	2
actually	2
smaller	2
frankly	2
enclosure	2
crackling	2
hardware	2
coppery	2
playful	2
minstrel	2
dignified	2
garments	2
selma	2
walnut	2
tipped	2
rattles	2
pack	2
whistle	2
proper	2
whirling	2
faced	2
wake	2
twice	2
“jesse	2
crude	2
decidedly	2
dante	2
reported	2
rented	2
passengers	2
roadsides	2
purring	2
compromise	2
clambered	2
turkey	2
annapolis	2
gash	2
parties	2
thrashers	2
attitude	2
flickered	2
ceremoniously	2
‘if	2
polish	2
squashes	2
fixy	2
screamed	2
breast	2
brushing	2
remain	2
layed	2
jaunty	2
blizzard	2
colts	2
mental	2
shrug	2
oldfashioned	2
mastiff	2
double	2
roomy	2
price	2
allow	2
curl	2
slip	2
landscape	2
“nobles	2
explanations	2
apparent	2
band	2
squatted	2
recognition	2
lent	2
screaming	2
dumas	2
occur	2
archly	2
drinking	2
crops	2
cashmere	2
irongray	2
mood	2
mortgages	2
heaped	2
womans	2
oration	2
lady	2
landed	2
tunes	2
french	2
beasts	2
smoothly	2
bears	2
wept	2
mud	2
somewhat	2
cobs	2
heavily	2
conductors	2
blandly	2
hamper	2
sundown	2
cabinetmaker	2
cookies	2
horribly	2
quickened	2
droll	2
dozens	2
disc	2
wandered	2
georgics	2
cent	2
exertion	2
thud	2
blacks	2
revived	2
nasty	2
“stop	2
gusts	2
iceman	2
yukon	2
unusually	2
rats	2
hedges	2
dressing	2
ardor	2
goods	2
principal	2
ridge	2
giggles	2
tenant	2
narrowly	2
steep	2
marthas	2
dentist	2
enclosed	2
crooked	2
hysterical	2
inevitable	2
decorum	2
bonus	2
gravity	2
responsive	2
truth	2
lawyers	2
shovel	2
examined	2
doubling	2
blissful	2
cookstove	2
webbed	2
growth	2
survived	2
gayly	2
planed	2
husky	2
shocks	2
annoyed	2
apologetically	2
awe	2
mode	2
wilderness	2
legend	2
claims	2
pupils	2
vain	2
relief	2
endurance	2
crashing	2
ingenuousness	2
services	2
factory	2
merchant	2
noticeable	2
wheeze	2
worst	2
contemptuous	2
solemn	2
chaff	2
uttered	2
dawson	2
goodness	2
tattoos	2
twinkling	2
spoon	2
prima	2
climbing	2
steavenss	2
thunder	2
flimsy	2
screen	2
hunted	2
generally	2
races	2
winds	2
lawn	2
exclaiming	2
shine	2
humorous	2
horrified	2
thicket	2
wishing	2
luminous	2
pages	2
tuned	2
whoever	2
feels	2
“weve	2
strode	2
halfear	2
eyelids	2
baritone	2
hauling	2
protecting	2
eleven	2
mirror	2
fuss	2
offended	2
strip	2
effort	2
editor	2
“‘mrs	2
veils	2
loveliness	2
gazing	2
pawed	2
nimble	2
awakened	2
sacking	2
ends	2
fever	2
warming	2
berries	2
exhibition	2
plans	2
stagedriver	2
companion	2
clay	2
ridiculed	2
wheelbarrow	2
screens	2
sultry	2
jumping	2
occupation	2
nightshirt	2
determined	2
spine	2
coolness	2
“sure	2
writing	2
evergreens	2
flowery	2
glimmer	2
marching	2
stage	2
nurse	2
disappear	2
threads	2
xi	2
chinese	2
humming	2
plainly	2
hopefully	2
thomass	2
chop	2
gambler	2
stroked	2
waste	2
suited	2
retire	2
spurs	2
“keeps	2
“did	2
stewardess	2
mad	2
form	2
length	2
preserve	2
somebodys	2
sounds	2
remorse	2
darker	2
blazing	2
tender	2
voyage	2
flies	2
canto	2
agoing	2
tempted	2
‘dont	2
insist	2
burst	2
sandbars	2
maple	2
overgrown	2
whitney	2
difficulty	2
telegrapher	2
downstairs	2
mention	2
listless	2
exchange	2
henhouse	2
rapid	2
greet	2
freshman	2
dreadful	2
mistress	2
closet	2
decide	2
smothered	2
disappointments	2
spreading	2
whirled	2
harder	2
hunker	2
rocky	2
abominable	2
trigger	2
fervor	2
smiling	2
husk	2
grimly	2
impetuously	2
eve	2
trifle	2
suspected	2
hurrying	2
consult	2
“good	2
tapped	2
loath	2
coils	2
crown	2
swim	2
stalwart	2
row	2
hammered	2
fancy	2
meat	2
“got	2
bohunk	2
preparing	2
inflated	2
joke	2
angels	2
shuffled	2
comb	2
lumber	2
haughtily	2
occupied	2
umbrella	2
teakettle	2
whither	2
clutched	2
scurried	2
orchestra	2
kick	2
springs	2
mottled	2
ignorant	2
useless	2
mourned	2
photographers	2
overcome	2
clothing	2
veteran	2
unprotected	2
cornered	2
scraped	2
miracle	2
shivering	2
clasped	2
candid	2
feathered	2
wistfully	2
depressing	2
clapped	2
galloping	2
wilds	2
tossing	2
purgatory	2
tastes	2
picking	2
fourth	2
vegetables	2
brows	2
manners	2
fix	2
sooner	2
dare	2
stupid	2
soil	2
solitary	2
wolfskin	2
chief	2
friendship	2
comment	2
thousands	2
grouped	2
tramping	2
prague	2
movements	2
congregation	2
fingertips	2
bits	2
dreary	2
frankness	2
sobbed	2
confronted	2
sweeping	2
buxom	2
complaints	2
toe	2
winked	2
engage	2
robes	2
mice	2
howl	2
lodginghouse	2
blow	2
larks	2
reluctantly	2
nature	2
oreilly	2
chill	2
bald	2
wonderfully	2
“blue	2
“mr	2
auction	2
devices	2
prefer	2
fling	2
sword	2
spoken	2
couch	2
avoided	2
confiding	2
delicate	2
restlessness	2
drakes	2
beings	2
pushing	2
hesitated	2
pumpkin	2
exhibit	2
alcohol	2
drama	2
dragging	2
chiefly	2
lilacs	2
determination	2
mentioned	2
entirely	2
“of	2
earnestly	2
distinctly	2
harassed	2
handle	2
fussy	2
blues	2
examinations	2
particularly	2
patient	2
bar	2
plot	2
thirty	2
fourteen	2
sigh	2
sweets	2
deliberate	2
sofas	2
recess	2
juice	2
“after	2
pace	2
encouragingly	2
viii	2
dozen	2
owned	2
property	2
boxes	2
reputation	2
buttoned	2
pretended	2
unfinished	2
“molly	2
forgetting	2
ministers	2
asking	2
progressive	2
sly	2
halfburied	2
twilight	2
ship	2
native	2
breathing	2
hideous	2
connections	2
eventually	2
kindled	2
peering	2
quarrel	2
study	2
civil	2
romantic	2
sleeper	2
rushing	2
ages	2
bees	2
guide	2
dugouts	2
wagonbox	2
therell	2
bags	2
sticky	2
hugging	2
yesterday	2
“worked	2
“yulka	2
protected	2
tales	2
icecream	2
seed	2
flung	2
lanterns	2
schoolmates	2
london	2
parents	2
oilclothcovered	2
heroic	2
freight	2
tray	2
“‘oh	2
churches	2
appreciate	2
received	2
playthings	2
january	2
naïve	2
apt	2
reasonable	2
swelling	2
confidently	2
chain	2
sackful	2
circumstances	2
hurts	2
irresponsible	2
slight	2
stuff	2
papery	2
beauty	2
narrative	2
lower	2
joints	2
“does	2
contain	2
tightly	2
impossible	2
poorly	2
trembling	2
catholic	2
sagging	2
groaning	2
perfect	2
beckoned	2
bite	2
disputing	2
masonic	2
dispute	2
triumphantly	2
farmhouse	2
fool	2
arrange	2
chattering	2
mere	2
gratitude	2
asylum	2
froze	2
merchants	2
boston	2
vanni	2
dislikes	2
cigarette	2
showing	2
renewed	2
vi	2
keen	2
vegetable	2
handled	2
closecropped	2
scenes	2
pickles	2
goin	2
cinders	2
gift	2
suppers	2
lurking	2
jealously	2
member	2
sixteen	2
anecdotes	2
dancers	2
detested	2
mellow	2
clods	2
descended	2
rockingchair	2
intelligence	2
condition	2
reassured	2
least	2
classroom	2
“miss	2
catching	2
manly	2
screeching	2
joyfully	2
hoohoo	2
hats	2
coast	2
paths	2
runs	2
article	2
thorny	2
fairskinned	2
coronado	2
liquid	2
bin	2
tune	2
monkey	2
cherries	2
canned	2
sofa	2
biggest	2
paine	2
“jimmy	2
obedient	2
sausage	2
xiii	2
joe	2
horrible	2
stimulating	2
ball	2
questioning	2
playground	2
delightful	2
cents	2
crocheting	2
duckfords	2
neckcloth	2
saddlebags	2
puffs	2
waters	2
hers	2
theyd	2
track	2
piling	2
furrows	2
clucked	2
works	2
rag	2
rare	2
watermelon	2
mareks	2
dropping	2
wine	2
snapped	2
sympathetic	2
permitted	2
perpetual	2
yawned	2
xv	2
frosts	2
opportunities	2
ambitious	2
dressingroom	2
kelly	2
praying	2
wilting	2
valuable	2
guard	2
devoutly	2
objected	2
destination	2
mulatto	2
nine	2
stated	2
sign	2
feeding	2
fortunes	2
“mama	2
holidays	2
push	2
arching	2
failing	2
spell	2
staircase	2
harp	2
shelter	2
prairiedog	2
mighty	2
share	2
boot	2
overhead	2
surprise	2
austrians	2
saloons	2
sunning	2
relations	2
throughout	2
salt	2
deceived	2
professional	2
goose	2
solicitous	2
thirteen	2
height	2
absorbed	2
darning	2
thrash	2
definite	2
harmony	2
drag	2
backs	2
perplexity	2
handy	2
westward	2
drifting	2
accepted	2
hollyhocks	2
fallen	2
sleighride	2
indifferently	2
complained	2
manger	2
shrunken	2
lets	2
nonsense	2
pocketbook	2
plane	2
furious	2
intense	2
cigar	2
vasakova	2
sadness	2
crumbled	2
possession	2
persuade	2
crawled	2
gasped	2
faraway	2
tiger	2
noisily	2
fires	2
methodist	2
shrugged	2
swinging	2
smoking	2
conical	2
clinging	2
roller	2
x	2
indicated	2
junction	2
sink	2
ironweed	2
“wont	2
kindness	2
afforded	2
strongest	2
grainsack	2
johnson	2
occasionally	2
thumb	2
musicmaster	2
“tony	2
spoiled	2
cards	2
actors	2
greatly	2
pitchers	2
vigor	2
occasion	2
corrals	2
william	2
jesus	2
outlive	2
corners	2
ordered	2
skyline	2
tennis	2
stack	2
commanding	2
muttering	2
lazily	2
social	2
masses	2
retorted	2
confidentially	2
tighter	2
bites	2
doll	2
affable	2
dwellings	2
moaning	2
undulating	2
fun	2
molasses	2
coldly	2
embarrassment	2
dawn	2
d	2
barrels	2
begins	2
lonely	2
completed	2
housekeeper	2
cultivator	2
“lets	2
throats	2
float	2
sachet	2
adding	2
florida	2
blame	2
letting	2
thankful	2
visited	2
sidewise	2
reality	2
rattling	2
quail	2
jump	2
check	2
chapters	2
contempt	2
reluctant	2
circus	2
finds	2
propped	2
generous	2
extravagant	2
farmhouses	2
sleeping	2
hollow	2
warned	2
wheatfields	2
impatiently	2
perplexed	2
fade	2
actual	2
score	2
trombone	2
believing	2
dancer	2
horn	2
stomach	2
odor	2
squeals	2
tuesday	2
loss	2
shriveled	2
shyness	2
reds	2
swayed	2
rustling	2
lock	2
bodies	2
bismarck	2
sunflowerbordered	2
instructors	2
bandaged	2
“whats	2
buildings	2
furtive	2
doubtfully	2
gentleman	2
serve	2
vii	2
neat	2
lighthearted	2
england	2
stumbled	2
eating	2
“great	2
controlled	2
glistening	2
loneliness	2
throwing	2
“see	2
carriage	2
svobodas	2
sweethearts	2
cement	2
tintype	2
clumsily	2
bonnets	2
berthe	2
baptist	2
flame	2
heroine	2
carpenter	2
shock	2
hearts	2
pins	2
sulky	2
xiv	2
coaxed	2
pots	2
“mother	2
enterprises	2
foresee	2
indolently	2
rags	2
dies	2
“had	2
cause	2
mittens	2
interfered	2
quilt	2
locked	2
kitchens	2
details	2
whitewashed	2
picnics	2
growl	2
cherubs	2
objects	2
mistakes	2
funeral	2
quoted	2
coffeepot	2
“aint	2
tufts	2
acquainted	2
defenseless	2
jolting	2
candle	2
served	2
interrupted	2
“gee	2
hillocks	2
saddle	2
skirted	2
puppies	2
bareheaded	2
snowwhite	2
“tell	2
positively	2
politics	2
cheated	2
sobbing	2
twisting	2
hook	2
gullies	2
brilliantly	2
rinds	2
coupled	1
sweep	1
teacup	1
sheepfold	1
greek	1
draped	1
suspended	1
somethings	1
preaching	1
‘but	1
examiner	1
arriving	1
unhappy	1
reconciliation	1
transom	1
thong	1
pricked	1
remembers	1
bookcase	1
ravines	1
reproved	1
liabilities	1
“sentiment	1
scratch	1
expenditures	1
housework	1
physicians	1
slides	1
churn	1
“mercy	1
guineahens	1
commonplaces	1
roundeyed	1
wanders	1
promises	1
victory	1
elderhunting	1
authorized	1
rumpled	1
stealing	1
darling	1
founded	1
vaulting	1
shifted	1
t	1
fiercely	1
founding	1
orleans	1
strikers	1
poppy	1
“shenandoah	1
preparations	1
acquit	1
buttermilk	1
taper	1
gladly	1
pour	1
planned	1
arctic	1
occupations	1
accessories	1
zigzagged	1
halfstory	1
chosen	1
tickled	1
“yellow	1
trotting	1
“w	1
coatless	1
ballgloves	1
utterance	1
muffler	1
tubful	1
cadet	1
assented	1
vitality	1
lapped	1
believes	1
soldier	1
homely	1
blinking	1
stern	1
stinging	1
molten	1
colic	1
attraction	1
negative	1
construction	1
willows	1
entry	1
finishing	1
indianlike	1
flute	1
buyer	1
wheres	1
sentiment	1
gust	1
announcing	1
ninety	1
theme	1
appareled	1
terror	1
“papa	1
boiled	1
“near	1
hayfights	1
batteries	1
onlookers	1
boardinghouses	1
boast	1
cuddled	1
brocades	1
booth	1
routed	1
“never	1
rollcall	1
optima	1
racecourse	1
tow	1
weighed	1
overdelicate	1
considerate	1
jurisdiction	1
aptitude	1
propitiatory	1
uses	1
setter	1
haycave	1
bossed	1
current	1
elated	1
slightest	1
homecoming	1
senators	1
tropical	1
knocking	1
nostrils	1
woodwork	1
disgusting	1
“crayon	1
assiduously	1
energetically	1
resolve	1
jingle	1
mammy	1
orange	1
fiftyfive	1
“‘im	1
pinheaded	1
threateningly	1
causes	1
upturned	1
pacing	1
warped	1
perceptibly	1
liverpool	1
inconsistent	1
insistent	1
vibrating	1
protestant	1
coax	1
lugging	1
holy	1
reappeared	1
knowingly	1
absolute	1
stroke	1
drinks	1
deck	1
windmillframe	1
flicker	1
cordially	1
neared	1
incoming	1
dane	1
privilege	1
scruboaks	1
“fairest	1
rapped	1
enjoyment	1
belly	1
patiently	1
professes	1
organ	1
“thought	1
patience	1
brides	1
eddying	1
tomorrows	1
weepon	1
blindfold	1
starlit	1
rewarded	1
instruments	1
lounged	1
stock	1
rasping	1
storeboxes	1
asparagus	1
wellsetup	1
scowling	1
roan	1
crumpled	1
noose	1
spoil	1
devout	1
yankee	1
hitchbar	1
“will	1
dingy	1
incommunicable	1
suppertable	1
groomsmen	1
harvests	1
“merry	1
beggar	1
welcome	1
tapestries	1
evidence	1
province	1
unscrupulous	1
crinkly	1
trimmings	1
glare	1
sucked	1
tails	1
industry	1
cans	1
traincrew	1
climate	1
equipped	1
dived	1
pails	1
corridors	1
bantering	1
anʹtoneeah	1
outlaws	1
th	1
watchcharm	1
streaked	1
ankle	1
robbing	1
jewelry	1
chewed	1
glaze	1
bloomed	1
vigorously	1
firelight	1
indescribable	1
thrashingmachines	1
hazel	1
northward	1
fades	1
liqueur	1
minded	1
artless	1
career	1
resourceful	1
bouska	1
wiry	1
roughshod	1
housecleaning	1
blankly	1
girlhood	1
afresh	1
snub	1
ketchon	1
approve	1
deaf	1
pail	1
painfully	1
reapers	1
thrashed	1
lassitude	1
snowblocked	1
reapinghook	1
spoons	1
midocean	1
steerage	1
unceasingly	1
dump	1
quarters	1
somber	1
suspicious	1
release	1
groundshadows	1
displeasure	1
triangular	1
inscription	1
victuals	1
quietest	1
cuffbuttons	1
ceremony	1
distrustfully	1
incivility	1
feelingly	1
bowl	1
undress	1
texts	1
relics	1
principles	1
goodlooking	1
gamingtables	1
“patria	1
venerable	1
recalls	1
oneill	1
assemble	1
purchasers	1
remote	1
central	1
noble	1
confidential	1
legends	1
saucy	1
soderballs	1
boxwood	1
greeting	1
states	1
trigonometry	1
automatically	1
created	1
plaintively	1
highway	1
tweaked	1
furs	1
unbelief	1
appealed	1
grains	1
diverting	1
owlfeather	1
desired	1
frustrate	1
ringing	1
joseph	1
intend	1
situated	1
contralto	1
dissolved	1
bestdressed	1
handshake	1
huskinggloves	1
riches	1
nutcake	1
contribution	1
prominent	1
brandishing	1
comforted	1
tormenting	1
avid	1
sensations	1
gospel	1
baggy	1
harvesters	1
olympes	1
file	1
flags	1
bringingup	1
swear	1
marveled	1
polite	1
bronzegreen	1
dantes	1
cabinetwork	1
rarely	1
gases	1
strawberries	1
secretiveness	1
creditably	1
penned	1
amongst	1
nibbled	1
ushering	1
lie	1
tucking	1
brooding	1
autocratic	1
relish	1
goodbyes	1
looped	1
handsheller	1
dimples	1
awed	1
fats	1
breakfasts	1
“these	1
quickfooted	1
badges	1
suffrage	1
hitherto	1
obeyed	1
“commedia	1
stirring	1
cultivate	1
whisked	1
recalled	1
impersonal	1
leaky	1
butting	1
add	1
freshsmelling	1
womens	1
whining	1
goodnaturedly	1
waist	1
invests	1
feud	1
selfish	1
wears	1
sailed	1
baths	1
descend	1
shuddered	1
asserted	1
useful	1
emotion	1
hasten	1
drawbank	1
broodsows	1
unconscious	1
“notes	1
endure	1
confronting	1
“rip	1
insane	1
scooped	1
politeness	1
broadbacked	1
confessed	1
softhearted	1
suggest	1
rugged	1
dishpanful	1
odd	1
approaching	1
credulousness	1
proposing	1
communion	1
ridingquirt	1
desolate	1
“perhaps	1
indolence	1
strawberry	1
accessible	1
“norma	1
print	1
sparkle	1
fussing	1
daylight	1
soundness	1
ooze	1
burn	1
dryinglines	1
ripped	1
introduce	1
scales	1
contemplation	1
roundshouldered	1
palatia	1
repetitions	1
vexed	1
literally	1
tang	1
threatened	1
howling	1
mountainash	1
“down	1
suspenders	1
tighten	1
constrained	1
invigorating	1
religious	1
grim	1
claspknife	1
crease	1
depressed	1
revelation	1
brings	1
yield	1
chances	1
“brother	1
glared	1
soliciting	1
picketing	1
rug	1
consented	1
suspicions	1
“under	1
root	1
historic	1
armies	1
flee	1
pasteboard	1
cared	1
rhythmically	1
extinct	1
boxelder	1
“except	1
penance	1
chapped	1
spun	1
spilling	1
pelt	1
squareheaded	1
engine	1
skating	1
motionless	1
operation	1
squandered	1
operas	1
coverlid	1
counters	1
nonexistent	1
corncribs	1
poring	1
liftingup	1
distrust	1
mending	1
ribbon	1
survivals	1
acquaint	1
intentional	1
bulging	1
sparks	1
economic	1
interestingly	1
grammarschool	1
shelters	1
extremes	1
“more	1
rosary	1
rhymes	1
tarried	1
solidarity	1
stress	1
interview	1
svoboda	1
mettle	1
forests	1
yardmeasure	1
giantess	1
newspapers	1
workingman	1
benefits	1
dustysmelling	1
boyhood	1
charades	1
footnotes	1
wellmade	1
securing	1
harvesting	1
brocade	1
revival	1
ladys	1
gobbler	1
coattail	1
spray	1
tattered	1
puzzled	1
burnt	1
sittings	1
oozed	1
chestnut	1
magic	1
sandblast	1
clad	1
rid	1
shepherds	1
diamond	1
scuffling	1
reserved	1
reprovingly	1
“thisll	1
complex	1
trait	1
sake	1
waitresses	1
backward	1
worship	1
thrill	1
knuckle	1
freeze	1
kronn	1
sacred	1
graduate	1
distinguished	1
maker	1
thickly	1
slimy	1
blufftop	1
furworker	1
notoriously	1
wronged	1
delivered	1
insinuations	1
whispers	1
vitalized	1
enjoyed	1
defer	1
globe	1
spect	1
zeal	1
intimately	1
coaxing	1
oddly	1
hardfaced	1
housed	1
violins	1
bland	1
invalid	1
cliff	1
chains	1
satisfactory	1
coaxingly	1
burial	1
enjoys	1
psalms	1
unpainted	1
hopped	1
impertinent	1
educated	1
traded	1
avenues	1
pedaling	1
minnesota	1
conferring	1
messages	1
frolic	1
luminaries	1
attentions	1
hottest	1
chandeliers	1
courthouse	1
trolley	1
jewels	1
quarry	1
untied	1
major	1
sandwiches	1
discharged	1
swore	1
flourishes	1
connection	1
rushed	1
cutting	1
towels	1
brimmed	1
ringstrasse	1
“his	1
glamour	1
unwrapped	1
handicapped	1
groundcherry	1
vividness	1
faster	1
dodge	1
titlepage	1
magnets	1
fare	1
sunup	1
uncertain	1
washbowls	1
directions	1
uncannily	1
sensible	1
depended	1
error	1
jack	1
shrubs	1
syringe	1
thickets	1
lobby	1
inquisitions	1
artists	1
ego	1
craves	1
annas	1
burlington	1
emotions	1
cursing	1
medicine	1
repulsive	1
“wants	1
farmhorses	1
richards	1
boasted	1
enriched	1
temples	1
ironingboard	1
answerable	1
security	1
buzzing	1
oles	1
dainties	1
scaring	1
polished	1
shrieking	1
conveniences	1
windowblinds	1
gangs	1
demolish	1
hunger	1
covert	1
loves	1
idyllic	1
positions	1
stormwindows	1
feats	1
stools	1
saviour	1
gorging	1
geraniums	1
demurely	1
‘we	1
healed	1
disproportionately	1
cemetery	1
startled	1
learns	1
baltimore	1
unheated	1
untiring	1
“arrrmond	1
wardrobe	1
fellowcountrymen	1
ventured	1
workman	1
checkered	1
fork	1
errands	1
wellfed	1
photographer	1
justice	1
o	1
cock	1
weariness	1
wrist	1
knives	1
risk	1
charleys	1
seductively	1
smallpox	1
pickaninny	1
gleaming	1
nickel	1
politely	1
harmonious	1
wane	1
“one	1
talker	1
pigyards	1
trumpetblowing	1
underbrush	1
infirm	1
hurriedly	1
ham	1
waltzing	1
selfassertiveness	1
brass	1
harvestfield	1
wavy	1
lottery	1
twenties	1
quarreling	1
notice	1
embraced	1
scrubbed	1
silences	1
amber	1
appearing	1
disregarding	1
“optima	1
whimperin	1
seal	1
gunnysack	1
drenched	1
hatrack	1
bumped	1
baywindow	1
stretches	1
prefixed	1
persons	1
metaphor	1
absence	1
quest	1
“house	1
whereat	1
merriment	1
“cant	1
apprehensively	1
request	1
xix	1
arks	1
pitch	1
false	1
backbone	1
stung	1
winecolored	1
capered	1
irresolutely	1
relaxed	1
bushed	1
millstones	1
satisfy	1
necks	1
jilted	1
consider	1
botanists	1
attacking	1
undraped	1
“read	1
gripped	1
tear	1
strangely	1
warmblooded	1
lapland	1
homeless	1
paragraphs	1
slaves	1
disguised	1
breathy	1
halfswooning	1
christening	1
colognescented	1
“misterioso	1
courage	1
dissuade	1
ached	1
theyve	1
clutter	1
bluestem	1
shelving	1
recover	1
prepared	1
hooted	1
exercises	1
king	1
billowy	1
visits	1
coiling	1
moisture	1
midsummer	1
quay	1
ending	1
bottoms	1
pussy	1
stone	1
societies	1
ulcerated	1
icecold	1
fiercer	1
statius	1
schooling	1
lowered	1
brandnew	1
unknown	1
strongminded	1
splendors	1
svendsen	1
undeserved	1
wipe	1
bandage	1
impressive	1
student	1
croup	1
faithful	1
confidingly	1
goodevening	1
sheetdraped	1
charming	1
expressions	1
zigzags	1
dome	1
fatal	1
grecian	1
scanning	1
gurgle	1
wellplanted	1
peasant	1
velveteen	1
eliminate	1
ponys	1
paintings	1
relate	1
overhanging	1
bulky	1
rosiness	1
meal	1
whitehanded	1
bedticking	1
persuasively	1
“nonsense	1
strapping	1
“hurrah	1
deeded	1
‘there	1
athletics	1
cleft	1
aroused	1
featherbeds	1
aquiver	1
motioned	1
goldwashed	1
des	1
“lincoln	1
scarcity	1
dreamily	1
seedlings	1
snooping	1
wise	1
deserted	1
referred	1
terrific	1
anchovies	1
persuasive	1
upholstery	1
infuriated	1
visibly	1
axes	1
jars	1
miserly	1
workingslippers	1
weathers	1
prey	1
frivolities	1
knack	1
antique	1
unmoved	1
‘deary	1
horns	1
mamas	1
cloak	1
smelling	1
bellowing	1
trusted	1
bokhara	1
kawntreeman	1
strolled	1
heathenish	1
misterioso	1
flatboats	1
impressively	1
unhappiness	1
headfirst	1
hare	1
mediocre	1
humoring	1
icing	1
sweaty	1
erect	1
pop	1
daybreak	1
“shell	1
entreatingly	1
hills	1
piquant	1
constellations	1
beauties	1
scrollwork	1
grudge	1
sniffed	1
slackwire	1
accused	1
duller	1
barbedwire	1
heartbroke	1
e	1
worktable	1
tenderly	1
embroidered	1
deterred	1
slimwaisted	1
“do	1
maxims	1
attend	1
wagontrail	1
shavingmug	1
quickchanging	1
meadow	1
clipping	1
elevators	1
pout	1
tailor	1
hussy	1
disorder	1
appreciative	1
haul	1
begrudged	1
wildcats	1
copperred	1
porchposts	1
sandbank	1
strict	1
glum	1
naturalborn	1
sarcastically	1
neverending	1
‘so	1
rural	1
“somebody	1
subterranean	1
locusts	1
teams	1
overtake	1
uncomfortable	1
tether	1
spaniards	1
winged	1
“curly	1
setting	1
trail	1
melting	1
sharing	1
toddle	1
dripping	1
samples	1
painters	1
squares	1
invaded	1
“limb	1
prisoners	1
tapping	1
affirmed	1
fancywork	1
winks	1
buttermaker	1
“annas	1
poulticing	1
urging	1
bounds	1
guided	1
stands	1
malcontent	1
happier	1
accustomed	1
squadrons	1
easyblowing	1
mincio	1
grizzlys	1
gooses	1
unburdened	1
forbidden	1
plattsmouth	1
glorious	1
rutted	1
rotting	1
shocked	1
americans	1
sprouting	1
grunted	1
ledger	1
barbarians	1
conformation	1
unseen	1
“enough	1
importance	1
thickset	1
“jesus	1
broadminded	1
vanish	1
malaria	1
passion	1
mechanics	1
charged	1
shoots	1
gesticulations	1
“heavy	1
smalltown	1
louder	1
cinnamon	1
quilts	1
“show	1
checked	1
selfsacrifice	1
matted	1
“chaps	1
sacrificed	1
oftener	1
journal	1
“kill	1
moulded	1
silverrimmed	1
figured	1
prospector	1
duplicity	1
frequently	1
shaft	1
cadets	1
workhorses	1
arrangements	1
pinks	1
groceries	1
leading	1
prayerbook	1
caution	1
critically	1
pickled	1
positive	1
squeezed	1
breasts	1
raged	1
advertising	1
apologized	1
inflexible	1
“like	1
wheelrim	1
populous	1
returning	1
quayle	1
savagely	1
possum	1
extreme	1
carelessly	1
terribly	1
licentiousness	1
wiggling	1
terrifyinglooking	1
kids	1
slush	1
floated	1
pigeons	1
traced	1
craving	1
sundayschool	1
generations	1
swelled	1
truelovers	1
upset	1
blaze	1
conspicuous	1
reticent	1
confined	1
wings	1
discolored	1
snuggled	1
barricades	1
daily	1
shyly	1
physically	1
amiable	1
littleness	1
nationality	1
bullsnake	1
flighty	1
deepening	1
bearded	1
beggars	1
damned	1
felty	1
mowed	1
justly	1
merrymaking	1
toll	1
gallop	1
leap	1
josiah	1
“little	1
dustplastered	1
“hoo	1
strips	1
champion	1
shameful	1
hideandseek	1
strokes	1
lowbranching	1
unheeded	1
pitiful	1
refuse	1
impose	1
friscos	1
gauthier	1
tentatively	1
rudolphs	1
divine	1
interminable	1
roomful	1
bush	1
“sometime	1
“fix	1
aigrettes	1
postal	1
fascinating	1
possessing	1
“easing	1
entrances	1
receiving	1
greentopped	1
screams	1
boatload	1
mallow	1
sarcastic	1
oaken	1
transfiguration	1
withering	1
venture	1
‘ambrosch	1
cooked	1
portraits	1
wednesdays	1
plank	1
fodder	1
approval	1
virtually	1
unploughed	1
cowpumpkin	1
thankfulness	1
expensive	1
warmed	1
contemplated	1
patrons	1
siwash	1
fret	1
disagreeable	1
‘hello	1
astonishing	1
affliction	1
strangeness	1
advantages	1
disappointing	1
goodnight	1
cousins	1
miner	1
sleeve	1
ripplemarks	1
featherbed	1
earthowls	1
requested	1
military	1
spilled	1
swaybacked	1
underwear	1
bricks	1
prevent	1
monte	1
stoppingplace	1
ghostmoon	1
calico	1
defeat	1
bowlegged	1
witness	1
scarf	1
sorted	1
limpid	1
coffeecake	1
moines	1
happening	1
husking	1
shattered	1
beneficent	1
forced	1
wench	1
inflection	1
arroyo	1
heartstrings	1
fatalistic	1
disgustingness	1
council	1
merrygoaround	1
project	1
admit	1
princess	1
perform	1
bonfires	1
tool	1
cot	1
eleventh	1
hike	1
declined	1
widower	1
watertap	1
simplified	1
caribbean	1
thermometer	1
result	1
‘whats	1
expectancy	1
waterfront	1
gravy	1
promotion	1
wedged	1
stinking	1
giving	1
composure	1
mothlike	1
repeating	1
struggled	1
johnnies	1
material	1
bragging	1
barked	1
cloud	1
slave	1
biscuit	1
startle	1
hilltop	1
weaver	1
“t	1
rudely	1
excavating	1
greens	1
corrective	1
closegrowing	1
quickening	1
poets	1
audience	1
iced	1
tomboy	1
boardinghouse	1
poker	1
fringed	1
stark	1
steadying	1
spectacles	1
hardearned	1
jabber	1
pumping	1
herron	1
sorts	1
worsted	1
overtime	1
ferociously	1
ringdove	1
cloudhung	1
disdainfully	1
streaks	1
flaxen	1
boldly	1
inelegant	1
withheld	1
staying	1
universe	1
drawing	1
“kindness	1
lurched	1
explored	1
behaves	1
modeling	1
stiffly	1
apprehensive	1
sectionlines	1
constitution	1
ceased	1
cordial	1
yale	1
“retail	1
egyptian	1
formerly	1
gayety	1
bluish	1
prim	1
“‘ántonia	1
november	1
kernels	1
convinced	1
likenesses	1
scattering	1
ambrož	1
flatchested	1
desirous	1
renunciatory	1
action	1
egged	1
hollows	1
“nobody	1
eyebrows	1
rapture	1
genevieve	1
comprehending	1
post	1
pianist	1
whites	1
outline	1
lid	1
matching	1
typographical	1
substantial	1
elements	1
famished	1
declare	1
attempt	1
acrobatic	1
snapping	1
garmentmakers	1
ward	1
bristling	1
schoolroom	1
paws	1
poked	1
whinnylaugh	1
whiskey	1
alps	1
cholera	1
epithet	1
champagne	1
“our	1
ripening	1
frontier	1
footmen	1
appetite	1
ladled	1
snowcovered	1
companys	1
tail	1
helpless	1
lambs	1
subservience	1
grind	1
addressed	1
firstcabin	1
tide	1
realizing	1
amazement	1
railways	1
detained	1
caressing	1
irregular	1
skeleton	1
unappreciated	1
reasoning	1
sag	1
“died	1
tamed	1
horning	1
dealing	1
cackling	1
loft	1
gap	1
wolfcry	1
columns	1
enterprising	1
reads	1
crabs	1
crisp	1
snugly	1
waterpipes	1
comforting	1
worry	1
easychair	1
fetid	1
julka	1
cropped	1
lament	1
befrogged	1
“fast	1
convert	1
drown	1
canyons	1
schottische	1
woodpecker	1
imploringly	1
repeat	1
mysteriously	1
drygoods	1
admittedly	1
languages	1
disconsolate	1
ticking	1
fellers	1
akin	1
thou	1
whiteandgold	1
annoying	1
hotter	1
cynicism	1
unnatural	1
housekeepers	1
mummys	1
immigrants	1
contents	1
lane	1
buckle	1
drummed	1
nod	1
git	1
graceful	1
primeval	1
desire	1
“napoleon	1
mattered	1
hollowchested	1
jackrabbits	1
compensation	1
exhaled	1
disdainful	1
bensons	1
frantically	1
inclined	1
lief	1
mens	1
greater	1
joviality	1
weekday	1
convince	1
toss	1
traits	1
crusted	1
mannish	1
obliterating	1
bubble	1
raindrops	1
fled	1
ruffled	1
overslept	1
vine	1
parlors	1
neutral	1
entertainment	1
utah	1
creditor	1
flourish	1
prowl	1
strengthen	1
sincere	1
wasted	1
oriole	1
significant	1
spry	1
resignation	1
impatient	1
flight	1
regulated	1
absentminded	1
toy	1
sturdylooking	1
trottinghorse	1
cemented	1
newly	1
belonging	1
whipped	1
beautify	1
mackerel	1
bleakness	1
dumbbell	1
tells	1
admitting	1
supple	1
chattered	1
dismounted	1
nowise	1
roans	1
jealousy	1
excellency	1
smartern	1
swimming	1
unable	1
trampin	1
stunned	1
darnaults	1
deepset	1
directing	1
giant	1
hardworked	1
luxuriant	1
affectionate	1
“yesm	1
refrigerator	1
issue	1
boxcouch	1
platitudes	1
oilcan	1
tickling	1
substance	1
heavenly	1
junior	1
despised	1
dwell	1
tips	1
boottops	1
warrant	1
drudge	1
hyacinth	1
halffares	1
mushy	1
sentiments	1
deferred	1
jacob	1
key	1
stranded	1
plumpatch	1
deacon	1
struggling	1
ankles	1
knots	1
outran	1
overconsiderate	1
eh	1
jungle	1
“whos	1
“krajieks	1
weakminded	1
fretting	1
moribund	1
measuring	1
sophomore	1
“here	1
sill	1
alaska	1
doorbells	1
“sister	1
skate	1
concentration	1
presentation	1
roving	1
responsible	1
calves	1
rosemary	1
peckmeasure	1
paperhanger	1
circumstance	1
imaginative	1
dogwoods	1
delicious	1
meditative	1
tireless	1
loyalty	1
bases	1
sweeps	1
burrowed	1
unstarched	1
meals	1
dedicated	1
hopes	1
entire	1
glasses	1
“none	1
hisself	1
rumbled	1
repairs	1
courtplaster	1
frailness	1
prodigy	1
lingering	1
arrangement	1
mutton	1
porter	1
rockefeller	1
crabapples	1
lardpail	1
lightest	1
possess	1
weary	1
dallied	1
hayloft	1
threats	1
supervision	1
leaped	1
cigars	1
yearning	1
grin	1
coughing	1
promptings	1
dressmakers	1
welcomed	1
noblest	1
knotty	1
converted	1
brightly	1
lombardy	1
shipped	1
interrogated	1
decreed	1
defeated	1
comrades	1
vexation	1
exceedingly	1
timber	1
grapevine	1
manuscript	1
echoed	1
rubber	1
patroness	1
touzling	1
taciturn	1
chewing	1
troupes	1
intrusive	1
pinafores	1
history	1
mourning	1
bleak	1
purchases	1
wits	1
strawstacks	1
charmingly	1
leopards	1
satins	1
waded	1
tableland	1
enchantingly	1
duet	1
“theres	1
pallor	1
mexico	1
glitter	1
load	1
keenly	1
mortals	1
jensen	1
ultimate	1
barks	1
pools	1
fated	1
quinsy	1
beebush	1
bluntly	1
hardy	1
prosperous	1
lonesomelike	1
grasshopper	1
consent	1
onenight	1
safer	1
yielding	1
imperial	1
cowed	1
posters	1
brave	1
beech	1
section	1
woodcuts	1
grandly	1
miningcamps	1
tormented	1
dresser	1
september	1
sputtering	1
flapping	1
twentysix	1
deducam	1
snowonthemountain	1
nosed	1
wring	1
wisely	1
siding	1
experimented	1
imported	1
interrogate	1
everybodys	1
wider	1
massive	1
regard	1
handful	1
drift	1
instantly	1
accordingly	1
copied	1
dizzy	1
snowmen	1
enabled	1
hartshorn	1
painful	1
lighten	1
steaming	1
shoemaker	1
roofless	1
restraint	1
temper	1
hitched	1
divorce	1
experienced	1
frilled	1
insanity	1
uncle	1
superficially	1
eaten	1
bow	1
pool	1
highcollared	1
consolingly	1
gardens	1
miraculous	1
naturallike	1
sombrero	1
“‘youd	1
abbreviation	1
detestable	1
exclusive	1
bounding	1
vermilion	1
gaillardia	1
hindmost	1
cooler	1
diamonds	1
newcomer	1
teary	1
gnawed	1
fifteenth	1
unfaithful	1
yourselves	1
tolerantly	1
redlined	1
befalls	1
“advantages	1
habits	1
submerged	1
prairee	1
african	1
smarted	1
plaid	1
welldressed	1
applebrandy	1
peacocks	1
pasteboards	1
predicament	1
confident	1
prepare	1
picketed	1
“grandmother	1
hummed	1
introductions	1
coolly	1
payments	1
ghostliness	1
creep	1
exercise	1
ended	1
gush	1
diction	1
snowfield	1
mass	1
honors	1
muslin	1
thunderheads	1
meritorious	1
halfmile	1
fired	1
delicacy	1
invited	1
learning	1
hotels	1
upbringing	1
disgraced	1
background	1
clearness	1
uninquiring	1
design	1
stormy	1
draping	1
accusingly	1
homesickness	1
complacently	1
doleful	1
mystery	1
chisels	1
heartless	1
savagery	1
camels	1
noblesse	1
fury	1
introduction	1
blurted	1
drawingroom	1
shirts	1
“across	1
clutch	1
parks	1
breadboard	1
scrubby	1
supine	1
cattlepond	1
assembled	1
sworn	1
hideously	1
sandbar	1
“life	1
stirrings	1
independent	1
vegetation	1
uncouth	1
bluegrass	1
leaping	1
bolted	1
goodnatured	1
menace	1
gooseberry	1
enters	1
freckled	1
sober	1
elderblow	1
fan	1
mixture	1
blanketed	1
wellbehaved	1
springing	1
yells	1
spank	1
sunwarmed	1
“forgot	1
musas	1
barbed	1
incidents	1
thatll	1
westbound	1
chrissy	1
winkle	1
cakecutters	1
unwrap	1
armed	1
encumbered	1
reaping	1
appealing	1
hoods	1
spasm	1
firebreaks	1
“crazy	1
horsecollar	1
insinuatingly	1
contentedly	1
value	1
residue	1
resemblance	1
spells	1
weeds	1
inveterate	1
desert	1
hissing	1
desperado	1
supported	1
nicks	1
tickle	1
tumbling	1
huntswoman	1
dejection	1
gossiped	1
landmarks	1
angles	1
‘theyll	1
bridled	1
twist	1
crêche	1
festival	1
baptize	1
ashore	1
fares	1
accountable	1
hereabouts	1
bacon	1
examination	1
wheeled	1
“‘youre	1
reentered	1
mines	1
taller	1
bartender	1
boom	1
freemasonry	1
selftaught	1
shamefaced	1
“am	1
cape	1
renewing	1
drily	1
drowning	1
otherwise	1
tending	1
loaned	1
accidents	1
workbasket	1
kittens	1
sends	1
sociable	1
united	1
scrape	1
sheetiron	1
straying	1
extend	1
forbade	1
acquisitive	1
irritate	1
sheen	1
grazed	1
gaunt	1
favorable	1
printed	1
competent	1
reflection	1
spontaneous	1
bestowed	1
oath	1
snakeskins	1
walks	1
fearlessly	1
desks	1
clerks	1
graincars	1
naples	1
craftily	1
conducting	1
bile	1
streak	1
consonants	1
horsesense	1
heavier	1
readingtable	1
grasshoppers	1
hitchingbar	1
comradeship	1
savings	1
maltese	1
“robinson	1
forefinger	1
released	1
adequately	1
tendollar	1
flash	1
breathed	1
hello	1
unmollified	1
misjudged	1
bend	1
earned	1
seizure	1
antennæ	1
fading	1
explosion	1
thongs	1
resented	1
pretenses	1
coneflowers	1
flesh	1
stoutly	1
chickenbone	1
crowing	1
apronful	1
backgrounds	1
knee	1
selfpossession	1
playfully	1
straining	1
unfriendly	1
port	1
sealskin	1
thread	1
heaps	1
mildly	1
larrys	1
hugged	1
subdued	1
undertaking	1
“fidgets	1
simpered	1
unlikely	1
lain	1
sorrowful	1
boss	1
angrily	1
nearing	1
judicial	1
compressed	1
define	1
approvingly	1
wringing	1
acre	1
juicy	1
universal	1
distractions	1
tangled	1
blinded	1
seventeen	1
fascination	1
sliding	1
opengrazing	1
evasively	1
spirals	1
hopeful	1
nap	1
“privacy	1
nursing	1
syrup	1
nobodyll	1
dormitories	1
gambling	1
parsimonious	1
succession	1
demonstrative	1
indicate	1
monastery	1
“pay	1
amounted	1
wellshaped	1
hoarse	1
enlarged	1
steamer	1
gothic	1
exclamation	1
impulsiveness	1
troutfishing	1
skull	1
keyboard	1
nerve	1
enthusiastic	1
valises	1
youthful	1
composition	1
sills	1
weakly	1
spaces	1
trundled	1
spasms	1
wishes	1
breeds	1
gardengrass	1
report	1
dapper	1
possessed	1
nowhere	1
roman	1
fellowworkmen	1
passive	1
vividly	1
robe	1
evasions	1
relative	1
percentages	1
hotly	1
perfunctory	1
maintained	1
sunken	1
faculty	1
questioningly	1
triplets	1
powdery	1
stags	1
halfpast	1
dwelt	1
weddingring	1
theyll	1
sacrifices	1
“unclaimed	1
“before	1
rescue	1
transformed	1
grunting	1
bullet	1
moleholes	1
fastened	1
choice	1
“‘he	1
comments	1
mortgage	1
thoughtfullooking	1
proprieties	1
mecum	1
choir	1
wartimes	1
milked	1
binding	1
whistled	1
discreetly	1
carwindows	1
spain	1
hailed	1
landmark	1
extension	1
opium	1
gilded	1
ford	1
promoters	1
training	1
envy	1
managing	1
colt	1
flanks	1
elevated	1
magnificently	1
tiff	1
poetic	1
depression	1
grinding	1
accounts	1
gleefully	1
apologetic	1
halfgrown	1
trial	1
imagination	1
oreillys	1
hatchet	1
breathe	1
rascal	1
inaccuracies	1
gunshot	1
coil	1
“refined	1
corpse	1
candlemoulds	1
hart	1
revolver	1
busied	1
bets	1
heated	1
midst	1
heros	1
tilted	1
difficult	1
frequent	1
jokes	1
tolerance	1
expectantly	1
scholarship	1
sung	1
longed	1
sauntered	1
heroines	1
incapable	1
cigarmaker	1
gather	1
observant	1
gallon	1
francess	1
virginian	1
straits	1
disillusioned	1
widened	1
implored	1
intent	1
slicked	1
girth	1
barbarously	1
cocked	1
fished	1
ensuing	1
pain	1
emerge	1
“popular	1
preserving	1
anythings	1
translating	1
lapels	1
protestantizing	1
citizens	1
interpreter	1
inches	1
assorted	1
avenging	1
messenger	1
pumphandle	1
speeding	1
frailest	1
kingdom	1
crossroads	1
straightened	1
“sweet	1
errors	1
natures	1
roused	1
outwitted	1
van	1
“could	1
slunk	1
gradually	1
retreating	1
salary	1
imparting	1
purr	1
mercy	1
sawing	1
showery	1
sleighbells	1
americy	1
development	1
possessions	1
placer	1
genteel	1
bewildered	1
sleety	1
chose	1
heady	1
continuous	1
bundling	1
mouths	1
readily	1
conceal	1
burrow	1
solicitude	1
suspicion	1
witnesses	1
disapproved	1
seasick	1
amputated	1
clouded	1
cherished	1
saddles	1
substantially	1
wrapper	1
tying	1
lame	1
ravaged	1
turninglathe	1
appease	1
magazines	1
headstrong	1
elliptical	1
comely	1
sunburn	1
attended	1
carwindow	1
swallowed	1
self	1
period	1
banker	1
salty	1
washboiler	1
familiarity	1
plaster	1
covers	1
theory	1
lend	1
matters	1
clergyman	1
parasol	1
pressing	1
prayermeeting	1
strictly	1
ploughhandles	1
sullenly	1
devotedly	1
parish	1
cleared	1
astonish	1
meets	1
misunderstood	1
tracings	1
distinct	1
mournfully	1
identity	1
hesitation	1
wagontracks	1
gadding	1
doorcrack	1
gilt	1
outraged	1
scarce	1
seaweeds	1
queen	1
lined	1
chilkoot	1
downstream	1
infirmity	1
combination	1
hesitating	1
quizzical	1
keepers	1
jefferson	1
acquaintance	1
enfeebled	1
groping	1
reconciled	1
grape	1
lectures	1
jaw	1
deliberateness	1
telephoned	1
loving	1
royal	1
invariably	1
ironingboards	1
circling	1
thinner	1
crush	1
instructor	1
nosebleed	1
cover	1
entranced	1
lurch	1
discourse	1
mimosa	1
detective	1
batter	1
warfare	1
felled	1
capable	1
hewn	1
bunk	1
windmills	1
dwarfed	1
“perfect	1
derision	1
argument	1
tub	1
requirement	1
stifling	1
easygoing	1
damage	1
bottletomatoes	1
reddest	1
gobbled	1
sin	1
arch	1
violence	1
scaly	1
saving	1
barrett	1
flitted	1
badgers	1
unattended	1
broader	1
judgments	1
jesse	1
prolonged	1
facts	1
cigarettes	1
alley	1
violetcolored	1
whereby	1
crab	1
therefore	1
consumed	1
sheepishly	1
roughness	1
gladstone	1
midland	1
deepest	1
workteams	1
artificial	1
authority	1
silverton	1
bouquets	1
misgivings	1
loiter	1
triumph	1
cartridges	1
“amen	1
histories	1
“primus	1
expectant	1
cordova	1
altar	1
inconvenience	1
charm	1
sniff	1
withdrew	1
kindling	1
harvested	1
initial	1
favor	1
determine	1
alternative	1
roared	1
gorgeously	1
“meddling	1
debauchery	1
czech	1
regularity	1
instruct	1
disheartened	1
irishman	1
blackness	1
burry	1
slowmoving	1
tromboneplayer	1
laughs	1
grafting	1
subsequent	1
turf	1
vigorous	1
caustic	1
picturebooks	1
satiety	1
flattopped	1
relating	1
clown	1
process	1
jar	1
fringe	1
pounded	1
unharnessed	1
turquoise	1
bats	1
cynically	1
grimy	1
stops	1
glowed	1
lithographs	1
lump	1
punished	1
ripples	1
acquaintances	1
“coming	1
lone	1
sinister	1
tore	1
reply	1
clannish	1
distrustful	1
waffles	1
downhearted	1
personality	1
earning	1
“goodmorning	1
omen	1
outrage	1
tortured	1
assurance	1
moist	1
accompany	1
magnified	1
thatched	1
penknife	1
audits	1
sock	1
guttered	1
channels	1
thy	1
footlights	1
blinding	1
marrying	1
rumbling	1
blessing	1
excess	1
coneflower	1
pleasantly	1
compelled	1
distinctness	1
stare	1
map	1
sheaves	1
brandished	1
merrily	1
commercial	1
bobbed	1
bonnet	1
pocketmirror	1
readymade	1
awaited	1
peculiarly	1
claws	1
castles	1
bless	1
retract	1
clarity	1
unabashed	1
bole	1
quality	1
“store	1
heroes	1
“marek	1
milkingpails	1
dearly	1
towel	1
trimming	1
exacting	1
cynical	1
cowardice	1
waffleirons	1
pouches	1
punishment	1
lasso	1
vivid	1
furrier	1
blotted	1
grapevines	1
aristocrats	1
devotion	1
boundary	1
clumps	1
hospital	1
waterspaniel	1
ineffable	1
laplanders	1
yell	1
“shed	1
closest	1
exercising	1
blacksmith	1
curls	1
hips	1
numb	1
unperfected	1
tearful	1
cloudy	1
farmwork	1
propre	1
highways	1
workll	1
inksmeared	1
hopefulness	1
passersby	1
breasted	1
aloof	1
mournfullooking	1
eyetalian	1
grownup	1
milkweed	1
drug	1
remedy	1
mock	1
fullgrown	1
thinly	1
bobs	1
sheeting	1
plays	1
stovepipe	1
lighter	1
“trying	1
officials	1
toys	1
fancifully	1
ghosts	1
automobiles	1
supercilious	1
forcibly	1
sounded	1
callouses	1
transfer	1
credits	1
stopwatch	1
everfalling	1
buryings	1
halfwindow	1
institution	1
balls	1
whinny	1
padding	1
panes	1
shoemakers	1
endeavor	1
bull	1
smears	1
likewise	1
laconically	1
extravagantly	1
dearest	1
contributed	1
snakecane	1
“done	1
clemency	1
loitered	1
reckoning	1
annie	1
granaries	1
levelheaded	1
cheer	1
envious	1
loops	1
remembering	1
porcelain	1
companies	1
“batched	1
target	1
discover	1
blanket	1
exposure	1
lumps	1
bedded	1
abuse	1
whittle	1
“krajiek	1
roosters	1
picket	1
scandal	1
suds	1
immoderately	1
loneliest	1
ell	1
“country	1
factories	1
ejaculated	1
digesting	1
distress	1
pork	1
mutter	1
regretfully	1
tink	1
hymns	1
sap	1
uneasily	1
passing	1
mourn	1
qualities	1
housewife	1
destitute	1
futurity	1
doubtless	1
ruler	1
vikings	1
pungent	1
chunk	1
antagonist	1
salon	1
achieve	1
confusedly	1
balloon	1
jonquils	1
spiced	1
livestock	1
buffalopeas	1
markets	1
leafy	1
attack	1
horsepond	1
watering	1
fencepost	1
professorial	1
magnanimity	1
immemorial	1
deeper	1
stem	1
smock	1
stirrup	1
lamps	1
ugliness	1
rougher	1
celebrity	1
iridescent	1
“too	1
realities	1
escapade	1
hickory	1
racing	1
downfeathers	1
remissness	1
paying	1
beans	1
fraternal	1
inquired	1
ferris	1
“meat	1
goldheaded	1
views	1
urged	1
scrub	1
deaths	1
squint	1
avoiding	1
depths	1
“anton	1
arbor	1
curlyheaded	1
frosted	1
sprinkler	1
busiest	1
consequences	1
decorated	1
grounds	1
responsibilities	1
italians	1
howls	1
grasping	1
menial	1
biblical	1
skeptically	1
appeal	1
bashfully	1
recognitions	1
clattery	1
“only	1
poultry	1
executive	1
nobleman	1
feather	1
panthers	1
respectable	1
balloons	1
yeast	1
crusoe	1
patriam	1
disgust	1
graphically	1
elegance	1
weight	1
lining	1
“old	1
remarks	1
farmboy	1
goodmorning	1
convenient	1
rings	1
neglect	1
lashed	1
pudding	1
quarrels	1
wayne	1
drawbottom	1
illustrated	1
vital	1
naïveté	1
herbs	1
hushed	1
collected	1
clutches	1
pertly	1
attired	1
challenging	1
inspiring	1
robinson	1
smartest	1
cruising	1
founders	1
dunshaded	1
winestains	1
sidelong	1
serving	1
bruises	1
pagoda	1
subjects	1
doughnuts	1
easier	1
planning	1
troubling	1
redder	1
fingerbowls	1
joked	1
flaming	1
coupons	1
dirt	1
fastidious	1
mistresses	1
merrygoround	1
kneeling	1
jims	1
“wild	1
proprietor	1
seats	1
alas	1
existence	1
marries	1
similarly	1
grandchildren	1
approach	1
proudly	1
“thy	1
hanged	1
wellgrown	1
“exactly	1
journeyman	1
cruel	1
undressed	1
anthony	1
marsh	1
firebox	1
slapping	1
yokemate	1
boughs	1
glowing	1
fog	1
unbroken	1
kicking	1
laundrymans	1
hemstitching	1
quicker	1
arnica	1
dimmed	1
enlarge	1
disfigured	1
fuzzed	1
court	1
outfits	1
resistless	1
amour	1
bowing	1
caller	1
trout	1
absences	1
offer	1
stretching	1
snowbanks	1
latest	1
runover	1
currant	1
“would	1
pie	1
puts	1
essence	1
uprooted	1
sprawling	1
brakeman	1
attentively	1
rippling	1
arouse	1
accident	1
tempest	1
overshoes	1
relation	1
keener	1
arithmetic	1
sherry	1
bandy	1
roughly	1
vanished	1
scoured	1
incongruous	1
outgrown	1
smoky	1
button	1
representing	1
niobrara	1
strident	1
diplomas	1
worker	1
diversion	1
soften	1
richer	1
cocoons	1
forgetmenots	1
“coarse	1
counted	1
battleship	1
“out	1
forestalled	1
shrieks	1
revolution	1
rawboned	1
southern	1
moral	1
“‘you	1
nestled	1
loser	1
inconveniently	1
strengthened	1
snowdrifts	1
stale	1
hardest	1
calf	1
countrys	1
dangerous	1
escorted	1
witches	1
joyous	1
“gosh	1
seconds	1
daft	1
february	1
josephine	1
alphabets	1
stroll	1
warmhearted	1
provide	1
shimmer	1
lunged	1
ruin	1
papered	1
covering	1
hiding	1
disposed	1
event	1
pennsylvanian	1
wiser	1
pardon	1
lands	1
liking	1
fisticuffs	1
monotony	1
theatrical	1
schoolboy	1
physique	1
devoured	1
halfwindows	1
milking	1
expecting	1
triumphant	1
salesman	1
hospitality	1
drays	1
plate	1
conventionalized	1
bother	1
bathtub	1
knife	1
employed	1
commandments	1
“hands	1
splashes	1
hammock	1
casehardened	1
usury	1
secrets	1
stroking	1
beaches	1
fidgety	1
watermelons	1
guest	1
origin	1
scratchy	1
bookkeepers	1
sleepily	1
longwinded	1
newsboys	1
oppressively	1
pen	1
feedbag	1
dots	1
persecution	1
agitated	1
strangest	1
discreet	1
baskets	1
hustler	1
masked	1
pagodalike	1
interpreted	1
roast	1
hospitable	1
eventful	1
shadings	1
“with	1
indulgent	1
kissing	1
singer	1
piteously	1
floury	1
sail	1
purplered	1
stifled	1
pavement	1
prodded	1
handbag	1
n	1
purse	1
“robin	1
thanks	1
steal	1
superior	1
trap	1
hinder	1
religions	1
gaze	1
“findings	1
groundcherries	1
dreamed	1
flooded	1
intercessor	1
pocketmoney	1
poison	1
oracular	1
overcoats	1
applications	1
rightly	1
david	1
slopes	1
government	1
banknotes	1
alighted	1
oppressive	1
consuming	1
sneakin	1
sizzling	1
promptly	1
shiver	1
brilliancy	1
seven	1
brigham	1
unimpressionable	1
snowy	1
wooded	1
counsel	1
shirtsleeves	1
paperrack	1
alexandre	1
multiply	1
marble	1
settles	1
windlass	1
hardened	1
jakey	1
cheeses	1
carries	1
larryd	1
oiling	1
surlily	1
slipper	1
schools	1
talks	1
recklessly	1
‘america	1
transparent	1
wellprepared	1
fluently	1
shorter	1
locust	1
instinctively	1
requesting	1
ukraine	1
birth	1
search	1
lends	1
andern	1
‘theres	1
paestum	1
revealed	1
“while	1
blustered	1
“baptists	1
fluttering	1
daycoaches	1
choppy	1
ungrateful	1
grating	1
date	1
“incline	1
established	1
aloofness	1
enlargements	1
confess	1
cranky	1
dill	1
“selah	1
veil	1
explosives	1
cursed	1
pompeii	1
forks	1
developingroom	1
“has	1
endures	1
withered	1
poplar	1
buzz	1
marks	1
cupboards	1
glide	1
ripeness	1
surviving	1
scornful	1
tassels	1
supposition	1
propitiate	1
brim	1
unrestrainedly	1
fainthearted	1
“everybody	1
secured	1
smack	1
cheerfullooking	1
rutland	1
deer	1
lush	1
sticks	1
billboards	1
congenial	1
esteemed	1
companionable	1
arabian	1
plated	1
switched	1
glittered	1
bunches	1
arranging	1
arched	1
illiteracy	1
commenting	1
ruggedly	1
paste	1
sociability	1
fashionplates	1
brutally	1
prompted	1
blouse	1
pillowcases	1
comfortably	1
trustful	1
throbbing	1
occupants	1
thee	1
brightflowered	1
“star	1
expenses	1
imitate	1
whelp	1
feller	1
vessels	1
loosely	1
cristo	1
excuse	1
silks	1
currants	1
overnight	1
washday	1
wringin	1
pronounced	1
chriss	1
system	1
spit	1
kicked	1
factorymade	1
dissolute	1
engagements	1
flowering	1
fatten	1
“bury	1
corncakes	1
wasteful	1
christiania	1
fastening	1
invite	1
fertilizing	1
bus	1
romana	1
flabbiness	1
scandalous	1
diminish	1
balance	1
existed	1
twins	1
screwing	1
oblige	1
merciless	1
patria	1
maria	1
instance	1
mutilation	1
scratching	1
jauntily	1
handwriting	1
aged	1
herds	1
bouncing	1
moaned	1
tooth	1
stubborn	1
address	1
watchcase	1
beefsteak	1
“camille	1
loathsome	1
cartwheel	1
begs	1
shooing	1
feverish	1
yelps	1
protection	1
housewives	1
weevily	1
clap	1
underfed	1
angered	1
despoiled	1
tea	1
simpler	1
fleeting	1
ribbons	1
everyday	1
owner	1
mellowed	1
coal	1
notoriety	1
loosened	1
helpfulness	1
conway	1
talkative	1
sling	1
fertility	1
rounds	1
giddy	1
mistook	1
entertain	1
hairy	1
brake	1
repose	1
wheelruts	1
crawling	1
drowsiness	1
concern	1
brindisi	1
fleetest	1
“ladyteacher	1
subdue	1
respectfully	1
obelisk	1
“martha	1
hardandfast	1
carved	1
suggestions	1
restlessly	1
brush	1
scratches	1
“twenty	1
tag	1
uplifted	1
strawcolored	1
bursts	1
“batching	1
shows	1
cashier	1
according	1
dogtowns	1
everlastingly	1
cheaper	1
“mary	1
intervened	1
seacoast	1
assent	1
workmanship	1
quaint	1
selfpossessed	1
department	1
palegold	1
locality	1
lied	1
wienn	1
erased	1
surrounding	1
“‘baby	1
perched	1
dated	1
despicable	1
knowest	1
fattening	1
infinitesimal	1
pleaded	1
compass	1
liveliness	1
upholstered	1
refuge	1
communication	1
“incidental	1
washbasin	1
solemnly	1
scornfully	1
gloating	1
filling	1
blocks	1
agoin	1
ferment	1
wildeyed	1
unpronounceable	1
montana	1
deepseeing	1
“ice	1
sneaked	1
dives	1
torpor	1
uglier	1
fellowcountryman	1
preachers	1
cavehouse	1
lash	1
youngest	1
lemonade	1
nervously	1
limped	1
murmurs	1
thistles	1
files	1
comforters	1
inscribed	1
goldenrod	1
cheered	1
harsh	1
proceeded	1
ryefield	1
greece	1
confirm	1
longest	1
fanciful	1
cats	1
drill	1
contemptuously	1
conscientiously	1
counting	1
lungs	1
“‘it	1
“name	1
quacking	1
straddled	1
dewy	1
christmases	1
petulantly	1
bunkbed	1
magnificence	1
uncomfortably	1
members	1
providence	1
blackandwhitecheck	1
primer	1
halfsection	1
belle	1
prejudice	1
selah	1
lightfooted	1
beheld	1
vindictive	1
resume	1
variety	1
intervals	1
discouragement	1
foretold	1
mormons	1
drinkingpan	1
span	1
heating	1
sidled	1
seeming	1
odors	1
gaudily	1
handpainted	1
pan	1
‘hes	1
xviii	1
collars	1
bullsnakes	1
insignificant	1
forty	1
attitudes	1
impulse	1
temperament	1
sugarcakes	1
claimed	1
reproaches	1
committing	1
publish	1
fluid	1
dogwood	1
coldness	1
diminished	1
joy	1
dreading	1
largeminded	1
choking	1
fanning	1
respectability	1
priests	1
upstream	1
rockies	1
starsprinkled	1
crow	1
monstrosity	1
workhorse	1
nation	1
barley	1
taxidermy	1
plumes	1
repressed	1
meekly	1
“as	1
metallic	1
seized	1
senior	1
avouched	1
rouse	1
“teeach	1
underlie	1
bitterhard	1
ignored	1
doomed	1
greasing	1
dusk	1
wallpaper	1
misunderstandings	1
munching	1
smartweed	1
watertin	1
resources	1
tithonus	1
heartbreaking	1
bosom	1
childless	1
steelgray	1
territory	1
interpretation	1
veneration	1
properly	1
jimmys	1
upright	1
cuffed	1
mask	1
ye	1
careless	1
sufficiently	1
emaciated	1
‘im	1
shovels	1
captivity	1
uncompromising	1
squander	1
slavishly	1
turkeys	1
squeamish	1
stillness	1
pint	1
affair	1
rancher	1
paleblue	1
mate	1
academic	1
tinys	1
harmonica	1
stupefying	1
awkwardlooking	1
gashes	1
speeches	1
meetings	1
peavines	1
former	1
stamping	1
twitched	1
choked	1
forthcoming	1
touching	1
reproach	1
earnestness	1
oldmaidishness	1
sweetness	1
stray	1
detect	1
president	1
“easy	1
dehorned	1
cured	1
antons	1
laborers	1
hostess	1
emergencies	1
twentydollar	1
boiling	1
magical	1
melted	1
partner	1
fortunately	1
survive	1
roughened	1
“ever	1
interval	1
grunts	1
blades	1
peals	1
harpist	1
tense	1
nowadays	1
butted	1
sheaths	1
‘well	1
fort	1
bénédictine	1
sharpers	1
noisy	1
toothache	1
whiplashes	1
directed	1
puddles	1
customers	1
bristle	1
programme	1
farseeing	1
onto	1
prudence	1
filtered	1
disagreeably	1
purposely	1
haunted	1
iversons	1
“god	1
palsy	1
“sloping	1
blustery	1
awakening	1
penny	1
shootingcoat	1
irrelevant	1
etc	1
boxful	1
callers	1
fascinate	1
deeply	1
contagious	1
cycle	1
quivering	1
slung	1
worrying	1
“‘now	1
peg	1
minor	1
cliffs	1
butt	1
scraper	1
‘goodbye	1
skaguay	1
confused	1
“walk	1
recognizable	1
jew	1
bills	1
cowered	1
examinin	1
indolent	1
orangecolored	1
cracker	1
servants	1
exorbitant	1
milky	1
fifth	1
humanly	1
further	1
calmest	1
leos	1
waits	1
snowed	1
hieroglyphics	1
safety	1
murmur	1
scented	1
softened	1
destruction	1
unsympathetically	1
realest	1
pinafore	1
stitched	1
galloped	1
brightest	1
dragonslayer	1
“up	1
comfortingly	1
destiny	1
‘youre	1
goodnature	1
straggling	1
temperamentally	1
lavender	1
mustaches	1
maybasket	1
cares	1
presences	1
jensens	1
professor	1
fringes	1
hounds	1
sports	1
shadowless	1
flood	1
puppy	1
broth	1
underside	1
jovial	1
triple	1
clever	1
“rooshian	1
kneel	1
convict	1
clawing	1
plaiting	1
buryingground	1
excitable	1
guilty	1
embarrassing	1
squeal	1
trust	1
deceive	1
departure	1
condemnation	1
pleasanter	1
undisturbed	1
creeks	1
schoolteachers	1
admirable	1
enamel	1
snowfall	1
commodious	1
possibly	1
malady	1
pious	1
inconsiderate	1
lasted	1
xvi	1
windowshade	1
fatherless	1
unmercifully	1
regularly	1
impact	1
resentful	1
friendliness	1
pent	1
fleeced	1
bakers	1
skinned	1
chivalry	1
waterside	1
won	1
reflected	1
goodsbox	1
unwishful	1
beg	1
common	1
errand	1
angle	1
gleam	1
bathing	1
natives	1
turrible	1
despairing	1
carded	1
lightningflashes	1
disappointment	1
exciting	1
activities	1
lead	1
sorriest	1
spindle	1
nail	1
inherit	1
flattering	1
“josiah	1
tyranny	1
violets	1
groaned	1
wishbone	1
cooks	1
catalpa	1
soothingly	1
coveting	1
caped	1
eagerness	1
ropes	1
tinkling	1
compared	1
becomingly	1
wycliffe	1
fretful	1
anarchist	1
scowled	1
sentimental	1
mixingbowl	1
mollified	1
blister	1
bellowed	1
fancies	1
giggle	1
inestimably	1
allowance	1
plants	1
rebellious	1
flatiron	1
mischief	1
blasts	1
repulsed	1
insensible	1
groan	1
comedy	1
budding	1
arrogant	1
picks	1
goldgreen	1
dalys	1
preservingtime	1
blistered	1
“property	1
lunchbasket	1
muscularity	1
pedals	1
popped	1
willfully	1
roundcollared	1
congratulated	1
snowshoes	1
chopping	1
rome	1
negations	1
arrested	1
shores	1
wildly	1
carpentershop	1
“o	1
exhibiting	1
basic	1
inconsistency	1
“rigoletto	1
doorbell	1
individual	1
hectoringly	1
bravado	1
twinkle	1
pouring	1
stumble	1
piled	1
demure	1
bolts	1
salesmen	1
remiss	1
understandingly	1
female	1
bristly	1
chilled	1
announces	1
pedal	1
disapprobation	1
confront	1
blazed	1
flocks	1
gloriously	1
weakness	1
prodigies	1
diseases	1
alligatorskin	1
funerals	1
fittest	1
liningsilk	1
vicious	1
reproachfully	1
prudently	1
jerked	1
carve	1
foreheads	1
quantities	1
ashygray	1
horsehair	1
kinds	1
snout	1
official	1
drafthorse	1
flap	1
incredulously	1
grapearbor	1
instructorship	1
graduation	1
flowed	1
needle	1
predetermined	1
melody	1
inner	1
sockets	1
degraded	1
listlessly	1
palate	1
brief	1
immobility	1
spiteful	1
skated	1
penetrating	1
mastiffs	1
drooping	1
drafts	1
herded	1
uncovered	1
resumed	1
squalls	1
praise	1
ass	1
notions	1
mainly	1
shrubby	1
singsong	1
possessors	1
flurried	1
shamed	1
horselike	1
despair	1
remind	1
rearrange	1
smashed	1
“about	1
drunk	1
smiths	1
casually	1
distributing	1
creator	1
halfway	1
claptrap	1
transactions	1
throb	1
clipped	1
shaken	1
transferred	1
sideroad	1
totally	1
blundering	1
crushingly	1
slumber	1
houseful	1
blank	1
hypocritical	1
newlycreated	1
“much	1
flared	1
hemstitched	1
deliciousness	1
blushing	1
slavery	1
“jakey	1
poke	1
cheekbones	1
stopping	1
tracks	1
mission	1
agin	1
hooked	1
exemplary	1
pasting	1
roadside	1
predicted	1
acts	1
clip	1
customer	1
contentment	1
summoning	1
indifferent	1
treasured	1
latters	1
reaching	1
harry	1
flashing	1
tablecloths	1
hermitage	1
slippery	1
cuttingtables	1
noiseless	1
tip	1
ingeniously	1
teeach	1
liberalminded	1
main	1
hollyhock	1
“pussy	1
chopped	1
pleasantry	1
illusions	1
deficiencies	1
style	1
heartening	1
heavyodored	1
“make	1
blessed	1
pommel	1
greatest	1
comporting	1
powerful	1
xvii	1
headquarters	1
philosopher	1
bugs	1
deepseated	1
framed	1
observation	1
inherited	1
companions	1
“jan	1
broad	1
matthew	1
thrust	1
originally	1
“youd	1
bet	1
unspoken	1
trottingbuggy	1
almanack	1
fingerexercises	1
rigid	1
frontdoor	1
stalls	1
barroom	1
unexcited	1
yanked	1
grief	1
separating	1
boisterously	1
shapeless	1
centered	1
shifts	1
mornings	1
rake	1
glossy	1
faunlike	1
idiotic	1
milder	1
“tatinek	1
entertaining	1
cañon	1
sheik	1
presupposed	1
disfigure	1
gayer	1
veritable	1
mailed	1
truly	1
motive	1
ram	1
welltodo	1
undertook	1
cultivating	1
vision	1
anderson	1
coated	1
“always	1
employers	1
signal	1
pitied	1
rattle	1
desperately	1
laundress	1
floors	1
pistols	1
obliterated	1
alert	1
topaz	1
homesteaders	1
wrenched	1
outward	1
popularity	1
trace	1
succeeded	1
unsubstantial	1
timbers	1
buying	1
abreast	1
uniform	1
inlet	1
perplexing	1
dwelling	1
explorers	1
capote	1
hardpressed	1
drawhead	1
bathwater	1
stabled	1
shoulderblades	1
contained	1
kennel	1
rattlesnake	1
“lord	1
tank	1
syllable	1
griddlecakes	1
frontispiece	1
breastpocket	1
waistcoat	1
bay	1
combs	1
lilies	1
bawn	1
noahs	1
shared	1
wilted	1
