the	4750
and	2247
of	1944
to	1769
a	1684
he	1404
in	1332
his	1258
was	1170
had	932
that	774
it	611
with	576
for	546
at	495
they	480
father	477
but	417
were	410
on	408
i	401
him	390
not	383
from	383
as	382
their	352
bishop	346
this	325
her	282
there	275
by	274
when	266
you	265
one	259
is	252
been	251
all	245
be	234
them	216
have	215
an	209
into	203
old	202
she	201
no	191
out	188
like	185
latour	182
would	180
which	174
so	171
up	171
who	166
very	163
could	162
man	160
about	158
after	155
my	153
or	143
little	134
said	132
over	132
down	129
vaillant	129
will	129
long	127
two	124
upon	124
before	121
great	120
joseph	119
more	118
new	114
if	114
santa	113
came	111
are	110
fé	108
than	108
some	107
church	107
time	104
made	103
young	100
did	98
priest	97
padre	95
here	95
where	95
come	94
through	93
back	92
never	92
its	92
people	92
your	92
house	90
indian	90
me	89
men	89
these	87
do	87
own	86
himself	86
went	85
go	83
we	82
years	79
only	78
seemed	78
found	78
now	78
way	77
life	77
country	77
good	75
day	75
away	74
night	73
must	73
took	73
white	72
much	71
then	71
under	71
always	70
priests	70
indians	70
mexican	69
first	69
many	69
see	68
once	68
full	67
can	64
how	64
morning	62
even	60
while	59
jacinto	59
what	59
head	58
still	58
rock	58
put	57
well	57
brought	57
world	56
few	55
among	55
something	55
told	54
mountains	54
those	54
though	53
eyes	53
without	53
last	52
other	52
light	52
began	51
off	50
water	49
has	49
women	49
taos	49
martínez	49
face	49
such	49
nothing	48
bishops	48
too	48
mexico	48
place	48
pueblo	48
since	47
make	47
ever	47
boy	46
mountain	46
days	46
take	46
our	46
together	45
spanish	45
looked	45
olivares	45
poor	45
woman	44
trees	44
far	44
just	44
sat	44
fire	44
stood	44
against	44
red	43
used	43
any	43
between	43
home	43
know	43
hand	42
left	42
garden	42
again	41
french	41
rode	41
every	40
early	40
american	40
things	39
end	39
get	39
enough	38
year	38
asked	38
sent	38
black	38
lay	37
open	37
air	37
am	37
knew	37
earth	37
behind	37
thought	37
dark	37
floor	36
mother	36
high	35
set	35
another	35
st	35
missionary	35
until	35
felt	35
might	34
ago	34
mules	34
blankets	33
albuquerque	33
plain	33
heart	33
green	33
deep	33
god	33
across	33
silver	33
seen	32
tell	32
jean	32
friend	32
rose	32
already	32
say	31
often	31
blue	31
most	31
almost	31
ácoma	31
called	31
because	31
taken	31
three	31
hour	31
vicar	30
stone	30
miles	30
work	30
holy	30
each	30
mexicans	30
children	30
rich	30
yellow	29
moment	29
yet	29
lucero	29
room	29
keep	29
native	29
us	29
sand	28
heard	28
near	28
feet	28
lost	28
turned	28
gone	28
parish	28
find	28
saw	28
living	28
lived	28
both	28
think	28
should	28
same	28
sun	28
got	28
hung	27
hundred	27
look	27
wind	27
door	27
right	27
being	27
eusabio	27
hands	27
why	26
large	26
became	26
name	26
family	26
kept	26
mass	26
navajo	26
hills	26
gave	26
trail	26
walls	25
story	25
part	25
carried	25
beautiful	25
let	25
de	25
looking	25
desert	25
heavy	25
cathedral	25
done	25
horses	25
carson	25
bed	25
death	24
magdalena	24
going	24
beside	24
along	24
perhaps	24
town	24
soon	24
money	24
mind	24
rest	24
boys	24
friends	24
lying	24
road	24
table	23
diocese	23
indeed	23
better	23
france	23
fine	23
missions	23
body	23
nearly	23
grew	23
four	22
above	22
thing	22
missionaries	22
quite	22
certainly	22
kind	22
afternoon	22
dry	22
read	22
during	22
times	22
study	22
side	22
best	22
give	22
host	22
cold	22
lujon	21
visit	21
spring	21
religion	21
anything	21
coming	21
religious	21
covered	21
mule	21
half	21
gold	21
spoke	21
sense	21
wall	21
arroyo	21
strong	21
pecos	21
west	21
word	21
foot	21
adobe	21
grey	21
scarcely	21
archbishop	20
trinidad	20
whether	20
whole	20
need	20
building	20
human	20
rome	20
colorado	20
tree	20
trying	20
bernard	20
wagon	20
present	20
feel	20
guide	20
toward	20
shall	20
hard	20
spent	20
wife	20
wish	20
bring	20
girl	20
leave	20
mission	19
sky	19
sick	19
returned	19
brothers	19
journey	19
dead	19
whom	19
lips	19
help	19
padres	19
vaillants	19
want	19
matter	19
altar	19
colour	19
sometimes	19
everything	18
food	18
north	18
given	18
hope	18
supper	18
wooden	18
dear	18
dropped	18
next	18
known	18
fathers	18
yes	18
ohio	18
city	18
blessed	18
shoulders	18
within	18
ah	18
wore	18
mans	18
change	18
dinner	18
feeling	18
become	18
weeks	18
stable	18
evening	18
sound	17
thick	17
low	17
received	17
company	17
return	17
sleep	17
village	17
threw	17
latours	17
lady	17
english	17
short	17
smiled	17
believed	17
winter	17
rather	17
followed	17
cook	17
rain	17
passed	17
ride	17
rocks	16
happened	16
riding	16
candles	16
closed	16
son	16
eye	16
laguna	16
naked	16
arms	16
reached	16
durango	16
hondo	16
making	16
ground	16
wished	16
quickly	16
mora	16
hill	16
prayers	16
letter	16
built	16
navajos	16
shook	16
shape	16
except	16
flowers	15
afraid	15
stopped	15
friar	15
close	15
party	15
kitchen	15
houses	15
business	15
able	15
call	15
mesa	15
below	15
sisters	15
hair	15
fell	15
devout	15
brother	15
late	15
later	15
soft	15
having	15
horseback	15
service	15
meant	15
seńora	15
nor	15
seminary	15
running	15
order	15
snow	14
horse	14
school	14
thinking	14
figure	14
isleta	14
stream	14
antonio	14
alone	14
glad	14
manuel	14
canyon	14
sister	14
none	14
thousand	14
big	14
isabella	14
suddenly	14
point	14
talk	14
cross	14
south	14
bright	14
mouth	14
child	14
remarked	14
ill	14
growing	14
several	14
neck	14
drew	14
died	14
clean	13
eat	13
bent	13
age	13
afterward	13
lives	13
wild	13
may	13
husband	13
baltazar	13
san	13
entered	13
superior	13
live	13
moving	13
cannot	13
twenty	13
born	13
bread	13
picture	13
spend	13
voice	13
cut	13
either	13
learned	13
cassock	13
dying	13
experience	13
wide	13
fruit	13
jacintos	12
heaven	12
gardens	12
broke	12
land	12
storm	12
hear	12
court	12
bell	12
letters	12
street	12
handsome	12
ones	12
merely	12
love	12
daughter	12
pine	12
buckskin	12
wood	12
build	12
least	12
noticed	12
month	12
ran	12
chavez	12
denver	12
knees	12
sure	12
held	12
chair	12
watching	12
spain	12
small	12
remember	12
warm	12
liked	12
care	12
hours	12
contento	12
others	12
dońa	12
madame	12
passion	12
certain	12
coffee	12
taking	12
river	12
wine	12
changed	12
cardinal	12
itself	12
rio	12
case	12
dressed	12
led	12
courtyard	11
five	11
knelt	11
manuelito	11
reach	11
empty	11
pray	11
carriage	11
bought	11
delicate	11
alive	11
ate	11
soul	11
landscape	11
fields	11
die	11
gallegos	11
vicarate	11
settlement	11
tall	11
supposed	11
six	11
book	11
purpose	11
glass	11
true	11
virgin	11
grace	11
household	11
ear	11
older	11
territory	11
stay	11
camp	11
windows	11
oh	11
top	11
cloister	11
vestments	11
european	11
loved	11
shrine	11
jesus	11
stairway	11
ready	11
approached	11
slowly	11
brown	11
boots	11
juan	11
grande	11
abiquiu	11
tied	11
married	11
beginning	11
believe	11
catholics	11
el	11
sea	11
reflection	11
driven	11
somewhat	11
somewhere	10
showed	10
middle	10
talked	10
presence	10
months	10
inez	10
dried	10
christmas	10
flat	10
stop	10
square	10
quick	10
scene	10
played	10
kit	10
roof	10
cliff	10
philomčne	10
bad	10
sada	10
clothes	10
chamber	10
military	10
decided	10
valley	10
common	10
burning	10
gathered	10
arizona	10
roast	10
begin	10
slept	10
especially	10
themselves	10
orleans	10
natural	10
corner	10
seńor	10
today	10
filled	10
carry	10
watched	10
zuńi	10
farther	10
east	10
golden	10
longer	10
narrow	10
spaniards	10
cried	10
replied	10
dust	10
wrote	10
churches	10
season	10
coloured	10
tried	10
saddle	10
dont	10
remembered	10
cloud	10
abroad	10
faith	10
doubt	10
laid	10
nuns	10
sank	10
souls	10
bare	10
trunk	9
summer	9
tribe	9
pleasure	9
manner	9
reflected	9
run	9
mean	9
meet	9
music	9
solitary	9
try	9
exactly	9
flock	9
fireplace	9
mud	9
murmured	9
bird	9
form	9
hold	9
manners	9
ten	9
devotion	9
sheep	9
cactus	9
josephs	9
countenance	9
hidden	9
oreilly	9
winding	9
crucifix	9
americans	9
pale	9
beyond	9
fingers	9
size	9
moved	9
riom	9
clermont	9
broken	9
cave	9
admit	9
course	9
nose	9
clear	9
whose	9
blood	9
bear	9
fort	9
sunset	9
quality	9
standing	9
interest	9
grandfather	9
orchard	9
trouble	9
declared	9
del	9
glasses	9
fifty	9
velvet	9
lonely	9
shadow	9
personal	9
fresh	9
juniper	9
direction	9
distance	9
tucson	9
post	9
edge	9
episcopal	9
caught	9
whisky	9
fructosa	9
travelled	9
weather	9
spot	9
angelica	9
faces	9
begged	9
account	9
desire	9
affection	9
also	9
start	9
sharp	9
brandy	8
peach	8
round	8
grown	8
disappeared	8
wherever	8
happy	8
parishes	8
needed	8
mary	8
skins	8
severe	8
december	8
midnight	8
shadows	8
arrival	8
centuries	8
government	8
forth	8
chance	8
tone	8
repose	8
books	8
clouds	8
matters	8
easily	8
snake	8
younger	8
follow	8
rolled	8
terrible	8
means	8
anyone	8
buried	8
does	8
auvergne	8
else	8
crossed	8
sunlight	8
cardinals	8
words	8
ridden	8
second	8
paris	8
pleasant	8
marriages	8
plate	8
doorway	8
heads	8
tomorrow	8
probably	8
settled	8
shoulder	8
week	8
intelligence	8
power	8
miracle	8
easy	8
silent	8
interested	8
thirst	8
trader	8
struck	8
receive	8
sacred	8
convent	8
breast	8
shelter	8
wet	8
taste	8
appeared	8
distant	8
trip	8
miracles	8
opened	8
pious	8
don	8
eight	8
send	8
pablo	8
driver	8
unable	8
raised	8
meat	8
brilliant	8
comfort	8
laughed	8
guests	8
nature	8
catholic	8
stories	8
killed	8
fellow	8
arrived	8
speaking	8
christian	8
seems	8
devotions	8
quiet	8
special	8
hundreds	8
lake	8
language	8
hardly	8
baby	8
gate	7
dangerous	7
sight	7
chairs	7
plant	7
nobody	7
mere	7
write	7
worldly	7
ought	7
explain	7
pueblos	7
chapel	7
oldest	7
begun	7
rising	7
turn	7
drink	7
ways	7
strange	7
drinking	7
front	7
darkness	7
straight	7
spirits	7
observed	7
met	7
tonight	7
christóbal	7
less	7
soup	7
utterly	7
sandhills	7
plastered	7
hot	7
chelly	7
eminence	7
understand	7
ridge	7
seldom	7
bringing	7
telling	7
chin	7
seat	7
chimayo	7
lower	7
teeth	7
occasion	7
plains	7
holding	7
field	7
recalled	7
traders	7
worn	7
officers	7
state	7
violet	7
outside	7
travellers	7
kneeling	7
parents	7
fear	7
features	7
whispered	7
pińon	7
norte	7
smile	7
ferrand	7
sacrament	7
wanted	7
carved	7
listen	7
unless	7
lately	7
working	7
wrapped	7
written	7
action	7
trunks	7
carrying	7
spiritual	7
uncle	7
thin	7
meeting	7
moreover	7
frenchman	7
clay	7
beans	7
listened	7
crowded	7
reason	7
daybreak	7
cavern	7
junípero	7
marie	7
seated	7
walked	7
moon	7
parrot	7
placed	7
villa	7
future	7
saved	7
linen	7
heat	7
asleep	7
forty	7
la	7
paso	7
baptize	7
nearer	7
authority	7
martínezs	7
question	7
ask	7
pair	7
earthen	7
instead	7
begging	7
explained	7
creature	7
intelligent	7
governor	7
history	7
carsons	7
pretty	7
shirt	7
speak	7
hanging	7
mesas	7
softly	7
sighed	7
journeys	7
drawn	7
attended	7
watch	7
villages	6
play	6
fur	6
mantle	6
sort	6
revealed	6
leaves	6
surrounded	6
asking	6
simple	6
furniture	6
marry	6
harp	6
sitting	6
cooked	6
drop	6
important	6
sheets	6
continued	6
legs	6
line	6
consciousness	6
santiago	6
cruel	6
apparently	6
giving	6
plaza	6
curious	6
sides	6
trust	6
loggia	6
respect	6
creek	6
talking	6
training	6
fact	6
hospitable	6
chill	6
california	6
traveller	6
really	6
finding	6
companion	6
burro	6
shade	6
peak	6
tranquilino	6
directly	6
youth	6
reality	6
coats	6
peace	6
powerful	6
pay	6
fall	6
design	6
further	6
different	6
louis	6
around	6
gentle	6
congregation	6
destroyed	6
duties	6
maría	6
following	6
flesh	6
past	6
wonder	6
permitted	6
yonder	6
ass	6
fever	6
herself	6
devoted	6
army	6
preserved	6
college	6
thus	6
monastery	6
cool	6
cloak	6
silence	6
canyons	6
crimson	6
illness	6
society	6
marriage	6
sala	6
cassocks	6
servants	6
forget	6
cottonwood	6
use	6
shepherds	6
thoughts	6
estate	6
sum	6
breviary	6
pure	6
remarkable	6
seven	6
entertained	6
tongue	6
painted	6
fifteen	6
lead	6
waves	6
visitors	6
patio	6
surely	6
accomplished	6
sagebrush	6
luceros	6
banjo	6
ceremonies	6
length	6
flocks	6
period	6
council	6
number	6
worked	6
grape	6
allande	6
girls	6
remained	6
started	6
names	6
prayer	6
deal	6
beneath	6
knife	6
sixty	6
figures	6
fallen	6
crowd	6
actually	6
grow	6
quietly	6
ugly	6
memories	6
bottom	6
womans	6
allowed	6
added	6
whatever	6
hunt	6
franciscan	6
finished	6
saint	6
desk	6
soil	6
path	6
roses	6
group	6
required	6
sacristy	6
apostolic	6
intense	6
deserts	6
montferrand	6
enormous	6
warning	6
ladder	6
smoke	6
share	6
thirty	6
flashed	6
opportunity	6
travel	6
instruction	6
singing	6
immediately	6
proud	6
stand	6
gather	6
occupation	6
palm	6
blind	6
necessary	6
josé	6
situation	6
chili	6
blanchet	6
clearly	6
idea	6
mare	6
dawn	5
ears	5
clad	5
absence	5
push	5
divine	5
however	5
frontier	5
hurried	5
bore	5
washington	5
disposition	5
serious	5
ripe	5
declaring	5
awaiting	5
nights	5
departure	5
junipers	5
usual	5
dozen	5
pot	5
sandusky	5
lie	5
finally	5
served	5
charge	5
person	5
washing	5
peculiar	5
lawyer	5
sweet	5
isolated	5
oven	5
gently	5
released	5
ácomas	5
piece	5
saddlebags	5
lifted	5
camps	5
related	5
buffalo	5
lamb	5
hoped	5
serve	5
forward	5
suggested	5
scales	5
irish	5
washed	5
glance	5
priesthood	5
apart	5
sauce	5
walking	5
farms	5
countries	5
breakfast	5
gods	5
steep	5
besides	5
shawls	5
lightly	5
painting	5
taught	5
rags	5
parishioners	5
northern	5
considerable	5
murdered	5
anywhere	5
confidence	5
friendship	5
retired	5
continent	5
examined	5
flight	5
fetch	5
hardships	5
vanity	5
medals	5
hat	5
free	5
dismounted	5
feed	5
shaped	5
beasts	5
everyone	5
secret	5
suppose	5
recalling	5
news	5
poverty	5
passionately	5
fat	5
slight	5
supported	5
churchmen	5
logs	5
fashion	5
portrait	5
appointed	5
arrange	5
spotted	5
watchers	5
image	5
nine	5
employed	5
bishopric	5
revolt	5
cultivated	5
stirred	5
greeted	5
german	5
condition	5
vast	5
orders	5
opening	5
questioned	5
molny	5
solemn	5
tesuque	5
robes	5
astonished	5
wings	5
saying	5
western	5
queen	5
funeral	5
retirement	5
driving	5
clara	5
everybody	5
cherished	5
candle	5
addressed	5
reply	5
foreign	5
shut	5
iron	5
exclaimed	5
trails	5
candlelight	5
window	5
seeds	5
scout	5
gonzales	5
saints	5
leaving	5
coat	5
shrugged	5
lit	5
thrust	5
waiting	5
plenty	5
oclock	5
rapidly	5
fair	5
rugged	5
planted	5
husbands	5
streams	5
pass	5
pride	5
refuse	5
owned	5
towers	5
considered	5
strength	5
pains	5
unconscious	5
sprang	5
missionarys	5
stars	5
wondering	5
pack	5
spaniard	5
celebrated	5
neither	5
champagne	5
stupid	5
stranger	5
domingo	5
properly	5
portale	5
welcome	5
clever	5
hide	5
santo	5
horror	5
mateo	5
drive	5
troubled	5
hostile	5
badly	5
feathers	5
converts	5
francis	5
move	5
visitor	5
vegetation	5
usually	5
physical	5
glow	5
jacket	5
europe	5
bearing	5
glory	5
purple	5
blessing	5
tiny	5
jurisdiction	5
labour	5
widow	5
spirit	5
cares	5
mazzucchi	5
complained	5
correspondence	5
customs	5
whiteness	5
sit	5
ridges	5
realize	5
position	5
events	5
murmur	5
baltimore	5
gleaming	5
pointed	5
pink	5
bottle	5
trains	5
likely	5
blanket	5
polite	5
safe	5
astonishment	5
population	5
rocky	5
clothing	5
towns	5
diningroom	5
ledges	5
cherry	5
gregory	5
sideboard	5
show	5
aloud	5
protection	4
guard	4
dispatch	4
bands	4
ceremonial	4
gorges	4
lad	4
martyrdom	4
architect	4
chest	4
ceremony	4
wiped	4
provincial	4
song	4
monotonous	4
affair	4
ambition	4
uniform	4
pages	4
student	4
pick	4
tail	4
burst	4
orchards	4
arched	4
scattered	4
bunch	4
drum	4
hanged	4
changing	4
impossible	4
pace	4
embers	4
sin	4
enjoyed	4
report	4
catch	4
backs	4
terrace	4
refused	4
propaganda	4
drawing	4
birth	4
sacrifice	4
tamarisk	4
authorities	4
america	4
voices	4
baptisms	4
serving	4
sunday	4
fund	4
voyage	4
couple	4
festival	4
folds	4
hay	4
lace	4
pacing	4
leavenworth	4
pleased	4
row	4
neglect	4
monsignor	4
fray	4
hid	4
bitter	4
guest	4
haste	4
finger	4
curate	4
mutton	4
tired	4
exile	4
surprise	4
yourself	4
feast	4
salt	4
bosque	4
apricots	4
test	4
birds	4
getting	4
bac	4
martyrs	4
listening	4
sounded	4
magistrate	4
eager	4
fond	4
handed	4
particular	4
notary	4
proved	4
inside	4
broad	4
rounded	4
parrots	4
friendly	4
central	4
unusual	4
ring	4
wash	4
doors	4
separate	4
sunken	4
garment	4
passages	4
eating	4
evidence	4
helped	4
conçeptión	4
sandy	4
ruddy	4
irregular	4
clergy	4
stick	4
coffeepot	4
italy	4
states	4
parts	4
hole	4
intensely	4
compliment	4
collected	4
vicario	4
raise	4
hacienda	4
famous	4
spoken	4
slipped	4
boyhood	4
horrible	4
putting	4
cliffs	4
strings	4
third	4
superstitions	4
hes	4
grass	4
waist	4
protect	4
solitude	4
admired	4
desires	4
brutal	4
fixed	4
forehead	4
carefully	4
frail	4
confirmed	4
vegetables	4
breath	4
hurry	4
shaded	4
performed	4
reflections	4
importance	4
conception	4
urged	4
overhanging	4
conical	4
coronados	4
formed	4
wretched	4
bodies	4
basin	4
hopi	4
patch	4
rough	4
wound	4
guess	4
daylight	4
recover	4
redondo	4
olivaress	4
bernalillo	4
roads	4
twisted	4
regarded	4
busy	4
planned	4
date	4
laughter	4
vanished	4
rare	4
willing	4
note	4
roots	4
greasewood	4
alarmed	4
medicine	4
plateau	4
health	4
foliage	4
lip	4
grain	4
writing	4
break	4
wagons	4
ye	4
treasure	4
await	4
puydedôme	4
ovens	4
mood	4
sabino	4
cheeks	4
curiosity	4
valises	4
neighbours	4
cover	4
masters	4
odour	4
vine	4
twelve	4
declining	4
endurance	4
exhaustion	4
expected	4
torn	4
larger	4
saplings	4
steps	4
according	4
bound	4
mistress	4
crops	4
impression	4
nun	4
holes	4
hurt	4
revived	4
strangers	4
midi	4
imagination	4
altogether	4
sending	4
lively	4
reported	4
possible	4
heavier	4
highly	4
protestants	4
regard	4
handful	4
constantly	4
remain	4
shining	4
sign	4
sport	4
believing	4
pikes	4
examination	4
stones	4
turkey	4
neglected	4
moments	4
roman	4
nice	4
animals	4
moors	4
hogan	4
endured	4
rancheros	4
beliefs	4
accident	4
hillside	4
cloth	4
printed	4
wilderness	4
provided	4
sell	4
understood	4
retained	4
discipline	4
zeal	4
celebrating	4
whenever	4
horseman	4
buggy	4
dwelling	4
cisterns	4
dunes	4
deprive	4
stout	4
memory	4
absent	4
request	4
main	4
consequences	4
icy	4
services	4
goats	4
pity	4
wait	4
gracious	4
forgot	4
hosts	4
direct	4
flowing	4
ease	4
generations	4
moisture	4
sandstone	4
knows	4
base	4
pesos	4
cock	4
smoothed	4
wandering	4
judged	4
tilma	4
branches	4
surprised	4
seventy	4
shared	4
loose	4
ancient	4
neighbour	4
pistol	4
cousins	4
seeing	4
content	4
du	4
keeping	4
generally	4
ancestors	4
bones	4
lines	4
throwing	4
save	4
game	4
pile	4
folded	4
cry	4
dress	4
roll	4
leg	4
texas	4
buy	4
instantly	4
thousands	4
skill	4
simply	4
custom	4
king	4
richly	4
pocket	4
winds	4
returning	4
crack	4
arrow	4
appearance	4
arose	4
novena	4
facts	4
subject	4
arranged	4
ramón	4
growth	4
personality	4
bowed	4
autumn	4
recognized	4
vrain	4
master	4
style	4
christians	4
relatives	4
studying	4
wavy	4
masses	4
support	4
diligence	4
ceased	4
blossom	4
occasions	4
warmed	4
beaten	4
cup	4
secretary	4
exposure	4
romanesque	4
attached	4
candlesticks	4
simplicity	4
smaller	4
ranchos	4
violent	4
ardour	3
piled	3
shiprock	3
provisions	3
commandant	3
heathen	3
departed	3
borne	3
twice	3
disliked	3
cracks	3
grave	3
cant	3
unknown	3
possessions	3
ties	3
archbishops	3
drunk	3
midst	3
ditch	3
celibacy	3
answer	3
real	3
cleared	3
outline	3
nineteen	3
beating	3
unfortunately	3
gun	3
scanty	3
rule	3
conversation	3
decoration	3
bloom	3
poles	3
marius	3
drunken	3
cheerful	3
sunbaked	3
repeated	3
practical	3
christ	3
blossoms	3
greco	3
lasted	3
murderer	3
finest	3
regret	3
tilted	3
spit	3
railroad	3
prove	3
pain	3
count	3
tiptilted	3
concealed	3
truth	3
visiting	3
baltazars	3
harbour	3
smell	3
rigid	3
magnificent	3
awoke	3
property	3
auspice	3
plants	3
alike	3
annoyed	3
rebellion	3
dirty	3
lavender	3
schismatic	3
windowsills	3
irrigated	3
gorge	3
baskets	3
trained	3
legend	3
moorish	3
chose	3
o	3
spare	3
leaning	3
hunting	3
medicines	3
richest	3
thoughtful	3
walk	3
ahead	3
peoples	3
terrifying	3
laugh	3
vision	3
resident	3
carnelian	3
comfortable	3
attendance	3
success	3
xvi	3
possibly	3
weeping	3
difficulty	3
comely	3
virgins	3
goods	3
allow	3
developed	3
drank	3
acacia	3
lands	3
permanent	3
forgotten	3
benito	3
knowledge	3
lose	3
leisure	3
awakening	3
oraibi	3
depression	3
bags	3
napoleon	3
et	3
respectfully	3
toilet	3
proper	3
takes	3
ramóns	3
rockies	3
companions	3
cart	3
terror	3
lakes	3
becomes	3
pilgrimage	3
rugs	3
crosses	3
cloisters	3
beams	3
soldier	3
ranges	3
meadows	3
turquoise	3
require	3
handkerchief	3
chihuahua	3
sugar	3
announcing	3
bygone	3
closer	3
eusabios	3
managed	3
community	3
occupy	3
cruciform	3
station	3
ravines	3
onions	3
uniforms	3
curls	3
accepted	3
fierceness	3
comrade	3
massacre	3
collection	3
seasoned	3
preparing	3
agreed	3
relate	3
chamberlain	3
excitement	3
shores	3
climbed	3
hospitality	3
perplexity	3
descending	3
drooping	3
guadalupe	3
suspect	3
kill	3
fragrance	3
map	3
kingdom	3
ours	3
warfare	3
announced	3
thy	3
enter	3
add	3
places	3
vitality	3
casa	3
pillows	3
appeal	3
homeward	3
rosa	3
trousers	3
treated	3
housekeeper	3
saviour	3
stole	3
towering	3
frenchmen	3
dollars	3
adventure	3
dreams	3
peculiarly	3
burial	3
objects	3
waste	3
los	3
ruin	3
sleeping	3
boasted	3
honest	3
hunger	3
gambler	3
fortitude	3
posts	3
ordinary	3
firelight	3
clusters	3
slaves	3
slender	3
bedding	3
measles	3
danger	3
trapper	3
politics	3
salad	3
ink	3
offered	3
blooms	3
ornaments	3
view	3
thinly	3
ave	3
waved	3
beautifully	3
influential	3
observing	3
nephew	3
february	3
sangre	3
hollow	3
banks	3
intently	3
bathe	3
reforms	3
numbers	3
accompany	3
band	3
jealous	3
agreeable	3
type	3
miraculous	3
streak	3
kindly	3
breaking	3
practised	3
suffering	3
eve	3
lord	3
naturally	3
relaxed	3
wounds	3
mothers	3
fish	3
flash	3
execution	3
profit	3
lighted	3
united	3
amused	3
medal	3
accidents	3
otherwise	3
brow	3
avoided	3
strongly	3
crag	3
gothic	3
guessed	3
political	3
temporary	3
travelling	3
cincinnati	3
hated	3
vest	3
pen	3
cotton	3
cradle	3
cellar	3
gaunt	3
burned	3
refinement	3
baked	3
orange	3
duty	3
faithful	3
deepest	3
art	3
resolve	3
sing	3
increase	3
occupied	3
baptized	3
homely	3
yankee	3
drove	3
shown	3
wishes	3
pictures	3
courage	3
outbreak	3
midday	3
persuade	3
pasture	3
continually	3
chiefly	3
flattened	3
occurred	3
rosary	3
napkin	3
honour	3
xavier	3
eveningstar	3
throughout	3
lamp	3
tables	3
streets	3
inquired	3
murmuring	3
rivers	3
kissed	3
discovered	3
angelus	3
noon	3
motion	3
root	3
inscription	3
ribs	3
barely	3
peppers	3
war	3
immemorial	3
motionless	3
waited	3
stables	3
dwelt	3
revardy	3
comforts	3
greeting	3
onion	3
threatened	3
envy	3
confirmation	3
stage	3
ruins	3
fleece	3
smiling	3
smiths	3
possession	3
chiquito	3
painful	3
cooks	3
corn	3
popular	3
bluegreen	3
monk	3
mysterious	3
clipped	3
ordained	3
prosperous	3
article	3
churchyard	3
affairs	3
active	3
hunters	3
setting	3
faster	3
nightfall	3
interfere	3
confessions	3
evidently	3
singular	3
yours	3
produce	3
horsemen	3
assisted	3
seem	3
sweep	3
loaf	3
savage	3
reproach	3
streaming	3
pushed	3
runner	3
leaped	3
recreation	3
escape	3
struggled	3
search	3
builders	3
separated	3
antiquity	3
interior	3
aged	3
refectory	3
converse	3
dug	3
servant	3
zumarraga	3
vivid	3
consider	3
promise	3
ramirez	3
thief	3
recognize	3
dancing	3
satisfied	3
repaired	3
agreeably	3
choose	3
organization	3
despite	3
experienced	3
ŕ	3
fully	3
restless	3
slopes	3
delicately	3
shrank	3
smooth	3
fireside	3
single	3
audience	3
safety	3
official	3
woodhouse	3
addition	3
barnyard	3
phrase	3
sudden	3
perpetual	3
packmule	3
aside	3
unimportant	3
fight	3
secure	3
loyalty	3
meditated	3
annexed	3
suggestion	3
weigh	3
material	3
staying	3
bluish	3
excellent	3
entrance	3
briskly	3
promised	3
faded	3
greatly	3
nourished	3
ashes	3
trade	3
stopping	3
sunk	3
pledged	3
glanced	3
doves	3
shrug	3
example	3
schism	3
hostess	3
creatures	3
chicken	3
compassion	3
willows	3
lights	3
maria	3
latin	3
carelessly	3
surface	3
baptism	3
buildings	3
galveston	3
discussed	3
failing	3
bow	3
customary	3
presented	3
tawny	3
player	3
manhood	3
torture	3
waken	3
carrots	3
swarthy	3
originally	3
companionship	3
rancho	3
needs	3
cristo	3
swung	3
peons	3
cruz	3
superb	3
luck	3
stirring	3
impressive	3
drops	3
sigh	3
doctor	3
popes	3
ledge	3
beloved	3
salutation	3
slightly	3
bid	3
shawl	3
stores	3
mile	3
sandia	3
seńorita	3
satin	3
boldly	3
worth	3
trifle	3
looks	3
cooking	3
worship	3
cest	3
graces	3
sonora	3
kansas	3
corrals	3
platter	3
fox	3
silently	3
nervous	3
minds	3
office	3
tobacco	3
referred	3
tin	3
countless	3
soldiers	3
defeat	3
cigar	3
entirely	3
bloody	3
wrong	3
embroidered	3
struggle	3
saving	3
venetian	3
granite	3
boundaries	3
strokes	3
risk	3
fighting	3
rue	3
stayed	3
accordingly	3
bells	3
sadly	3
evil	3
surroundings	3
repeat	3
prepared	3
pacific	3
buck	3
instrument	3
familiar	3
solid	3
instructed	3
precious	3
tops	3
inhabitants	3
kindness	3
recall	3
tormented	3
comes	3
attend	3
ocean	3
sandias	3
hastened	3
widower	3
intended	3
contemplation	3
curtains	3
reminded	3
rein	3
whitewashed	3
reward	3
augustine	3
infant	3
parted	3
admitted	3
plan	3
leading	3
clumsy	3
fasts	3
dull	3
beauty	3
loretto	3
shorter	3
stuck	3
deeply	3
site	3
fiercely	3
escaping	3
ranch	3
calling	3
grove	3
yesterday	3
dances	3
tennis	3
press	3
patches	3
favourite	3
act	3
intercourse	3
im	3
satisfaction	3
instructions	3
miser	3
georgia	3
descended	3
rise	3
hereafter	3
exhausted	3
stronger	3
sang	3
infidels	3
milk	3
conduct	3
realized	3
charming	3
absolutely	3
parting	3
expression	3
conditions	3
private	3
explanation	3
blowing	3
rubbing	3
train	3
greater	3
rim	3
wrung	3
departing	3
enemy	3
rattlesnakes	3
silvery	3
haycocks	3
assured	3
formally	3
effect	3
trading	3
visited	3
conducted	3
key	3
treacherous	3
remote	3
thumb	3
pieces	3
meaning	3
sandstorms	3
twilight	3
shedding	2
entrusted	2
belief	2
mares	2
speed	2
piles	2
recovered	2
painters	2
reveal	2
depths	2
lacking	2
ends	2
crawled	2
feminine	2
contentos	2
afterglow	2
defeated	2
traditions	2
oil	2
weary	2
chain	2
playing	2
wearing	2
plums	2
introduce	2
confusion	2
imagine	2
library	2
smother	2
fir	2
notice	2
confessed	2
nearest	2
miners	2
europeans	2
advice	2
sixteen	2
grand	2
excommunication	2
retreat	2
calmed	2
sanded	2
welcomed	2
tyrannical	2
tailor	2
slid	2
shelf	2
muffled	2
stolen	2
oaks	2
splash	2
rosy	2
peon	2
deerskin	2
flights	2
shapes	2
poured	2
title	2
doorways	2
agathonica	2
noiselessly	2
sold	2
escort	2
profound	2
marrying	2
natures	2
mediterranean	2
disguised	2
value	2
lodged	2
dizzy	2
meagre	2
mount	2
gown	2
copied	2
distended	2
whence	2
depth	2
ranchero	2
lift	2
auvergnats	2
quarrel	2
attention	2
bade	2
extent	2
kentucky	2
route	2
temper	2
splendid	2
display	2
magic	2
freely	2
comeliness	2
equestrian	2
antonios	2
electric	2
shipwreck	2
tomb	2
concerned	2
warned	2
paid	2
safely	2
carpenters	2
higher	2
stumbled	2
borrowed	2
engaged	2
landmarks	2
reserve	2
raiment	2
exacting	2
decline	2
september	2
ruined	2
solemnly	2
broadcloth	2
refined	2
slaughtered	2
frockcoat	2
picked	2
resting	2
pushing	2
shivering	2
noted	2
worlds	2
heap	2
highest	2
cigarette	2
refilled	2
spade	2
fierce	2
persistence	2
variety	2
wrist	2
josepha	2
pińons	2
gallery	2
fatal	2
scenes	2
spits	2
assembled	2
springs	2
spread	2
thinks	2
grandson	2
cooper	2
slovenly	2
record	2
eagle	2
pelts	2
myself	2
devotedly	2
amazement	2
aspen	2
sympathy	2
sad	2
england	2
wrongs	2
trompelamort	2
creamcoloured	2
bonds	2
alcove	2
smith	2
kitchengarden	2
doll	2
twin	2
plead	2
dough	2
westward	2
homestaying	2
grant	2
discuss	2
airy	2
earliest	2
dare	2
flushed	2
dearest	2
suffered	2
captains	2
olive	2
starving	2
rate	2
voudrais	2
extremity	2
bull	2
capital	2
melted	2
oxen	2
scholars	2
cuffs	2
oliveoil	2
matted	2
garments	2
rivals	2
changes	2
insisted	2
interrupted	2
chaplain	2
lambs	2
incense	2
conveniently	2
carries	2
script	2
plays	2
climb	2
outfit	2
sped	2
falls	2
scarlet	2
benitos	2
winters	2
extraordinary	2
administration	2
transformed	2
facing	2
dinnertime	2
skin	2
poorest	2
temporal	2
caravan	2
households	2
bayonet	2
palace	2
strangely	2
forgiveness	2
amid	2
apaches	2
conviction	2
drag	2
overhead	2
martyrology	2
visitation	2
fringed	2
firewood	2
owner	2
improvised	2
intrusive	2
germans	2
box	2
similar	2
flimsy	2
anxiously	2
snatching	2
consideration	2
goat	2
formal	2
discover	2
perceived	2
resolved	2
verdict	2
recovery	2
dignified	2
struggling	2
seek	2
odd	2
dining	2
pulled	2
pilgrimages	2
mat	2
antagonize	2
constant	2
kivas	2
trappers	2
amazed	2
refuge	2
homesick	2
wardrobe	2
stricken	2
livestock	2
shone	2
promenade	2
protested	2
grandfathers	2
belittling	2
surrender	2
vapour	2
artificial	2
coach	2
destiny	2
respected	2
mourning	2
beast	2
frantic	2
ravine	2
bernardino	2
careful	2
purchase	2
papers	2
valued	2
behold	2
hogans	2
mysteries	2
wyoming	2
halting	2
courtesy	2
disorder	2
tyranny	2
chastity	2
doubtless	2
thunder	2
movements	2
superfluous	2
vain	2
touched	2
reckoning	2
weariness	2
vague	2
oxcart	2
shouted	2
arm	2
gossip	2
forests	2
woodshed	2
gain	2
apples	2
resulting	2
images	2
crust	2
speech	2
clouded	2
awaited	2
watered	2
betrayal	2
mode	2
fourth	2
le	2
reasons	2
ruinous	2
expedition	2
concubinage	2
copper	2
pascal	2
propagation	2
distrusted	2
wear	2
comparison	2
ladies	2
founding	2
succession	2
caring	2
vines	2
undertaken	2
flavour	2
genial	2
perceptions	2
acted	2
joined	2
sake	2
shirts	2
touch	2
bison	2
starting	2
sprinkling	2
effects	2
sleeper	2
everywhere	2
pedro	2
coffin	2
defraud	2
charity	2
nearsighted	2
newspapers	2
boat	2
rival	2
planning	2
naďf	2
wrinkled	2
please	2
shaking	2
obliterated	2
infidel	2
shoes	2
consulting	2
model	2
general	2
grandchildren	2
stripped	2
reading	2
market	2
stretched	2
patroness	2
rank	2
elegant	2
sands	2
movement	2
bold	2
sail	2
les	2
vie	2
wills	2
assist	2
pleasing	2
wiry	2
wouldnt	2
walled	2
wanderings	2
quarters	2
repeatedly	2
cargo	2
spots	2
somebody	2
tapestries	2
amusing	2
confinement	2
choice	2
bloodcurdling	2
opera	2
rigidly	2
equipment	2
hearing	2
mississippi	2
brings	2
notable	2
bajada	2
volvic	2
silversmiths	2
embarrassed	2
mistaken	2
veneration	2
refugees	2
southern	2
acres	2
depressed	2
ilex	2
linked	2
crouching	2
sung	2
overlooking	2
clamber	2
values	2
picking	2
prisoner	2
habits	2
invitation	2
force	2
reconcile	2
advise	2
tastes	2
national	2
brush	2
undertake	2
stock	2
vigorous	2
enjoy	2
activity	2
splinter	2
jars	2
clover	2
surmised	2
fix	2
cars	2
delight	2
dealt	2
questions	2
waterhead	2
portion	2
disturbing	2
harshly	2
catalogue	2
attendant	2
presents	2
pressed	2
qualities	2
loud	2
superficial	2
carneliancoloured	2
cities	2
gravely	2
vatican	2
tu	2
tossing	2
fairly	2
tents	2
untouched	2
assuredly	2
lain	2
lover	2
flowed	2
tasted	2
fortune	2
humble	2
subdued	2
furnishings	2
accustomed	2
perished	2
elastic	2
flakes	2
bleak	2
brooms	2
invisible	2
coarse	2
wampum	2
oxcarts	2
scooped	2
sombre	2
thoughtfully	2
decisions	2
chestnuts	2
discomforts	2
hardy	2
wont	2
activities	2
cluster	2
thanked	2
sorrow	2
muscular	2
bridles	2
addressing	2
routes	2
layers	2
kick	2
cottonwoods	2
intruder	2
won	2
cathedrals	2
approaching	2
useless	2
generously	2
panes	2
sofa	2
praying	2
slower	2
diet	2
cuttings	2
natives	2
halfstarved	2
necks	2
spreading	2
ourselves	2
humour	2
false	2
introduction	2
convinced	2
objective	2
losing	2
gifts	2
law	2
someone	2
miraculously	2
consistently	2
sword	2
relation	2
seeming	2
arouse	2
apple	2
enthusiasm	2
happiness	2
centre	2
bit	2
suggest	2
suppertable	2
gratify	2
muleteer	2
grows	2
satisfy	2
match	2
heresy	2
enemies	2
backbone	2
named	2
confronted	2
calabozo	2
warn	2
ideal	2
repair	2
sheer	2
quarrels	2
piously	2
tempt	2
civilization	2
missouri	2
sniffed	2
utter	2
accomplish	2
obscured	2
dropping	2
brink	2
costumes	2
oriental	2
theirs	2
cling	2
wing	2
desired	2
settlers	2
thirsty	2
deed	2
estufa	2
nomad	2
happening	2
preparation	2
boulder	2
whirl	2
blinking	2
stableboy	2
swathed	2
hopes	2
silvered	2
unwillingly	2
stepped	2
wheels	2
trace	2
stem	2
marvelled	2
overcome	2
fortytwo	2
raids	2
pots	2
glancing	2
tapers	2
serpent	2
leaders	2
arches	2
feather	2
rob	2
cowboys	2
awful	2
seconds	2
brethren	2
clerical	2
laughing	2
mixed	2
recital	2
interesting	2
chapter	2
gateway	2
missed	2
colony	2
skilled	2
refusing	2
mining	2
veil	2
lowly	2
waking	2
ailing	2
cast	2
ego	2
intensity	2
cork	2
venerable	2
philomčnes	2
wars	2
domesticated	2
cuts	2
gradually	2
becoming	2
neatly	2
exhaustless	2
throw	2
drouth	2
heaped	2
wise	2
rightly	2
norman	2
towcoloured	2
rosaries	2
selected	2
remnant	2
till	2
hurrying	2
huddled	2
sensitive	2
families	2
poker	2
sorts	2
disagreeable	2
nursery	2
relapsed	2
wave	2
mockingbird	2
scouts	2
thread	2
northeast	2
rosecoloured	2
vintages	2
tenderness	2
tropical	2
cot	2
evenings	2
evergreen	2
thinner	2
legal	2
inky	2
star	2
displeasure	2
rockturtles	2
conferences	2
occasionally	2
conference	2
pounds	2
document	2
indignant	2
persuaded	2
anticipated	2
fast	2
blank	2
reaching	2
taladrid	2
sacrilege	2
lotus	2
submissively	2
ochre	2
sweetness	2
sullen	2
whites	2
tamarisks	2
delay	2
cebolleta	2
spoil	2
palate	2
reconciled	2
pronounced	2
ship	2
professional	2
adore	2
poplars	2
lust	2
crystal	2
succeeded	2
nieces	2
academy	2
nails	2
patience	2
drafts	2
bowing	2
periodic	2
tradition	2
canteen	2
continence	2
je	2
flood	2
hammered	2
crossing	2
ignorance	2
residence	2
lock	2
cowered	2
compose	2
easter	2
truchas	2
maybe	2
materials	2
purify	2
coast	2
sharply	2
threatening	2
curtain	2
inner	2
complexion	2
sardonic	2
advised	2
sons	2
frankly	2
eastern	2
amounted	2
canadian	2
slow	2
particularly	2
convert	2
sanctify	2
cabin	2
forced	2
wines	2
bronze	2
understanding	2
lazy	2
observe	2
rites	2
appetite	2
inflection	2
faint	2
lacework	2
scandalous	2
perform	2
thrown	2
nave	2
renowned	2
rejoiced	2
herbs	2
buying	2
rushing	2
skull	2
tales	2
beg	2
disciple	2
goddess	2
monsignori	2
withdrawn	2
napkins	2
couples	2
captain	2
verdant	2
appreciation	2
cola	2
cholera	2
aunt	2
boyd	2
tongues	2
vessels	2
summoned	2
turquoises	2
rights	2
presently	2
infants	2
selfish	2
chief	2
legends	2
fondly	2
lustrous	2
timbers	2
sternly	2
abandoned	2
seam	2
gay	2
refreshing	2
delusion	2
interference	2
confess	2
pour	2
spines	2
famished	2
prelate	2
adjoining	2
hungry	2
peters	2
bolted	2
scalp	2
pretext	2
rides	2
forest	2
canvas	2
delighted	2
baker	2
breathed	2
pope	2
childhood	2
daily	2
loaded	2
declare	2
choir	2
fervour	2
giggling	2
region	2
armour	2
mattress	2
escolastico	2
goodness	2
raising	2
rooster	2
nephews	2
sheepskin	2
messenger	2
paler	2
rainstorm	2
errands	2
protecting	2
happier	2
paper	2
bulk	2
stiff	2
precipice	2
stomach	2
individual	2
breeze	2
stooping	2
furnished	2
deaf	2
starlight	2
closely	2
illuminating	2
fenimore	2
doubtful	2
alarming	2
spark	2
trotted	2
difficult	2
impetuous	2
spilled	2
frijoles	2
galloped	2
gardener	2
conejos	2
dwell	2
cia	2
lifetime	2
quivering	2
reluctance	2
friendliness	2
willingly	2
dispatched	2
parties	2
locked	2
boyish	2
opinion	2
generous	2
purposes	2
comete	2
saddles	2
shy	2
jesuits	2
stew	2
countryside	2
awake	2
social	2
arrested	2
bleating	2
insist	2
blew	2
prickly	2
hint	2
silk	2
pet	2
arbour	2
grazing	2
ax	2
aspect	2
flower	2
popé	2
hare	2
completed	2
carnal	2
fuel	2
lateral	2
cutting	2
dogs	2
varieties	2
enclosed	2
students	2
shouting	2
hiding	2
upward	2
expulsion	2
schooled	2
bathed	2
bottles	2
bone	2
confession	2
s	2
pitiful	2
benefit	2
swift	2
statement	2
examine	2
corners	2
stake	2
shot	2
deathbed	2
overgrown	2
apt	2
crying	2
deposits	2
colours	2
feverish	2
step	2
closing	2
therefore	2
miguel	2
warranted	2
lest	2
vehemence	2
auvergnat	2
anxiety	2
offering	2
floating	2
faggots	2
funny	2
aromatic	2
farm	2
italian	2
explorers	2
ankle	2
pouring	2
buttons	2
mutinied	2
grateful	2
original	2
fountain	2
hunted	2
floated	2
horsechestnuts	2
lunch	2
newly	2
decorated	2
shovel	2
executed	2
steel	2
settle	2
acts	2
apparition	2
outer	2
wiping	2
smoothly	2
dollar	2
confused	2
failed	2
earthy	2
torment	2
damp	2
scholarship	2
storms	2
pathless	2
granted	2
negro	2
swollen	2
increasing	2
oleander	2
populous	2
que	2
admiring	2
wasted	2
beheld	2
lofty	2
salvatore	2
forks	2
travels	2
privilege	2
violence	2
claret	2
bank	2
muleback	2
climate	2
balustrade	2
originated	2
raphael	2
structure	2
flatly	2
apron	2
judgment	2
disappointed	2
loss	2
spoiled	2
fired	2
leap	2
beanpot	2
rubbed	2
peaches	2
hers	2
reservation	2
rolling	2
pagan	2
preoccupied	2
curiously	2
redskins	2
instruct	2
relief	2
feared	2
perish	2
chests	2
select	2
suffer	2
discouraged	2
dominoes	2
overtook	2
interval	2
compelled	2
vertigo	2
proceeded	2
administer	2
deliberate	2
vomit	2
fed	2
scandal	2
persecution	2
corral	2
hardest	2
hospital	2
temperament	2
straw	2
probable	2
calls	2
stretch	2
influence	2
enlarged	2
brickdust	2
ceremoniously	2
heroic	2
flickered	2
throbbed	2
juníperos	2
firm	2
throng	2
plumes	2
beckoned	2
spurs	2
criminals	2
congested	2
edges	2
stocked	2
introduced	2
issued	2
accent	2
reflective	2
wavering	2
gesture	2
architects	2
railway	2
cause	2
snatch	2
mounted	2
wart	2
sleet	2
shoot	2
conveyed	2
adopted	2
sealed	2
varmint	2
unfailing	2
hardness	2
resembling	2
captive	2
anybody	2
worse	2
hopis	2
behaviour	2
survivors	2
stroked	2
friars	2
guides	2
control	2
leaned	2
fibre	2
merry	2
noise	2
theology	2
rumbling	2
cones	2
dwellings	2
snatched	2
vineyards	2
vicars	2
glittering	2
vegetable	2
enduring	2
noble	2
squashes	2
polished	2
pyramid	2
antediluvian	2
neat	2
ladled	2
opposite	2
turkeys	2
guarded	2
sir	2
triangle	2
loneliness	2
geometrical	2
dusty	2
sprays	2
plunged	2
communicate	2
paths	2
lawless	2
captured	2
uncles	2
bareheaded	2
guidance	2
aint	2
problem	2
bareness	2
paloma	2
unimaginable	2
careless	2
dome	2
procession	2
july	2
stiffened	2
weight	2
childs	2
result	2
dirt	2
indulgence	2
bitten	2
scant	2
hardship	2
repeating	2
killing	2
areas	2
recuperate	2
reverence	2
suited	2
doing	2
goldcoloured	2
mine	2
belong	2
attitude	2
sharpened	2
fiftytwo	2
uneasily	2
practise	2
rows	2
memorable	2
undoing	2
tender	2
vapours	2
rabbit	2
furthermore	2
thirtyfive	2
languages	2
roadside	2
babies	2
mon	2
bees	2
exhibited	2
planks	2
gulf	2
level	2
papal	2
tints	2
seclusion	2
fiftythree	2
sickness	2
pastures	2
grim	2
laden	2
guild	2
willow	2
consecrated	2
spacious	2
tread	2
forms	2
halfwitted	2
saddled	2
scalped	2
command	2
gritty	2
nodded	2
tribute	2
anguish	2
perception	2
orifice	2
armed	2
cheese	2
unseen	2
hardened	2
rooms	2
attack	2
fitted	2
toil	2
motioned	2
snuff	2
says	2
discussing	2
frightened	2
collar	2
fright	2
former	2
bondwoman	2
difficulties	2
trips	1
topswavelike	1
embarked	1
baggage	1
hastily	1
atrophy	1
joy	1
denied	1
groups	1
pigeons	1
lateran	1
frighten	1
accommodating	1
beds	1
successors	1
spirited	1
fertile	1
beaver	1
aggrieved	1
recognition	1
evillooking	1
dipped	1
beauties	1
walnut	1
perfecting	1
occur	1
tucked	1
outlet	1
territories	1
hearth	1
omnipresence	1
exposing	1
vigour	1
frémont	1
embarrass	1
acacias	1
fluid	1
himto	1
camped	1
blunted	1
progressive	1
unsolicited	1
pillage	1
appropriate	1
acomita	1
footing	1
elegantly	1
pomegranates	1
lucky	1
ducrot	1
bide	1
halted	1
coldness	1
plates	1
squatters	1
feasts	1
vaillanthomely	1
shelves	1
restore	1
oppressive	1
tropics	1
habitat	1
attachments	1
condiment	1
marks	1
melodies	1
penitential	1
conveyance	1
daffodils	1
remembrance	1
crescent	1
bears	1
cake	1
wrappings	1
blaze	1
foothold	1
allowing	1
comprehensible	1
seminarian	1
moonlight	1
extensively	1
guns	1
muted	1
freshly	1
reproof	1
tumour	1
southwest	1
reverses	1
doorsillthe	1
rattlers	1
uncertainly	1
ministrants	1
virgindaughter	1
homes	1
squirrel	1
magdalenas	1
defile	1
gnawing	1
vista	1
overhang	1
stormcut	1
thoroughly	1
flatcut	1
price	1
classics	1
tranquilinos	1
disloyal	1
honey	1
humanly	1
pretended	1
logic	1
academic	1
snowy	1
calico	1
enraged	1
smelled	1
reviewing	1
desisted	1
unstrapped	1
rashnessbut	1
shrinkage	1
diagrammed	1
outwitted	1
impotent	1
impractical	1
doubted	1
maxim	1
diadems	1
oldthree	1
exult	1
cabins	1
staring	1
amity	1
reconquered	1
seaport	1
heaping	1
emptied	1
cruets	1
armsa	1
medicinal	1
lettuce	1
spectacular	1
twinkling	1
luscious	1
heavens	1
radiant	1
stabbed	1
impressively	1
sticks	1
lilacs	1
strongbox	1
traversing	1
sheet	1
curl	1
fault	1
interminable	1
male	1
cornhusk	1
prevent	1
parlourhis	1
signed	1
tableand	1
intermingled	1
twisting	1
decide	1
vegas	1
concept	1
challenge	1
hut	1
despising	1
mouththe	1
eloquence	1
thence	1
discriminating	1
byron	1
stimulated	1
drivers	1
shine	1
executioners	1
hoard	1
peaceful	1
placidly	1
claim	1
goes	1
cruelty	1
striped	1
clutches	1
cleavage	1
cornerher	1
wineskin	1
ceaseless	1
access	1
thank	1
queershaped	1
featurelessor	1
drouths	1
hudson	1
seized	1
luncheon	1
whittled	1
greedy	1
review	1
verdure	1
passage	1
prime	1
treasures	1
vexed	1
imperceptible	1
entreated	1
wire	1
preservation	1
rhone	1
venison	1
dyers	1
weak	1
leads	1
renouncing	1
concluded	1
quenched	1
reboso	1
machine	1
sainted	1
nightshades	1
pneumonia	1
tolled	1
diego	1
draft	1
blandly	1
gaudily	1
champagnethree	1
abruptly	1
stringsbut	1
heavily	1
rustled	1
decidedly	1
subterranean	1
fatigue	1
resolution	1
pitifully	1
prospect	1
establish	1
sufferings	1
uprising	1
birdcage	1
sensual	1
populations	1
cordial	1
pretence	1
basket	1
terribly	1
hath	1
gradual	1
dishwashing	1
blonde	1
convention	1
extreme	1
ollas	1
vieille	1
rent	1
chosen	1
stillness	1
parchment	1
hooked	1
assistant	1
plumpness	1
eggs	1
indianfighter	1
swelled	1
internal	1
axles	1
truly	1
tyrant	1
prints	1
boundary	1
depressions	1
encounter	1
scourgings	1
cloudburst	1
deprecating	1
estimate	1
wishing	1
dryest	1
supplications	1
yearned	1
midsummer	1
sole	1
scantiness	1
lewd	1
beggars	1
terms	1
knotted	1
rations	1
requested	1
noun	1
snakelike	1
moqui	1
corridors	1
corpus	1
patted	1
blazed	1
insupportable	1
pebbly	1
felty	1
saladoil	1
exaltation	1
passenger	1
lowliest	1
burgundy	1
merrymaking	1
savages	1
knitted	1
sleeve	1
blesses	1
cravat	1
loosely	1
bachelor	1
hopping	1
stark	1
déjeuner	1
pastors	1
restlessly	1
unabashed	1
tent	1
inquiry	1
whispering	1
shallow	1
tossed	1
veranda	1
goldcrazed	1
models	1
domine	1
housewives	1
sweeter	1
upright	1
thorns	1
speedy	1
uncivil	1
avail	1
happily	1
packmules	1
carpet	1
trusted	1
nation	1
congratulate	1
nations	1
youths	1
tears	1
andhe	1
dissolute	1
fours	1
flowering	1
conquerors	1
caped	1
labours	1
hillslope	1
entertainment	1
slave	1
mineral	1
drying	1
rudimentary	1
pueblowhere	1
nętre	1
lawn	1
brook	1
favour	1
sets	1
jeering	1
climax	1
recklessness	1
progenitor	1
wellspoken	1
clambered	1
prejudice	1
commercially	1
factorymade	1
manages	1
mouthful	1
undue	1
vicargeneral	1
remains	1
climates	1
loins	1
twentyfive	1
th	1
slaty	1
cheers	1
winner	1
terraced	1
russian	1
preference	1
locomotive	1
rented	1
gloom	1
howl	1
letterless	1
resources	1
proposition	1
himpart	1
painless	1
souppot	1
hateful	1
husbandman	1
arrest	1
powerfully	1
arduous	1
disconsolately	1
domeshaped	1
blunttipped	1
mesh	1
communal	1
blazing	1
scratch	1
laces	1
crumbling	1
humming	1
countrymen	1
asylum	1
grip	1
castoff	1
gauzy	1
darker	1
corrected	1
suspicious	1
types	1
distressed	1
rascals	1
kinsfolk	1
sweetsmelling	1
china	1
jacques	1
noster	1
starchy	1
regretted	1
breeder	1
halfcircles	1
confident	1
jai	1
humiliated	1
stockings	1
communicated	1
unhurried	1
ox	1
victory	1
lifelike	1
concupiscence	1
luxuries	1
sallow	1
expose	1
ticking	1
outlinethe	1
preserve	1
filthy	1
honestly	1
sounds	1
distinguishablein	1
leavesout	1
shore	1
sinking	1
sneak	1
receipts	1
contents	1
protected	1
homesickness	1
gotoo	1
oneself	1
fled	1
draped	1
treebranch	1
fullcheeked	1
evergreens	1
blankly	1
greatness	1
roughexcept	1
approve	1
thrashed	1
handsomest	1
arriving	1
workmen	1
wool	1
potions	1
mistrusted	1
privilegein	1
functions	1
innocent	1
lime	1
divided	1
shudder	1
benumbing	1
morrow	1
easychair	1
whitened	1
trotting	1
fawncolour	1
raindrops	1
firmament	1
oppressors	1
division	1
pottery	1
mittens	1
cone	1
achievement	1
mens	1
espied	1
proportion	1
ridingcloaks	1
ropes	1
intone	1
cedar	1
hoping	1
wastrels	1
neighbouring	1
wonderingly	1
dramatic	1
nightshirt	1
handholds	1
behalf	1
russia	1
exercise	1
ended	1
potted	1
lacemaking	1
drums	1
stupefied	1
adored	1
discharged	1
redistribute	1
musketry	1
knock	1
kettle	1
archways	1
rational	1
blond	1
astray	1
towels	1
purplethe	1
runners	1
delivered	1
harvester	1
supplicate	1
unrigid	1
enamoured	1
singletrees	1
glimmer	1
prayerbooks	1
relined	1
schools	1
versed	1
sensed	1
solidly	1
rung	1
rambling	1
yellowish	1
flashsome	1
campaign	1
code	1
bucks	1
frame	1
dedicate	1
awaytwo	1
elevation	1
preceptions	1
hairy	1
chartered	1
floors	1
thither	1
travellingclothes	1
successful	1
unnamed	1
convulsion	1
springing	1
hopeful	1
alternated	1
republican	1
interfering	1
extended	1
rays	1
sweetened	1
fridayunless	1
appealing	1
saluting	1
windowblinds	1
double	1
vicious	1
oracular	1
instance	1
incorrectly	1
formations	1
learning	1
procathedral	1
epoch	1
retire	1
appointment	1
sash	1
stools	1
hive	1
halfcircle	1
dismiss	1
impassioned	1
grandsons	1
writes	1
scuffle	1
preventing	1
puydedome	1
climaxof	1
leadersgreat	1
background	1
instigated	1
jutted	1
burdens	1
lingered	1
lair	1
commerce	1
tapeyac	1
shortcomings	1
revelry	1
satisfactory	1
ark	1
hunter	1
occasional	1
boastful	1
plainly	1
darkening	1
halter	1
stationed	1
overimpressionable	1
enriched	1
footprints	1
terraces	1
tunnel	1
nurse	1
coruscation	1
cherries	1
honeycombed	1
furs	1
steepness	1
rifleshots	1
boughs	1
anythingand	1
youre	1
cedarwood	1
deft	1
strengthen	1
streaked	1
lombard	1
thirsted	1
sizeso	1
sanctuary	1
inappropriate	1
minded	1
supple	1
sculptors	1
seminarians	1
bier	1
burnished	1
page	1
recommends	1
lyons	1
literally	1
cordially	1
slightest	1
ferried	1
entreat	1
resourceful	1
troops	1
heeding	1
distorted	1
ivy	1
honourable	1
chains	1
fared	1
linvitation	1
literalness	1
madeand	1
plenary	1
protestant	1
penitentes	1
sculptured	1
templars	1
pédant	1
bridlebit	1
rush	1
domo	1
unalloyed	1
toulouse	1
junior	1
birthday	1
jugular	1
riders	1
stern	1
bough	1
buffalos	1
loyal	1
handmade	1
celibate	1
squalling	1
minutely	1
compass	1
penetrated	1
abolish	1
officiating	1
christs	1
reassurance	1
abominable	1
fragments	1
legendsperhaps	1
galvestonamong	1
debauched	1
conversing	1
darling	1
inadequacy	1
porridge	1
airbound	1
construction	1
splotched	1
highcrowned	1
cataract	1
golda	1
yucca	1
oratorios	1
cats	1
cypress	1
benign	1
slim	1
wheedled	1
bulbs	1
boisterous	1
singleness	1
erie	1
issue	1
trinidads	1
garlands	1
farming	1
holydays	1
emotional	1
featuresone	1
civilians	1
marcy	1
substance	1
fiftyfive	1
makes	1
statements	1
stoop	1
scratches	1
comparable	1
india	1
rang	1
coachhouse	1
omens	1
perceive	1
hilarious	1
dunesyellow	1
settleit	1
tapestry	1
scale	1
pursuit	1
fate	1
uneasy	1
uncertain	1
drilling	1
crown	1
successfully	1
boldest	1
togetherand	1
quivera	1
blankness	1
cockfighting	1
unsuitable	1
supplicants	1
harangued	1
crossbeams	1
enclosure	1
maid	1
topography	1
gourds	1
socks	1
dispersed	1
disappear	1
quicktempered	1
loggiaroofed	1
determined	1
coffeecoloured	1
prayed	1
assisting	1
seasoning	1
erectness	1
improve	1
smells	1
selling	1
lagunas	1
parable	1
release	1
remnants	1
irrigation	1
reasoning	1
attested	1
pounced	1
rooflogs	1
unsightly	1
clutching	1
billows	1
sunbeams	1
backwater	1
halfbreed	1
laborious	1
superbly	1
whitening	1
affected	1
woefully	1
bedclothes	1
modelled	1
mapped	1
exaggeration	1
marked	1
kissing	1
earnest	1
sipped	1
delicious	1
beggar	1
averting	1
donebut	1
shocking	1
miniature	1
shoesthe	1
inclining	1
marys	1
fill	1
longremembered	1
passedand	1
patiently	1
huntingknife	1
fostered	1
resourcefulness	1
task	1
hoopskirt	1
cedars	1
sucked	1
tails	1
dismissal	1
lizards	1
source	1
misguided	1
perch	1
walletbut	1
contributions	1
keepers	1
contralto	1
whirled	1
constructing	1
golondrina	1
apache	1
toe	1
scratched	1
mr	1
positive	1
distractedly	1
distressing	1
glared	1
crippled	1
contrition	1
drawers	1
conspicuously	1
devotedness	1
scarlatina	1
debts	1
butter	1
crusades	1
questa	1
hurricane	1
globe	1
defiantly	1
defiling	1
endeared	1
seedsan	1
comfortless	1
palms	1
rid	1
healed	1
calibre	1
breviaries	1
pondering	1
historic	1
literal	1
forbidden	1
grapes	1
workings	1
preceded	1
retrace	1
banda	1
fridays	1
trophies	1
operation	1
angoras	1
pajarito	1
retreats	1
slope	1
ovenshaped	1
gross	1
warts	1
howling	1
pose	1
bellsand	1
sunburned	1
sorrier	1
gallup	1
informed	1
favoured	1
capacity	1
spasm	1
cristóbal	1
discredit	1
wrecked	1
datura	1
southward	1
overheadrather	1
character	1
camino	1
gaining	1
carrot	1
brain	1
uncomfortable	1
disastrous	1
watchful	1
stella	1
fiery	1
guided	1
sandstorm	1
exordium	1
chanced	1
revival	1
neighborhood	1
longing	1
century	1
punctuate	1
expedient	1
distracted	1
arrows	1
bony	1
guaymas	1
reprovingly	1
virginmother	1
provisionment	1
righted	1
upper	1
circled	1
trait	1
gorse	1
admire	1
businesses	1
apex	1
montreal	1
espańola	1
wagers	1
scaffolding	1
interrupt	1
spray	1
grammar	1
ladys	1
crowding	1
necessaryas	1
answered	1
pillow	1
coin	1
coax	1
glorious	1
oratory	1
kings	1
guidesaw	1
diminished	1
roaring	1
lui	1
obligation	1
visible	1
savour	1
tramping	1
differences	1
wanderers	1
craggy	1
teamsters	1
warming	1
recommend	1
poplin	1
horrified	1
youngest	1
rebuke	1
relishes	1
cautiously	1
pleaded	1
waterthe	1
cornbread	1
mounds	1
including	1
prairies	1
characters	1
tubes	1
sistersinlaw	1
picturesque	1
barns	1
negotiate	1
surrounding	1
onceby	1
vistas	1
hides	1
hack	1
logical	1
conferred	1
confirm	1
lowered	1
fail	1
italways	1
stays	1
torch	1
bedsteads	1
admission	1
altarsin	1
profligates	1
meanwhile	1
slighted	1
disclose	1
worried	1
rectory	1
penance	1
showily	1
valise	1
unpromising	1
inseparable	1
gypsum	1
overturning	1
noxious	1
flourishing	1
overrun	1
coffeecup	1
vanish	1
apparel	1
dresses	1
spun	1
appeals	1
juice	1
inheritance	1
term	1
emerging	1
mountainside	1
industrial	1
galloping	1
scented	1
quarts	1
misery	1
withdraw	1
timid	1
justified	1
shelllike	1
contract	1
prospectors	1
lunched	1
immobility	1
board	1
chins	1
restored	1
memorial	1
austere	1
tower	1
breed	1
glassless	1
befell	1
studies	1
applause	1
seamed	1
didnt	1
hideous	1
appoint	1
companionable	1
uglier	1
charged	1
malediction	1
affirmed	1
dint	1
taosafter	1
cap	1
manuscript	1
unto	1
stairlike	1
brisk	1
retiredgone	1
hereditary	1
keenly	1
range	1
cell	1
servi	1
untiring	1
wigwam	1
caffč	1
volunteer	1
supersensual	1
boar	1
workman	1
employ	1
fork	1
carvings	1
missourian	1
taut	1
curling	1
distribution	1
amber	1
boiling	1
reappearing	1
hinges	1
greatest	1
conflicting	1
pyramidal	1
worldmaking	1
mulesand	1
statues	1
yearning	1
tact	1
cancer	1
halfruined	1
picturesquebut	1
waysthat	1
neckerchiefs	1
footholds	1
plots	1
assume	1
filter	1
list	1
sententiously	1
silversmith	1
newbudding	1
examining	1
exit	1
emissary	1
siesta	1
bounds	1
buildingthe	1
romances	1
lilaccoloured	1
consulted	1
drawingroom	1
smocks	1
tablecloth	1
persons	1
largedistinctly	1
thinning	1
truths	1
scrawny	1
settlementwhich	1
recesses	1
ashen	1
tadpoles	1
apprehensively	1
mystery	1
mists	1
convey	1
mats	1
lambing	1
fulfil	1
profile	1
hooknosed	1
scare	1
ancestral	1
lavished	1
agonized	1
entertaining	1
priceless	1
whirlwind	1
odysseus	1
pitch	1
manage	1
tenor	1
singularly	1
acquired	1
lilies	1
teaching	1
refreshment	1
curates	1
barrier	1
tuesdays	1
restores	1
empowered	1
banked	1
serenade	1
stunted	1
finish	1
furnish	1
rhythmical	1
snowbird	1
stumps	1
capture	1
temple	1
harvests	1
shrivelling	1
healing	1
tingling	1
procedure	1
reform	1
frailty	1
mieux	1
atmosphere	1
fastnesses	1
intend	1
heaviest	1
pittsburgh	1
organize	1
thrifty	1
therein	1
necessarily	1
sale	1
riches	1
haira	1
suckers	1
grasshopper	1
energy	1
faraway	1
waxy	1
magician	1
recluse	1
manit	1
leadcoloured	1
unattended	1
tucking	1
ominous	1
unswept	1
squares	1
wives	1
dripping	1
autocratic	1
whither	1
splintered	1
mournful	1
encourage	1
matterbig	1
fluency	1
rarely	1
motto	1
wornout	1
deepworn	1
breathe	1
clutched	1
repentance	1
pewter	1
weed	1
fastness	1
lifegiving	1
precipitous	1
priestly	1
repentant	1
notified	1
foretell	1
consent	1
leftpiles	1
mentality	1
jesuit	1
hesitated	1
predecessors	1
john	1
crucifixion	1
womenall	1
chasm	1
raiding	1
wider	1
exhibit	1
alcohol	1
extravagance	1
fungi	1
stonebruised	1
whereabouts	1
devoid	1
shacks	1
timber	1
mourir	1
seriously	1
predominantly	1
drumhead	1
steely	1
blessings	1
charwoman	1
grainbearing	1
firearms	1
fineness	1
foster	1
caverns	1
walks	1
sweeping	1
escaped	1
revelations	1
hog	1
wealth	1
witness	1
versatile	1
communion	1
cloudset	1
momentous	1
alien	1
indolence	1
arroyos	1
treatment	1
regained	1
detected	1
ceilings	1
organizers	1
relaxing	1
bag	1
eden	1
mistake	1
cache	1
disapproval	1
upgrade	1
rear	1
persisted	1
virginity	1
murmurs	1
groaning	1
peaks	1
manuelitos	1
providence	1
contain	1
speechless	1
authenticated	1
extravagances	1
publish	1
periods	1
pecking	1
nightmare	1
established	1
farmers	1
preceding	1
silly	1
mistakes	1
wooded	1
scrub	1
brooches	1
decease	1
sheepskins	1
blade	1
searching	1
crowns	1
failure	1
belonged	1
lavish	1
flow	1
discouragement	1
especial	1
touching	1
ripped	1
degenerate	1
senior	1
widebrimmed	1
mais	1
munching	1
persistent	1
consolations	1
sherry	1
cuffed	1
breeding	1
correctly	1
glimpse	1
gravy	1
enterprises	1
yankees	1
twitched	1
hallway	1
dared	1
kindliness	1
cameold	1
believes	1
attributed	1
throat	1
theologians	1
collars	1
descendants	1
heated	1
jail	1
grandmother	1
expediency	1
pins	1
halfbaked	1
largely	1
speeches	1
legations	1
cost	1
keen	1
protest	1
snowing	1
stubborn	1
marvelling	1
convenient	1
strangelyaccented	1
threes	1
bustle	1
breathless	1
seńors	1
forge	1
fiercest	1
homei	1
resounding	1
skylineindistinct	1
definite	1
bravest	1
maids	1
indiscreet	1
client	1
non	1
species	1
fickle	1
shell	1
lettuces	1
withered	1
countrysidekilled	1
shrivelled	1
triumphs	1
brim	1
freshness	1
downcast	1
easier	1
discomfort	1
enlightenment	1
cat	1
actual	1
warmth	1
discompose	1
deceived	1
reminiscences	1
requesting	1
coralmediterranean	1
distrustful	1
id	1
uneven	1
bowstring	1
contact	1
unprepossessing	1
manager	1
dusting	1
candidate	1
changethey	1
voluminous	1
m	1
outlawed	1
fashions	1
womanhe	1
uttered	1
gamblingrooms	1
drafted	1
pocketmoney	1
oppose	1
feat	1
feeble	1
singer	1
savioursix	1
kindlier	1
steal	1
lanterns	1
embroidery	1
clustered	1
respondedand	1
clatter	1
coins	1
continental	1
loyalties	1
mrs	1
retorted	1
directed	1
deer	1
f	1
gashed	1
feature	1
sorted	1
ringing	1
dismissed	1
slit	1
articles	1
attempt	1
luxuriance	1
chalice	1
sparkling	1
murky	1
superintended	1
ramble	1
snowclad	1
explorations	1
forgive	1
concealment	1
gulch	1
beamed	1
investigating	1
rider	1
poking	1
survived	1
exclamation	1
broadbrimmed	1
unchanged	1
austrian	1
monkeythat	1
florid	1
relish	1
seco	1
apocalypse	1
morningdid	1
clermontthere	1
stilland	1
conclusion	1
lodging	1
poorly	1
enmity	1
prey	1
rum	1
reap	1
whet	1
clump	1
formalities	1
darkest	1
stuff	1
smoothness	1
startled	1
mockery	1
grill	1
bald	1
blanketspresents	1
ventured	1
tipping	1
cookery	1
justice	1
herringbone	1
shrub	1
vehement	1
fawncoloured	1
repugnant	1
horns	1
plunge	1
seesawing	1
pines	1
fouetter	1
sawmills	1
unnaturaleven	1
whirlpool	1
distinguished	1
persian	1
enchanted	1
diningtable	1
festina	1
gossiping	1
win	1
confining	1
pervasive	1
castilian	1
font	1
dated	1
faggot	1
wakened	1
womenand	1
puzzling	1
torchlight	1
hook	1
upholstered	1
communication	1
viaticum	1
profusion	1
prophet	1
spite	1
brilliantly	1
bridget	1
calloused	1
amazingly	1
soupičre	1
boothlike	1
shameand	1
simplicitythe	1
barbarous	1
blindingly	1
shaken	1
dipping	1
evaded	1
finds	1
beginnings	1
patriotic	1
perched	1
incompleteness	1
rounds	1
entertain	1
buildingperhaps	1
whitey	1
cottonwoodstrees	1
propped	1
credited	1
clicking	1
trifling	1
fireplaces	1
costella	1
extraordinarily	1
ridingbreeches	1
loosening	1
quickest	1
weekly	1
taliter	1
reserved	1
simultaneously	1
chafe	1
happiest	1
pathway	1
backward	1
sewn	1
blown	1
gait	1
unclean	1
frowned	1
scrollwork	1
himthat	1
unwieldy	1
preposterous	1
stepping	1
breaks	1
rattled	1
information	1
ribbon	1
stephen	1
ecstasy	1
consecration	1
distinction	1
hoop	1
slantingly	1
rested	1
consoling	1
scrupulously	1
staggered	1
themselvesthe	1
steamer	1
languor	1
disappointment	1
contemporary	1
kneel	1
corsican	1
belt	1
cavalcade	1
chickens	1
vibration	1
ado	1
results	1
violently	1
plotting	1
supply	1
boast	1
malady	1
agitation	1
heartily	1
projection	1
youthfully	1
dolls	1
unrelieved	1
coursed	1
forded	1
stovebed	1
anticipation	1
speeding	1
reign	1
nickname	1
mercy	1
errand	1
pipings	1
filial	1
bakers	1
embitterment	1
fugitive	1
cerrillos	1
yearly	1
declivity	1
discretion	1
presenting	1
awhile	1
haunted	1
dangerously	1
classify	1
guile	1
sufficient	1
lowgrowing	1
beetled	1
freed	1
glorieta	1
sidewise	1
watersupply	1
plucked	1
rebuff	1
digging	1
check	1
fishingboat	1
alkaline	1
latch	1
ewe	1
wicker	1
defined	1
plowed	1
ransomed	1
wintry	1
glittered	1
sunny	1
herrera	1
halt	1
extend	1
drifted	1
jumping	1
submit	1
nelly	1
homelier	1
extremely	1
retina	1
positively	1
ravaged	1
determination	1
plainest	1
contradictions	1
discovery	1
motherhouse	1
ohiomore	1
featherbeds	1
adjustment	1
pond	1
decency	1
arch	1
drawling	1
fitness	1
bondage	1
summon	1
jumper	1
gelding	1
closelywritten	1
firclad	1
standards	1
wreck	1
sordid	1
roofs	1
anyway	1
monseigneur	1
strove	1
pleasures	1
suit	1
lengths	1
projected	1
consumed	1
dance	1
coraggio	1
rack	1
pleases	1
buttoned	1
hummed	1
peering	1
unpleasant	1
capable	1
boxes	1
overbearing	1
pamphlets	1
secretaryadding	1
hearths	1
soften	1
customarily	1
rooffather	1
averted	1
telegram	1
savagery	1
solicitude	1
opponent	1
suspicion	1
windowsindeed	1
tempting	1
exchanged	1
manifest	1
lowcaste	1
scaffold	1
dealings	1
twinkled	1
forgetting	1
inconceivable	1
reador	1
birthbrave	1
persevered	1
reformed	1
timidly	1
duplicated	1
sawmill	1
goal	1
candidates	1
convivial	1
froze	1
attentive	1
dream	1
member	1
revolver	1
dune	1
largest	1
affections	1
cents	1
therepadre	1
disperse	1
jerked	1
stationary	1
female	1
mexicoa	1
remorseful	1
cruelly	1
diseases	1
huntingclothes	1
vineyard	1
claiming	1
penetrate	1
primroses	1
miserable	1
joinings	1
difference	1
resumed	1
mundabor	1
carve	1
anomalous	1
practices	1
gigot	1
chilled	1
hyssopo	1
eventually	1
kindled	1
rattle	1
navigable	1
outward	1
herded	1
calculated	1
kinds	1
continuously	1
melancholyand	1
efficient	1
discussion	1
grief	1
wellsmoked	1
external	1
thickgrowing	1
discerning	1
boon	1
mark	1
eloquent	1
plume	1
sauces	1
wondered	1
summit	1
retaining	1
stewed	1
sensational	1
cathedralwhich	1
necessity	1
redemptoris	1
gleam	1
pillowcases	1
throbbing	1
lewdness	1
charactershe	1
creator	1
combat	1
stagecoaches	1
uncurbed	1
angel	1
distrait	1
verdi	1
hears	1
vrai	1
amphitheatre	1
unexplored	1
park	1
utmost	1
overlaid	1
remind	1
smoothing	1
pater	1
renounced	1
windowless	1
flung	1
noahs	1
shadowed	1
auction	1
peg	1
afford	1
thirteenth	1
singly	1
desirable	1
pennsylvania	1
unpretentious	1
removing	1
unpleasing	1
dazzling	1
indigenous	1
egypt	1
fitting	1
cicuyč	1
fireweed	1
verbena	1
curbing	1
sliced	1
privileges	1
metallic	1
josephgreat	1
backbones	1
flush	1
sanchez	1
lamely	1
worrying	1
wailed	1
feints	1
seville	1
illfated	1
calendared	1
frosted	1
cord	1
packed	1
architectural	1
greatgrandfather	1
romeit	1
reptilian	1
imagined	1
sarcasm	1
longforgotten	1
absently	1
washout	1
split	1
agility	1
sorrowing	1
fence	1
agoand	1
glazing	1
runaway	1
demonstrations	1
joint	1
wooding	1
est	1
practically	1
stabled	1
bowlegged	1
sautées	1
indefinitely	1
inserted	1
cradles	1
coloursaspen	1
cards	1
wisdom	1
doses	1
discarded	1
perfect	1
shapeless	1
favourable	1
servingboys	1
sleeves	1
sundayfell	1
luggage	1
gained	1
motives	1
loop	1
formation	1
undergo	1
surmising	1
smallpox	1
scotch	1
pupil	1
alleyway	1
simmering	1
yielding	1
brave	1
elder	1
estates	1
contrary	1
necessitate	1
whichever	1
inclination	1
expensive	1
notion	1
exiles	1
urging	1
records	1
shading	1
petrified	1
prisoners	1
stately	1
pulp	1
quavered	1
untaught	1
homebut	1
dig	1
facehow	1
succulent	1
finer	1
multitude	1
packs	1
sombrero	1
reposeand	1
quinces	1
disclaimed	1
crazy	1
selecting	1
kid	1
roastingoven	1
burros	1
bride	1
shutting	1
gloomily	1
sacrificed	1
battle	1
lamps	1
pontiff	1
ration	1
remarking	1
quill	1
critically	1
interview	1
renounce	1
tapped	1
sharpness	1
courteous	1
germination	1
rejuvenation	1
tamed	1
haughty	1
greygreen	1
bred	1
resolutely	1
vassals	1
hilt	1
marvellous	1
cabdriver	1
begrudged	1
paved	1
strict	1
lovers	1
reassured	1
contagious	1
rabbits	1
isnt	1
sacraments	1
neverending	1
thirteen	1
overtake	1
ambitious	1
pommes	1
cigars	1
threats	1
print	1
yourselves	1
leaping	1
classrooms	1
coral	1
poorin	1
charred	1
ball	1
styles	1
pockets	1
preparations	1
yells	1
accessories	1
underneath	1
terminating	1
continue	1
toll	1
benches	1
escapea	1
scurf	1
resigned	1
bounty	1
immense	1
prepare	1
foals	1
creep	1
pointing	1
delicacy	1
besieged	1
happen	1
knights	1
solitariness	1
dressers	1
anglosaxon	1
cooler	1
ashamed	1
disappearing	1
gowns	1
ascending	1
valleys	1
dined	1
drives	1
pole	1
timbered	1
confronts	1
actions	1
tend	1
ridingcoat	1
throatand	1
fringe	1
rubber	1
sprouts	1
sympathetic	1
improving	1
teodocio	1
hue	1
austerity	1
muskets	1
seasons	1
oscuro	1
concubines	1
rectangular	1
stump	1
shamelessly	1
chip	1
wells	1
passions	1
mimosabut	1
elegance	1
serpentine	1
devoutly	1
prisoned	1
promoter	1
stages	1
textile	1
protruding	1
afforded	1
sticky	1
adolescence	1
luxurious	1
paraphernalia	1
oak	1
lighthearted	1
christened	1
warmly	1
tuesday	1
selfsatisfied	1
mortal	1
lamed	1
extravagant	1
bouquet	1
tearbright	1
wonderful	1
skirt	1
circumstances	1
yawning	1
scoffing	1
intellectual	1
oilcloth	1
saloons	1
fullbelted	1
skyline	1
clause	1
dialect	1
axdressed	1
soap	1
panting	1
spectacles	1
creases	1
pima	1
retracing	1
tries	1
calfskin	1
cobble	1
teamster	1
regarding	1
dictator	1
obey	1
impatiently	1
costume	1
sponged	1
tasks	1
tremors	1
lap	1
space	1
exceptional	1
districts	1
veuxtu	1
moquis	1
diverted	1
vermilion	1
tear	1
baptizing	1
cobbles	1
exploding	1
songs	1
twigs	1
rockset	1
lunching	1
spur	1
wasting	1
homeliness	1
aspirations	1
dazed	1
era	1
jansenism	1
fruits	1
inconsistencies	1
americano	1
gallegoss	1
addicted	1
shave	1
bolts	1
goodnight	1
treesjerusalem	1
codicil	1
featherbed	1
portions	1
attachment	1
herds	1
livingroom	1
humanity	1
soothed	1
scalps	1
battling	1
storeyed	1
lightened	1
idleness	1
maris	1
refreshed	1
wherewithal	1
dictate	1
engagements	1
mettle	1
deserted	1
abjectly	1
housekeeping	1
ancestry	1
remonstrated	1
considerations	1
gestures	1
races	1
wasnt	1
noontide	1
brass	1
novelty	1
aroused	1
angels	1
improprieties	1
masterand	1
mirrors	1
wipe	1
boston	1
fibrous	1
candidateand	1
reining	1
towards	1
embraced	1
fool	1
sentenced	1
undeveloped	1
sagging	1
toiletset	1
project	1
muerto	1
considering	1
visibleyes	1
tiptoed	1
gadsden	1
excel	1
sickly	1
torrents	1
serpents	1
mostly	1
tool	1
constitution	1
goest	1
translate	1
giftbooks	1
ravished	1
owed	1
raid	1
latter	1
confessing	1
pears	1
sharpleafed	1
animated	1
muchin	1
reappearance	1
public	1
admirably	1
delirious	1
pedestal	1
stimulant	1
arminarm	1
hilltop	1
rudely	1
bodily	1
carpenter	1
quoted	1
architecture	1
thou	1
pledge	1
pulverized	1
respects	1
flew	1
trimmed	1
straddling	1
farmed	1
ages	1
canvases	1
ribbed	1
teach	1
crossbearings	1
napery	1
unarmed	1
themthough	1
pivot	1
sacks	1
harder	1
recovering	1
asperges	1
buttresses	1
massacres	1
humped	1
sadas	1
vivacity	1
flask	1
sobering	1
doctrine	1
finance	1
scold	1
pruning	1
unheard	1
evenly	1
stinging	1
longdelayed	1
shades	1
ingenuity	1
overtaken	1
daring	1
aptitude	1
structures	1
entry	1
unshepherded	1
ridingboots	1
ridingclothes	1
scaless	1
pathswith	1
blinds	1
charm	1
merchants	1
avarice	1
rungs	1
enjoyment	1
exhort	1
ruddiness	1
velvety	1
turbid	1
indolently	1
housesbut	1
alight	1
pitcher	1
income	1
braved	1
moonrise	1
pedlars	1
catastrophe	1
eggshaped	1
apology	1
demeanour	1
fro	1
unpiled	1
drenched	1
relatively	1
highway	1
frown	1
amateurs	1
flee	1
retiringbell	1
whitehaired	1
depended	1
slaughter	1
choirmaster	1
reverse	1
suspended	1
obliterate	1
civil	1
celebrate	1
twentyfour	1
debated	1
considerably	1
quiver	1
consolation	1
fantastic	1
minor	1
sharpening	1
tempered	1
educated	1
apricot	1
canada	1
blurring	1
provoked	1
solidity	1
connected	1
breathing	1
affectionately	1
thrusts	1
postal	1
final	1
poora	1
sonnettes	1
testament	1
chinks	1
christening	1
height	1
embrace	1
evervarying	1
isabellas	1
sew	1
seminariansat	1
theyve	1
prophetic	1
moslem	1
needlework	1
thickblooded	1
europeanize	1
cease	1
chasms	1
brokers	1
eccentric	1
nourishing	1
soaked	1
hebrews	1
downward	1
stonecutters	1
twentythree	1
fare	1
appropriately	1
thickets	1
montoya	1
emotions	1
fame	1
daughters	1
mouthlike	1
major	1
varied	1
clinging	1
lujons	1
earthworks	1
june	1
stripes	1
cleanness	1
goldenbrown	1
enable	1
resignation	1
thickly	1
moccasined	1
lot	1
bland	1
brightness	1
tune	1
rainbow	1
shock	1
raided	1
glare	1
brushed	1
beat	1
undersized	1
bedside	1
visits	1
wheat	1
succeeding	1
frayed	1
valuable	1
lavenderpink	1
ornamentation	1
moccasin	1
stall	1
ranches	1
visions	1
resentment	1
splendour	1
denying	1
dishbut	1
mariafather	1
twentyseven	1
airmary	1
blame	1
floundered	1
whosoever	1
girlsbut	1
smothered	1
andalusia	1
seadark	1
nobles	1
russet	1
mechanically	1
themthey	1
blaspheming	1
disconcerting	1
sacked	1
saturated	1
entrée	1
chicago	1
crisp	1
turninglathe	1
hissing	1
rainfall	1
stroking	1
pear	1
judge	1
betting	1
secrets	1
refugee	1
ringlets	1
disdainful	1
git	1
dolorous	1
thighbone	1
mendiante	1
marino	1
credentials	1
kinship	1
inclined	1
orphan	1
grieved	1
cornmeal	1
hillsnothing	1
aperture	1
divide	1
bead	1
ninetytwo	1
christianity	1
january	1
faithfully	1
hindering	1
paul	1
portage	1
preciousness	1
snug	1
mortality	1
storean	1
reception	1
mistakewhich	1
promiscuous	1
liquefies	1
fanatical	1
obtaining	1
darkheaded	1
servingboy	1
weakened	1
eaten	1
illnesses	1
fasting	1
americas	1
transom	1
occurrence	1
riche	1
insolently	1
greatgrandfathers	1
founded	1
si	1
robber	1
amethyst	1
chewed	1
bridle	1
bean	1
tufts	1
meditating	1
saluted	1
shabby	1
bored	1
mouse	1
beaming	1
ambush	1
flicker	1
engrossed	1
salvation	1
eartha	1
bowl	1
facial	1
arkansas	1
shady	1
switches	1
yoked	1
sentiment	1
desirous	1
bethought	1
baca	1
tells	1
trough	1
expansion	1
roving	1
enjoined	1
indulged	1
twentysix	1
denverin	1
petticoat	1
furred	1
entire	1
surfaces	1
kiss	1
unwilling	1
carvingknife	1
instantaneous	1
chats	1
designed	1
staff	1
basement	1
repository	1
itfather	1
deepset	1
thats	1
stealthy	1
acting	1
expeditions	1
weapons	1
giant	1
governments	1
tips	1
farewell	1
storey	1
cendre	1
ships	1
honours	1
bougies	1
valdez	1
burnouses	1
plight	1
caballero	1
checked	1
boarded	1
confidentially	1
slice	1
poked	1
fortress	1
gale	1
brilliance	1
alley	1
misfortune	1
scraped	1
york	1
bay	1
cherbourg	1
studied	1
proceed	1
softhearted	1
histories	1
excelled	1
imprisoned	1
desecrated	1
desperate	1
chiefs	1
falllightly	1
operated	1
halfcontemptuous	1
hewn	1
symbol	1
cronies	1
self	1
adrift	1
kindred	1
hunts	1
possiblean	1
disobedient	1
limp	1
deepsheltered	1
futurebetter	1
victim	1
impeded	1
lighta	1
donned	1
rapt	1
illiterate	1
contesting	1
avignon	1
indignity	1
additionwhereas	1
leagues	1
commonly	1
pastor	1
consequently	1
ingenious	1
kin	1
carving	1
juniperspotted	1
crackslittle	1
enfeebled	1
indeedlong	1
plaster	1
baser	1
summons	1
skinny	1
focused	1
habitable	1
lend	1
firmly	1
en	1
inexpedient	1
gilt	1
redemption	1
funeralor	1
exiled	1
unreclaimed	1
replaced	1
loving	1
writings	1
undone	1
intimate	1
purísima	1
fissures	1
ornament	1
certificate	1
las	1
halfvisible	1
blast	1
serra	1
witnesses	1
courteously	1
readily	1
rockedge	1
dictated	1
empress	1
savings	1
inches	1
sheltered	1
quickened	1
whoopingcough	1
jackstraw	1
bewildered	1
dumb	1
purely	1
token	1
fought	1
seizures	1
fructosas	1
damask	1
roused	1
stoneand	1
scholar	1
pinned	1
alkali	1
periodically	1
wedges	1
flocked	1
tarpaulins	1
caciques	1
frequent	1
dozens	1
class	1
sapped	1
windbroken	1
tragic	1
forming	1
girth	1
cramped	1
implored	1
patient	1
variations	1
perfection	1
unmake	1
vocation	1
necklaces	1
gracefully	1
poorlybuilt	1
deafening	1
drawl	1
relying	1
shells	1
punish	1
wove	1
fainter	1
intrigue	1
hatchet	1
trial	1
nearness	1
brotherhood	1
feathery	1
scourging	1
expressing	1
physician	1
musing	1
sponsors	1
longed	1
cleansed	1
engravings	1
lark	1
seal	1
assent	1
phosphorescent	1
swarming	1
unexpected	1
humbler	1
coldun	1
sullied	1
seventeen	1
impetuously	1
juicy	1
fateful	1
beats	1
liqueur	1
pčre	1
blasted	1
huts	1
oily	1
sorrowful	1
coils	1
sinful	1
giants	1
swallow	1
trembled	1
tarry	1
realizing	1
lovely	1
rescue	1
tray	1
produced	1
incentive	1
previous	1
landmark	1
valencia	1
dusky	1
fandango	1
mild	1
printing	1
youi	1
superstitious	1
ontario	1
toasts	1
extinguished	1
paint	1
bobbing	1
sympathies	1
edible	1
reproduce	1
leather	1
surest	1
animosity	1
cavalry	1
neophyte	1
crest	1
restrained	1
angle	1
cloths	1
fences	1
shipment	1
crape	1
assure	1
tale	1
unhesitating	1
sloping	1
boulders	1
convents	1
spaces	1
severely	1
tooquite	1
snowball	1
aristocratic	1
popés	1
thenfor	1
unrolled	1
organized	1
alors	1
inviolate	1
knowing	1
searchparty	1
wisest	1
resorted	1
flatlying	1
wheelbarrow	1
doorsills	1
bracelets	1
playful	1
twist	1
ammunition	1
recommending	1
huddle	1
journeying	1
fetid	1
ętre	1
sorry	1
dissolved	1
wellknown	1
dim	1
childishness	1
obsequious	1
causefinished	1
awaken	1
mounts	1
losses	1
comment	1
elevate	1
punctuated	1
memoriesan	1
knee	1
belts	1
horn	1
descent	1
huron	1
lies	1
blinding	1
postilions	1
sailor	1
injured	1
multiplicity	1
fervently	1
turning	1
seizure	1
favourites	1
cracked	1
vanishing	1
peasants	1
partibus	1
beautifying	1
remorse	1
brightboth	1
supreme	1
seekers	1
exacted	1
caution	1
cocks	1
pouches	1
stroke	1
disgrace	1
whitewash	1
babys	1
agent	1
mint	1
deftly	1
april	1
whips	1
whats	1
mademoiselle	1
oui	1
rosetinted	1
dieif	1
slack	1
thomass	1
theological	1
comforted	1
agua	1
surprisingly	1
prize	1
creation	1
cape	1
huge	1
covering	1
proclamation	1
formidable	1
armajillo	1
systematically	1
sarape	1
encircling	1
illformed	1
franceeven	1
swept	1
moustache	1
wants	1
interpenetrated	1
loudest	1
accuse	1
announcement	1
ruler	1
endearing	1
manhunt	1
effective	1
butterfly	1
resent	1
despise	1
fullskirted	1
pyramids	1
snored	1
nephewsinlaw	1
adieux	1
alert	1
closeclipped	1
sunrise	1
companionshipwhy	1
contended	1
barring	1
tablecloths	1
principal	1
follows	1
enjoying	1
lighting	1
assertion	1
allons	1
armin	1
frenchthe	1
campsblind	1
garcía	1
bettered	1
wailing	1
leeks	1
secreta	1
seagreen	1
saturday	1
insisting	1
perfume	1
rattlesnakeand	1
enrich	1
suave	1
starvation	1
beforehand	1
explanations	1
sparkled	1
blight	1
fissure	1
wedding	1
hurriedly	1
recently	1
shower	1
dangers	1
restive	1
cornfields	1
burrotrodden	1
lifting	1
desertthe	1
steamboat	1
pyrenees	1
deserved	1
noiseless	1
omission	1
blinked	1
attempting	1
inherited	1
instructing	1
dancinggirl	1
slatecoloured	1
thongs	1
mornings	1
restful	1
grandeur	1
stripping	1
ecclesiastical	1
grease	1
baritone	1
murder	1
reassuring	1
readya	1
edified	1
eastward	1
afoot	1
hither	1
smashed	1
unloading	1
greased	1
mainly	1
theft	1
treasured	1
indifferent	1
apporter	1
omni	1
unimpressive	1
lieutenant	1
fawn	1
brutally	1
itit	1
whoever	1
horizon	1
awakened	1
undying	1
disturbed	1
gazing	1
queer	1
adorn	1
rump	1
softened	1
porches	1
crouched	1
landstheir	1
inaccessible	1
compelling	1
lords	1
basilica	1
marigolds	1
decision	1
comanche	1
foe	1
genuinely	1
surfacea	1
curved	1
fondle	1
scandalized	1
meditation	1
alma	1
talent	1
symbols	1
brief	1
cloaks	1
significance	1
instinct	1
lingering	1
stronghold	1
ascended	1
coneshaped	1
plaid	1
disposing	1
mexique	1
gravity	1
slavery	1
dependents	1
abrupt	1
uncovered	1
candelabra	1
pedal	1
lads	1
offspring	1
litter	1
mesquite	1
evangelized	1
observance	1
confront	1
vault	1
importation	1
inezs	1
generals	1
cough	1
livingquarters	1
offend	1
reproachfully	1
covet	1
donkey	1
freelythe	1
eldest	1
skilful	1
augean	1
harm	1
colonnade	1
dukes	1
gawky	1
picks	1
tepid	1
chez	1
halfburned	1
antiphon	1
mischief	1
yesterdaythe	1
wigwams	1
negation	1
halfhearted	1
conscience	1
modified	1
recreate	1
eagerness	1
manuels	1
attractive	1
nakedness	1
collectively	1
gentlemen	1
spoon	1
manand	1
aspens	1
sojourn	1
disobedience	1
lasting	1
householder	1
recaptured	1
decencies	1
blizzard	1
sobered	1
distaste	1
trickery	1
jalousies	1
flavoured	1
confer	1
flatness	1
adaptation	1
meekness	1
consequence	1
chant	1
volunteered	1
grasping	1
sedges	1
disciplined	1
itby	1
enriching	1
compassionate	1
commands	1
flattering	1
algiers	1
watermelon	1
pillowed	1
individuality	1
churchman	1
decreasing	1
tousled	1
march	1
watery	1
soundly	1
threat	1
taller	1
immeasurable	1
trusty	1
copy	1
fancies	1
unforeseen	1
conclusions	1
shadowy	1
overdark	1
mexicono	1
pagodas	1
soothingly	1
honoured	1
farseeing	1
lizard	1
muchmultiplied	1
practice	1
fernandez	1
septuagesima	1
frontiersmen	1
hearts	1
greenest	1
crooked	1
halfdead	1
dishonest	1
underwent	1
honeysweet	1
gruffly	1
hasty	1
effort	1
cupboards	1
hurons	1
shaft	1
organs	1
pierced	1
inscrutable	1
mahogany	1
embedded	1
silky	1
oldfashioned	1
newspaper	1
coverings	1
softness	1
fulfilled	1
interests	1
closeknit	1
dustcovered	1
veils	1
chatter	1
filtered	1
peerless	1
inspiration	1
distinguish	1
oldand	1
gliding	1
louisiana	1
utahhis	1
bordeaux	1
seatthough	1
temperature	1
rebellious	1
perspective	1
fellowship	1
jeune	1
fails	1
adults	1
temptation	1
seawall	1
cage	1
furlined	1
cured	1
stealth	1
shame	1
churchwardens	1
crafty	1
atlantic	1
usualthough	1
ceiling	1
piety	1
hauling	1
eleven	1
martyr	1
ponies	1
banisters	1
settlements	1
afterwards	1
lecture	1
mist	1
wellheads	1
repugnance	1
powdering	1
propagate	1
midair	1
midmarch	1
succeed	1
absolve	1
gusts	1
refusal	1
dotted	1
sevigné	1
faiththat	1
message	1
obstacle	1
pattern	1
sayings	1
canvassing	1
rougher	1
historical	1
compared	1
writingtable	1
clasped	1
robbed	1
forefinger	1
counted	1
sewing	1
impenetrable	1
poisonous	1
showing	1
mug	1
snakes	1
urgent	1
ministry	1
veterinary	1
tinkle	1
belted	1
lente	1
experiences	1
assert	1
constellation	1
animal	1
thrashingfloor	1
familylosing	1
glacial	1
habitation	1
homemade	1
approach	1
rememberas	1
underground	1
covetous	1
temptations	1
although	1
underhanded	1
streamthat	1
volunteers	1
thrift	1
slaughterhouse	1
remarks	1
brightly	1
stared	1
gouged	1
spied	1
modest	1
manufacturers	1
frequently	1
expressed	1
poisoned	1
described	1
belgian	1
behaved	1
leaps	1
snarling	1
bar	1
hillswith	1
fourteen	1
unbroken	1
profundity	1
outgrown	1
renewal	1
simultaneous	1
liking	1
procured	1
subsequent	1
salutary	1
local	1
spitting	1
kindle	1
endowed	1
venice	1
pumpkinthe	1
snoring	1
relating	1
spiral	1
contempt	1
sensuality	1
accompanied	1
angry	1
madness	1
coatsnot	1
meanest	1
thicker	1
thoughtyes	1
nearing	1
lax	1
evacuation	1
thema	1
commanding	1
reckon	1
displeasing	1
disposed	1
titter	1
therefrom	1
brushthat	1
track	1
cuttinggood	1
fils	1
steadfastly	1
liftingup	1
stalled	1
stops	1
distasteful	1
courtand	1
aid	1
foolish	1
permission	1
encouraged	1
oval	1
hemstitching	1
woke	1
fainted	1
potentate	1
laying	1
chaliceshe	1
abusing	1
possibilities	1
exceedingly	1
circulation	1
event	1
smoky	1
alighted	1
confided	1
malignant	1
undulating	1
complimenting	1
clumps	1
imperious	1
restoration	1
plowing	1
sabine	1
musingly	1
frightful	1
prefect	1
bitterly	1
patterns	1
flanks	1
restoring	1
aura	1
scoured	1
faults	1
politeness	1
mosaics	1
crustaceans	1
magnetic	1
majestic	1
pyx	1
agreement	1
corpses	1
bend	1
mater	1
antelope	1
truthful	1
mouths	1
ivory	1
christi	1
suspend	1
unceremoniously	1
puffs	1
acquisitive	1
sheen	1
blossomed	1
treating	1
verra	1
arrangement	1
inquiries	1
mines	1
archangel	1
eyeshe	1
stimulate	1
unquestionably	1
nationi	1
channel	1
relics	1
hapless	1
nostalgia	1
puebloand	1
israel	1
minute	1
blows	1
compote	1
tint	1
spontaneous	1
lambhaving	1
filth	1
ideas	1
parched	1
indicated	1
details	1
successor	1
slant	1
swinging	1
blistering	1
blessedinstead	1
unobtrusive	1
nightfather	1
degeneratebut	1
conducting	1
engaging	1
premises	1
gringo	1
fastened	1
pressing	1
bach	1
mocking	1
tendency	1
yawned	1
cautious	1
ascend	1
pronounce	1
baring	1
sleepy	1
ache	1
calvary	1
keys	1
woven	1
judgments	1
ça	1
chieftains	1
lifesome	1
contented	1
afar	1
wayfaring	1
slicing	1
conscious	1
strewn	1
pallid	1
dog	1
farewells	1
latouram	1
houseand	1
paused	1
youthful	1
hats	1
pearls	1
cringing	1
censer	1
premonition	1
undertaking	1
cigarettes	1
fires	1
drift	1
unlikely	1
illkept	1
majesty	1
bounded	1
vowed	1
luxury	1
beads	1
absorbed	1
accounted	1
unseemly	1
cacheŕlapoudre	1
gardento	1
ręve	1
complicated	1
malarial	1
vraiment	1
handbasin	1
andrea	1
grievance	1
thoroughness	1
relations	1
fruitful	1
james	1
wringing	1
draw	1
acute	1
barest	1
gout	1
frock	1
fransoni	1
creaturessafety	1
fiftyfirst	1
pantomime	1
join	1
nowhere	1
vividly	1
prolonged	1
judging	1
wellcurb	1
differently	1
afterdinner	1
deadly	1
franciscans	1
universal	1
critical	1
shed	1
plane	1
mindful	1
scourged	1
rocknot	1
cliffthe	1
joyfully	1
boles	1
probability	1
purplish	1
terrify	1
chessmen	1
indoor	1
colouring	1
edged	1
doand	1
crucified	1
eighteen	1
coddling	1
salvatores	1
famine	1
fretted	1
pinesplashed	1
gathering	1
calmness	1
diversion	1
woods	1
reckoned	1
titian	1
annunciation	1
jerkily	1
pinecovered	1
trailbreaker	1
humbled	1
indebted	1
devour	1
piped	1
homestead	1
littered	1
typhus	1
incident	1
obstacles	1
shaved	1
essential	1
puts	1
placer	1
weaken	1
worthy	1
halfbreeds	1
fog	1
morsel	1
offer	1
corroded	1
takers	1
clock	1
vargas	1
scared	1
seafaring	1
ferdinand	1
undefined	1
oratorical	1
blotted	1
vein	1
race	1
courageous	1
opaque	1
advancement	1
hind	1
punishment	1
quantity	1
incongruous	1
fastdays	1
outstretched	1
poésie	1
molten	1
overdrinking	1
fellows	1
happens	1
sprain	1
stoves	1
magdalenaalways	1
coarsetoothed	1
volley	1
petitions	1
works	1
undoubtedly	1
disregard	1
suits	1
luminousness	1
serene	1
starved	1
prized	1
squash	1
depend	1
sunseta	1
pondered	1
management	1
crept	1
smoked	1
vileness	1
caps	1
wrists	1
planting	1
breeches	1
profanity	1
rainmakers	1
wicked	1
tracts	1
accept	1
construct	1
renunciation	1
officer	1
deathly	1
tipped	1
chocolatecoloured	1
defiance	1
sack	1
choicest	1
hang	1
advanced	1
heaviness	1
deaths	1
winnowed	1
zeb	1
october	1
fluttered	1
handling	1
brick	1
alas	1
proprietor	1
fantastique	1
puebloolder	1
fastidious	1
bothered	1
terminated	1
caribou	1
flaming	1
intention	1
crowbars	1
bandaged	1
elsewhere	1
malodorous	1
arid	1
unmarried	1
buckskins	1
claycoloured	1
anthills	1
dedicated	1
modestly	1
pegs	1
injustice	1
fortyseven	1
anxious	1
lined	1
cages	1
curve	1
uproariously	1
theatrical	1
harness	1
partitions	1
creede	1
puebloempty	1
grounds	1
rawhides	1
deadlooking	1
learn	1
readiness	1
attending	1
prince	1
lifeforce	1
perceptible	1
strengthened	1
flames	1
serviettes	1
excited	1
barn	1
investiture	1
sprinkled	1
herbteas	1
soif	1
permit	1
stony	1
greener	1
whinnied	1
encumbered	1
molnys	1
advantage	1
forties	1
transfer	1
expressly	1
muttered	1
outrageous	1
surpassed	1
victors	1
followers	1
prostrate	1
generosity	1
loitered	1
catechism	1
express	1
supercilious	1
pompously	1
yearsten	1
overhung	1
continuation	1
scapegrace	1
element	1
likewise	1
foam	1
complete	1
misadventures	1
whistle	1
departures	1
institution	1
upthrust	1
figurea	1
dung	1
ruts	1
justification	1
laboured	1
metals	1
documents	1
drain	1
johns	1
balloon	1
watering	1
vulgar	1
settler	1
arrowheads	1
weavers	1
tour	1
pork	1
boil	1
quarter	1
joists	1
blanchets	1
razor	1
interviews	1
jardiničre	1
unconquered	1
safes	1
onehis	1
embarrassment	1
barren	1
unjustified	1
signetring	1
aloof	1
rocksanctuary	1
re	1
supręme	1
elbowing	1
kinsmen	1
function	1
chasing	1
inveterate	1
wholly	1
fleetness	1
warlike	1
twenties	1
onemasted	1
pastfor	1
thatch	1
lightness	1
reliable	1
corduroy	1
urgently	1
gaze	1
masonry	1
rhythm	1
assez	1
vows	1
brows	1
dissolves	1
existed	1
conversed	1
abuse	1
croutons	1
appear	1
crushing	1
excusing	1
benediction	1
repellent	1
wax	1
cheeses	1
earlier	1
commemorate	1
gravelled	1
blackness	1
decent	1
signalled	1
infrequent	1
disturbance	1
mistletoe	1
burnt	1
childish	1
routine	1
certes	1
adopt	1
fortnight	1
outrage	1
whirling	1
complaining	1
tubeshaped	1
remembering	1
glint	1
partition	1
rumour	1
unsaddled	1
poorand	1
unnecessary	1
mush	1
jamez	1
unfinished	1
cheering	1
blooming	1
horny	1
highways	1
cloudy	1
havent	1
stuffed	1
irritatingly	1
eagles	1
canals	1
cumberland	1
rejected	1
canary	1
ramirezs	1
vow	1
differed	1
abyss	1
volcanic	1
deported	1
achieve	1
passing	1
turnings	1
selfwill	1
signs	1
inactivity	1
destitute	1
fecit	1
intonation	1
raisin	1
