come	72
my	72
coach	2
good	41
night	27
ladies	5
sweet	35
part	10
one	147
thirty	2
or	75
forty	2
years	30
ago	10
in	522
of	666
those	35
grey	7
towns	2
along	27
the	1949
burlington	7
railroad	11
which	51
are	56
so	83
much	51
greyer	2
today	4
than	56
they	170
were	164
then	35
there	126
was	509
a	735
house	78
well	50
known	14
from	128
omaha	4
to	902
denver	19
for	260
its	71
hospitality	1
and	1009
certain	5
charm	3
atmosphere	2
that	355
is	90
say	26
aristocracy	1
time	49
men	32
who	57
had	378
do	63
with	297
itself	6
land	10
companies	1
byproducts	1
days	21
it	346
enough	26
man	51
he	683
connected	2
directors	4
general	4
managers	1
vicepresidents	1
superintendents	1
whose	3
names	1
we	60
all	105
knew	26
their	81
younger	9
brothers	2
nephews	2
auditors	1
freight	1
agents	1
departmental	1
assistants	1
everyone	4
road	13
even	29
large	7
cattle	4
grainshippers	1
annual	1
passes	1
families	1
rode	3
about	107
over	107
line	1
great	24
deal	14
two	41
distinct	3
social	3
strata	1
prairie	3
states	1
homesteaders	2
handworkers	1
make	27
living	13
bankers	1
gentlemen	6
ranchers	2
came	71
atlantic	1
seaboard	1
invest	3
money	12
develop	1
our	8
west	12
as	228
used	23
tell	25
us	38
when	154
travelling	2
back	72
forth	1
on	221
business	29
not	149
very	79
urgent	1
found	29
agreeable	5
drop	3
off	47
express	2
spend	2
pleasant	8
where	56
importance	1
delicately	2
recognized	3
no	88
pleasanter	2
captain	115
daniel	9
forrester	260
at	220
water	44
himself	44
contractor	1
built	3
hundreds	1
miles	2
burlingtonover	1
sage	1
brush	4
country	8
up	129
into	103
black	34
hills	5
place	39
every	20
called	14
remarkable	3
people	31
lived	11
made	45
seem	11
larger	1
finer	1
stood	31
low	11
round	17
hill	35
nearly	5
mile	1
east	8
town	31
white	29
wing	1
sharpsloping	1
roofs	1
shed	3
snow	8
encircled	1
by	87
porches	1
too	31
narrow	7
modern	1
notions	1
comfort	2
supported	1
fussy	1
fragile	1
pillars	1
honest	1
stick	1
timber	2
tortured	1
turninglathe	1
something	47
hideous	1
stripped	1
vines	2
denuded	1
shrubbery	3
would	88
probably	10
have	118
been	88
ugly	3
close	1
fine	11
cottonwood	2
grove	22
threw	8
sheltering	1
arms	8
left	36
right	15
grew	9
down	121
hillside	1
behind	28
thus	1
placed	3
against	11
bristling	1
first	33
thing	14
saw	35
coming	24
rail	1
last	32
departing	1
approach	3
forresters	51
property	5
you	333
get	59
wide	8
sandy	2
creek	18
flowed	3
eastern	1
edge	4
crossing	1
this	91
footbridge	3
ford	3
entered	1
captains	19
private	5
lane	13
bordered	2
lombardy	1
poplars	5
meadows	10
lying	5
either	6
side	8
just	49
foot	3
sat	36
crossed	9
second	8
stout	2
wooden	4
roadbridge	1
stream	2
traced	1
artless	2
loops	1
curves	2
through	53
broad	7
half	11
pasture	4
marsh	20
any	36
but	161
drained	5
bottom	6
highly	2
productive	1
fields	8
selected	1
long	58
because	15
looked	52
beautiful	9
him	216
happened	9
like	123
way	32
wound	5
his	514
mint	1
jointgrass	1
twinkling	1
willows	1
banks	3
times	9
children	2
could	84
afford	3
humour	2
fancies	1
drove	5
friends	32
station	2
democrat	3
wagon	3
gratified	4
hear	18
these	32
admire	2
stock	4
grazing	1
reached	9
top	6
see	66
older	10
leap	1
nimbly	1
ground	4
run	10
front	22
steps	4
mrs	205
out	113
porch	11
greet	3
them	110
hardest	1
coldest	1
narrowfaced	1
lincoln	1
banker	1
became	6
animated	2
took	41
her	481
hand	28
tried	7
meet	4
gay	4
challenge	2
eyes	50
reply	3
cleverly	1
droll	1
word	7
greeting	1
lips	9
she	406
always	51
outside	8
door	40
welcome	3
visitors	4
having	9
warned	2
sound	2
hoofs	1
rumble	1
wheels	2
bridge	14
if	106
be	115
kitchen	22
helping	4
bohemian	5
cook	4
apron	1
waving	2
buttery	1
iron	10
spoon	1
shook	12
cherry	5
stained	2
fingers	13
new	15
arrival	1
never	69
stopped	16
pin	1
lock	2
attractive	5
dishabille	1
rush	1
dressinggown	2
hair	18
rippling	1
shoulders	9
cyrus	4
dalzell	12
president	6
colorado	15
utah	3
felt	24
more	43
flattered	2
admiring	1
middleaged	1
visited	3
whatever	1
chose	1
ladylike	1
did	62
imagine	1
dress	11
situation	3
charming	3
few	23
words	9
told	24
judge	56
pommeroy	21
seen	21
look	29
captivating	1
day	42
chased	2
bull	2
forgotten	4
gone	24
meadow	3
gather	1
wild	13
flowers	12
heard	30
scream	1
ran	9
puffing	2
scudding	1
marshes	1
hare	1
beside	23
herself	24
laughter	4
stubbornly	1
clinging	2
crimson	2
parasol	2
trouble	8
twentyfive	2
husband	12
wife	25
married	7
california	13
brought	24
bride	2
home	23
months	5
each	10
year	12
later	5
after	62
terrible	1
fall	7
horse	10
mountains	12
broke	12
longer	9
build	4
railroads	2
retired	2
old	66
thereand	1
alas	1
will	61
begin	8
story	13
summer	18
morning	31
still	37
young	31
woman	21
things	29
expected	1
standing	7
deep	11
baywindow	3
parlour	21
arranging	1
oldfashioned	5
blush	1
roses	15
glass	18
bowl	1
glancing	3
group	4
little	57
boys	48
driveway	4
barefoot	1
fishingpoles	1
lunchbaskets	1
most	18
niel	238
herbert	7
pommeroys	10
nephew	9
handsome	6
boy	31
twelve	4
whom	8
liked	15
polite	4
george	16
adams	7
son	5
gentleman	3
rancher	1
lowell	1
massachusetts	3
others	7
butchers	3
redheaded	2
leading	1
grocers	1
fat	4
brown	9
twins	4
ed	11
elliott	9
flirtatious	1
father	7
kept	18
shoe	3
store	3
don	4
juan	4
lower	2
world	16
sons	1
german	3
tailorpale	1
freckled	2
lads	2
ragged	2
clothes	10
rustcoloured	1
sometimes	13
bought	6
game	4
catfish	2
appeared	2
silent	2
spooklike	1
thinly	1
asked	17
care	14
fish	5
hesitate	1
consult	3
together	12
ask	12
youd	4
better	18
goes	3
your	57
barely	1
knows	4
me	96
speak	8
paused	7
before	44
three	22
led	5
nodded	7
graciously	2
pink	5
goodmorning	3
picnic	3
stepped	7
forward	8
solemnly	1
big	24
straw	3
hat	18
please	11
may	9
wade	2
lunch	15
certainly	9
lovely	10
how	45
has	19
school	6
dont	48
miss	12
im	38
sure	11
does	19
tells	3
hes	22
studious	1
laughed	17
unhappy	1
leave	10
gate	7
open	14
mr	56
hates	2
blue	13
grass	11
went	80
quietly	10
shouting	2
grassy	3
slopes	1
under	35
tall	7
trees	6
watched	4
window	9
until	22
disappeared	4
roll	2
turned	24
mary	13
baking	1
put	52
pan	2
cookies	3
ill	28
take	39
sloped	1
gently	5
ended	2
steeply	1
high	12
bluffs	6
below	3
thither	2
bound	5
done	13
none	5
meant	12
behaved	2
creatures	4
breezy	1
dashing	1
silvery	3
dewy	1
cobwebs	2
glistened	2
weeds	3
swishing	1
among	14
pale	14
tan	3
cattails	1
wading	3
bed	17
chasing	1
striped	1
snake	2
willow	3
stump	1
sunning	1
cutting	5
slingshot	2
crotches	1
throwing	1
themselves	5
stomachs	1
drink	6
cool	4
spring	6
bank	13
thatch	2
dark	12
watercress	1
only	33
rheinhold	2
adolph	7
blum	13
withdrew	2
pool	1
dammed	1
reclining	1
tree	7
trunk	3
spite	4
noise	1
splashing	1
managed	2
catch	4
suckers	1
brilliant	2
blueeyed	1
purple	2
flower	2
milkweed	2
birds	5
butterflies	1
darted	3
everywhere	2
once	22
breeze	1
died	3
air	16
hot	8
steamed	2
tired	7
shirts	1
stuck	2
bodies	1
foreheads	1
sweltering	1
marshmeadows	1
lay	17
clean	2
grateful	1
shade	3
cottonwoods	3
spread	3
anything	31
rye	1
bread	2
hunks	1
dry	7
cheesetheir	1
companions	4
wouldnt	16
touched	6
account	5
thaddeus	1
grimes	6
impolite	1
show	7
scorn	1
live	8
wienies	1
why	22
bring	18
bawled	1
hush	2
said	93
pointed	5
figure	15
rapidly	2
flickering	1
leaf	1
shadows	7
bareheaded	2
basket	3
arm	21
blueblack	2
shining	1
sun	8
afterward	8
began	23
wear	5
veils	1
hats	1
though	19
complexion	4
beauties	1
cheeks	8
rather	15
thin	6
slightly	2
approached	4
particular	1
mother	11
rose	19
followed	9
example	3
here	39
some	47
napkin	2
didnt	26
i	332
know	41
nice	13
talking	16
light	15
confidential	3
myself	9
go	57
cant	24
resist	2
pull	2
stockings	2
pick	2
skirts	3
thrust	4
can	46
swim	1
women	25
oh	32
yes	25
everybody	6
swims	1
doesnt	8
tempt	1
memud	1
snakes	2
bloodsuckers	1
ugh	1
shivered	2
laughing	7
whopper	1
thad	6
kill	3
next	14
hell	8
bite	2
toes	1
now	60
drifting	1
examine	1
raspberry	1
fence	4
giggly	1
weaver	3
munched	1
silence	2
pleased	6
instead	2
sending	2
rough	2
red	13
mouththe	1
characteristic	1
feature	1
broodknew	1
special	3
kind	10
person	4
already	12
different	8
other	28
townswomen	2
reflect	1
upon	32
what	53
regarded	2
humbly	1
chewedoff	1
rich	5
realized	4
such	15
fortunate	2
privileged	2
class	1
an	73
axiomatic	1
fact	4
order	5
finished	7
spaniel	4
fanny	1
poisoned	3
visitor	5
shut	9
comes	5
thats	18
poison	3
ivy	64
want	22
roger	1
wellgrown	1
eighteen	1
nineteen	5
dressed	6
shabby	2
corduroy	1
hunting	3
suit	6
gun	6
gamebag	2
climbed	1
between	21
rows	3
walked	14
rude	1
arrogant	1
stride	1
kicking	1
twigs	1
carried	9
unnatural	1
erectness	1
steel	5
rod	2
defiant	2
suspicious	3
held	13
head	27
addressed	4
superior	2
patronizing	1
tone	5
hullo	3
kids	3
doing	4
thought	28
girls	1
picnics	1
teacher	1
aint	4
hunt	3
yet	11
scornfully	1
course	7
got	29
22	1
remington	1
birthday	1
guns	1
hide	3
yours	2
anyhow	2
assertion	1
absurd	1
fishmouthed	1
fathers	4
depended	1
being	12
ordering	1
cuts	1
meat	2
consequence	2
ate	2
steak	1
peters	38
family	4
nothing	37
trade	1
however	10
stiffly	3
upright	1
surveying	1
beady	1
making	9
uncomfortable	2
hated	4
ivyand	3
face	34
fascination	2
flesh	2
hard	10
swollen	3
beestings	1
encounter	2
nickname	1
given	6
away	42
several	9
dogs	3
judges	5
friendly	3
dislike	1
dog	1
couldnt	14
rest	9
end	18
ivys	5
skin	5
flecked	1
tiny	4
freckles	1
rust	1
spots	2
curly	4
indentation	1
knot	1
treeboletwo	1
permanent	2
dimples	3
soften	1
countenance	3
small	2
absence	3
eyelashes	2
gave	13
pupils	1
fixed	2
unblinking	3
hardness	1
lizards	1
hands	22
same	12
deeply	4
creased	1
across	14
knuckles	1
stretched	2
tight	2
fellow	4
telling	3
steal	1
ducks	4
sundown	1
bag	1
corn	2
cap	3
sees	2
complain	1
whoop	1
cares	1
speakers	1
restless	3
looking	20
branches	4
woodpecker	4
tapping	1
mind	19
bit	2
nerve	1
protected	2
theyre	4
afraid	13
precise	1
hump	1
theyll	4
spoil	3
mans	4
full	12
holes	1
easy	4
dare	3
shoot	3
youll	15
cried	2
let	23
stuckup	1
piece	3
whos	2
shooting	1
anyway	4
theres	11
ways	1
killing	2
choking	1
butter	1
effrontery	1
shot	2
amazed	1
glances	2
another	21
simultaneously	1
giggles	1
rolled	5
turf	2
seemed	47
unaware	2
especially	3
resourceful	2
concerned	3
drew	14
pocket	6
metal	2
bits	3
gravel	2
wont	13
surprise	1
bet	4
hit	1
fitted	2
stone	5
leather	6
squinted	1
fly	1
dropped	8
feet	8
heavy	24
wore	5
hottest	1
weather	7
wait	11
flutter	2
minute	1
female	2
anybody	3
contemptuously	1
annoyed	4
unpopular	1
should	10
afternoon	14
fate	2
uncles	7
carelessly	1
intent	2
project	1
own	26
box	5
opened	13
contained	2
curious	3
instruments	1
sharp	4
knife	2
blades	2
hooks	1
curved	2
needles	1
blowpipe	1
scissors	1
taxidermy	1
outfit	1
youths	1
companion	1
kneeshis	1
joints	1
disinclined	1
bend	1
alland	1
listened	4
shes	10
lively	5
cricket	1
announced	4
thrusting	2
suddenly	9
brim	1
startled	1
bird	3
bleeding	1
crippled	1
watch	7
woodpeckers	2
vice	1
thumb	2
forefinger	2
enclosing	1
panting	1
body	6
palm	3
quick	12
flash	4
practised	1
trick	1
slit	1
both	10
glared	1
stupid	2
instantly	3
released	2
whirling	4
corkscrew	1
motion	2
struck	3
treetrunkto	1
backward	1
tangle	1
flew	1
raking	1
feathers	1
falling	3
recovering	2
watching	7
indignant	1
knowing	2
sensitive	1
slaughter	1
believed	5
upset	1
hurt	6
desperate	1
darkened	2
creature	1
beat	2
wings	2
sunlight	4
seeing	2
shaking	3
drinking	3
presently	5
limb	1
recognize	2
perch	1
learned	3
bruises	1
pecked	1
crept	2
branch	2
hole	3
exclaimed	5
teeth	4
misery	1
rhein	2
tallest	1
obediently	1
bent	6
bony	1
climb	1
bark	1
tore	1
trousers	4
scratched	1
bare	6
legs	7
smartly	1
fork	2
breath	4
toward	15
inconveniently	1
almost	17
quite	11
safe	7
lost	7
balance	1
somersault	1
bumped	1
without	23
moving	1
whiskey	4
lets	4
carry	7
sense	3
bigger	2
stronger	1
lifted	8
niels	8
limp	1
started	6
occurred	3
chance	3
inside	2
wanted	12
mistress	2
kansas	2
city	3
whats	4
keeping	5
trooped	1
himall	1
butlers	1
pantry	1
diningroom	12
bedroom	5
counterpane	1
laid	2
sheets	4
frightened	2
brandy	6
sideboard	6
telephone	11
dr	7
dennison	9
many	16
knelt	1
putting	5
teaspoon	1
remained	4
folded	2
chest	4
taking	5
surroundings	1
bold	2
glanced	8
shoulder	9
needed	2
call	16
cursed	1
final	3
imperious	1
courtesyhighandmighty	1
intended	2
sit	11
biggest	1
chair	19
cross	3
modulated	1
voice	19
effectually	1
kicked	2
brawniest	1
tough	1
wonderingly	1
room	27
walnut	4
furniture	4
ruffled	2
pillow	2
shams	1
kneeling	1
bathing	1
forehead	6
cologne	1
basin	1
ouch	1
muttered	2
perspiration	1
dear	11
broken	8
move	4
minutes	2
nom	1
faintly	3
pain	1
weak	4
contented	2
dusky	3
quiet	5
everything	22
horrid	1
sick	1
soft	14
lady	11
lace	2
ruffle	1
throat	5
rising	3
quickly	10
glittering	4
rings	6
beforeshed	1
washing	4
marys	2
thinking	3
again	30
windows	8
baseboard	1
doors	7
closed	7
green	8
shutters	4
streaks	1
quivered	1
polished	1
floor	7
silver	8
dresser	1
curtains	3
looped	2
thick	4
cords	1
ropes	1
marbletopped	1
washstand	1
massive	2
inlaid	1
palecoloured	1
woods	1
scrollsaw	1
inlay	1
interested	6
looks	4
lightly	6
kissed	2
smelled	4
doctor	4
set	11
buggy	1
frail	2
eggshell	1
except	9
merely	7
brightly	1
passed	6
widower	2
poor	9
relation	3
spinster	1
kentucky	4
worst	2
housekeeper	1
usually	3
various	1
stages	1
incompletiontubs	1
sitting	12
linen	3
soakingand	1
beds	2
aired	1
hour	10
cousin	3
sadie	3
think	37
breakfast	2
read	13
murder	2
trials	1
peruse	1
wellworn	1
copy	1
st	1
elmo	1
goodnatured	1
running	4
help	12
neighbour	2
anyone	4
spent	7
office	27
county	3
abstract	1
books	3
farm	3
loans	1
invested	2
peoples	1
gentle	2
goodlooking	1
manners	5
failure	3
defeat	1
clung	3
maternal	1
uncle	34
whitewhiskered	1
portly	1
lawyer	8
friend	7
proud	6
five	5
haughtily	1
neighbours	1
anywhere	3
fayette	1
investments	3
turn	3
crown	1
pound	1
phrase	3
remembered	7
excitement	2
winter	33
springs	12
soon	15
thanksgiving	1
return	2
hadnt	10
growing	4
staying	4
supper	4
dance	4
moonlit	1
invited	2
going	30
met	10
driving	3
tom	10
faithful	1
negro	1
servant	2
table	17
dinner	28
party	7
accident	1
cut	15
short	9
career	2
roadbuilder	1
antlers	3
cane	2
grown	10
heavier	2
encumbered	1
bulk	1
suggested	1
contract	1
able	8
work	16
garden	9
trimmed	1
snowball	1
bushes	1
lilac	1
hedges	1
devoted	3
period	2
shorter	1
while	31
changing	2
future	3
bright	6
successive	1
crop	2
failures	2
spirit	2
farmers	1
disillusioned	1
fewer	1
drawing	3
horns	1
officials	1
stopping	4
oftenwere	1
inclined	1
hurry	4
past	5
sunk	2
herberts	1
crowded	2
wall	3
sent	8
accept	1
position	3
law	11
taste	6
might	18
stay	9
present	7
thousand	3
dollars	3
twentyone	1
suite	1
retained	1
offices	3
pretentious	1
brick	1
block	4
monastic	1
cleanliness	1
severity	2
glad	12
rid	1
inconsequential	1
housewifery	1
resolved	1
remain	1
bachelor	2
janitor	1
arranged	3
exactly	7
rooms	3
talk	15
oftener	2
ever	33
straight	3
deliberate	1
features	2
clearcut	1
lashes	2
moody	1
challenging	1
overbright	1
reserve	3
embarrassment	2
vanity	1
critical	1
habit	3
cold	7
christmas	7
writing	3
worked	2
trifled	1
surrounded	2
library	4
solemn	5
engravings	2
statesmen	1
jurists	1
desk	14
engaged	3
consultation	1
clients	2
greatly	5
bored	3
notes	2
copying	1
trying	9
invent	1
excuse	4
getting	11
street	9
aware	1
footsteps	2
corridor	3
rise	1
moment	21
womans	2
laugha	1
musical	2
laugh	11
descended	1
suave	1
scale	1
screw	1
double	5
muff	5
bewildered	1
swede	2
farmer	3
eye	9
lighted	2
bottle	1
bourbon	3
glasses	12
papers	3
prepare	1
cases	3
peeped	1
declined	1
pushed	4
sign	1
refusal	2
politely	1
sealskin	1
coat	16
scarf	3
showing	1
above	5
collar	7
veil	3
tied	2
least	8
obscure	1
arching	1
eyebrows	1
frosty	1
colour	11
cheeksher	1
fragrant	2
crystalline	1
whiteness	1
lilacs	3
bewitching	1
instantaneous	1
pierced	1
thickest	1
grinning	1
ear	2
shuffled	1
negative	1
slight	2
bowed	5
constituted	1
personal	1
hold	7
acutely	1
conscious	2
fragility	1
grace	2
mouth	4
intimate	2
mocking	4
dine	2
tomorrow	7
evening	19
lend	1
weve	2
wire	5
ogdens	8
theyve	4
girl	6
schoolshes	1
mumps	1
stop	10
frank	19
ellinger	30
prospect	1
pleasure	3
dining	3
ponderously	1
thank	16
playfully	1
drive	4
detained	1
wolfskin	1
shaggy	1
sleeve	3
stairs	2
hitchbar	1
cutter	3
painted	3
toy	1
sleds	1
wagons	1
tucked	2
buffalo	4
robes	3
untied	1
ponies	8
sprang	2
direction	1
team	2
frozen	4
main	1
abroad	1
ice	2
trotted	2
poplarbordered	2
late	8
burned	4
snowcrusted	1
pastures	1
pinched	3
severe	1
poverty	2
chatted	2
holding	6
break	7
wind	8
counting	3
entertain	1
constance	19
ogden	30
duties	3
arent	5
arduous	1
smiled	6
teasingly	3
college	2
ive	22
conversation	7
surely	1
havent	9
youre	8
perhaps	11
interest	2
lighter	1
considered	2
pretty	14
lately	1
strikingchina	1
heaps	1
yellow	11
yellowwhat	1
ashen	1
blond	1
believe	6
noticed	10
describing	1
charms	1
fun	2
ben	12
keezer	5
six	9
warm	10
storm	2
entry	1
hall	3
hang	2
sittingroom	3
coal	3
grate	4
burning	4
mantelpiece	1
dozed	1
midday	1
meal	1
bookcases	1
carved	2
tops	3
covered	7
carpet	3
walls	2
hung	4
poet	2
pompeii	1
shakespeare	1
reading	6
queen	1
elizabeth	1
returned	4
carrying	6
tray	4
decanter	2
sherry	6
husbands	5
smokingtable	1
poured	3
perched	1
stuffed	2
chairs	5
sipping	1
stretching	1
silverbuckled	1
slippers	4
glowing	3
coals	2
observed	2
youve	11
since	21
remember	16
thinks	3
reason	6
extraordinarily	1
else	13
commented	1
grimly	2
glum	1
refilled	2
tea	9
english	5
feel	12
besides	2
legend	1
occasional	1
terrifying	1
hemorrhages	1
doubtful	1
herfragile	1
indeed	5
effervescing	1
vitality	2
gravely	1
patted	1
cheek	3
seriously	1
often	19
shall	8
fourth	2
whist	5
must	32
worse	3
frightens	1
uncertain	4
luck	1
halfempty	1
firelight	2
sparkle	2
earrings	8
pendants	1
garnets	1
seedpearls	1
shape	1
fleursdelys	1
naturally	2
triangular	2
although	2
handsomer	1
ones	11
mothers	3
jewels	2
unless	7
during	4
intently	1
fire	16
outcome	1
difficulties	1
loves	1
keep	13
usedshe	1
antlersnothing	1
unusual	3
dobut	1
join	2
carriage	3
walk	3
fell	7
slip	3
simply	5
unsteady	1
shiver	2
fallen	4
plunging	2
exultantly	1
streak	1
sunset	3
bad	8
strange	2
common	3
elegant	1
palace	2
hotel	10
fashionable	1
distinguished	2
compared	1
dull	7
lifelessthey	1
glance	6
blood	3
tingle	1
elsewhere	2
inviting	1
distant	1
measures	1
music	1
opening	1
shutting	1
loitering	1
episcopal	1
church	3
sunday	3
seat	5
alone	15
silk	5
puffs	1
ruffles	1
ivory	2
handle	2
alight	1
swirl	1
foamy	1
petticoats	1
shiny	1
slipper	1
nod	2
driver	3
enter	1
pew	1
kneel	1
belonging	1
skeleton	1
poplar	2
row	2
tip	1
hollow	3
moon	3
four	3
occasion	2
liveryman	1
hacksvehicles	1
seldom	2
funerals	1
weddings	1
strongly	1
stable	2
laprobes	1
lead	2
slippery	1
oiled	1
paper	8
townspeople	3
state	3
emerged	4
horsehair	1
burly	1
buttoned	2
frock	2
flat	4
string	1
tie	2
folds	1
neck	6
cleanshaven	1
drooping	1
duncoloured	1
moustache	4
company	8
caught	11
whiskbroom	1
dusting	1
roan	1
hairs	1
broadcloth	2
brushing	1
introduced	3
daughter	4
smooth	2
dimpled	1
china	1
prominent	1
inexpressive	1
fleece	1
ashygold	1
bands	2
fresh	8
roselike	1
altogether	3
dissatisfied	2
lines	5
corners	4
nose	7
displeased	1
tightened	2
injured	2
expression	4
best	8
nervous	4
distracted	2
crushing	1
handkerchief	4
clearly	2
moments	4
easily	3
unpardonably	1
homely	3
pearshaped	1
curls	1
bluish	1
violet	2
diamond	1
necklace	1
glittered	3
wrinkled	2
unlike	1
thoroughly	1
amiable	1
talked	11
tilted	1
availing	1
arch	1
supposed	5
indulged	1
important	3
personage	1
acquired	1
manner	5
spoiled	2
darling	1
foolish	2
mannerisms	1
heartily	2
forgot	2
discouragement	1
weatherbeaten	1
fifty	2
cast	2
stiff	6
imperial	3
twisted	2
moustaches	1
noticeably	1
quieter	1
less	4
expansive	1
former	1
occasions	2
expect	4
near	6
twinkled	1
herwhile	1
askance	1
unchanged	1
committed	1
warmed	2
lamplight	1
brighten	1
member	1
cocktails	5
permitted	1
waistcoat	2
button	1
wrinkle	1
conspicuously	1
wellcut	1
coarse	3
filling	1
mattress	1
ears	2
florid	1
showed	3
veins	1
beaked	1
nosea	1
prow	1
ship	3
nostrils	1
chin	4
cleft	1
muscular	2
control	2
strong	5
irregular	1
snap	1
jaws	1
whole	4
alive	3
energy	2
cruelty	1
animals	1
hero	1
ambiguous	1
stories	5
whether	11
evil	1
signal	1
drank	5
cocktail	1
offered	2
fashioned	1
nobody	10
martinis	1
gin	1
consolation	2
sailors	1
inebriate	1
scrub	1
pronounced	2
colognescented	1
wipe	1
encores	1
puffed	3
somewhat	2
suffused	1
bloodshot	1
injury	1
blinked	2
lids	1
capacious	1
shaker	1
finger	2
dish	1
maraschino	1
cherries	1
pouty	1
smile	13
reprovingly	1
rolling	2
share	2
innocence	1
give	16
child	1
promptly	2
proffered	1
ownwhere	1
observe	1
stubborn	1
decided	2
fool	1
sighed	4
commanding	1
carving	2
bones	1
brace	1
duck	4
twentypound	1
turkey	3
deftly	1
prefer	1
preference	1
stuffing	1
gravy	1
vegetables	1
properly	2
plate	3
recipient	1
served	3
vary	1
formulae	1
mobile	1
remarked	4
pictures	2
grover	1
cleveland	1
clumsy	2
dignity	3
nature	2
conscience	1
juggled	1
repose	1
mountain	3
fleshy	2
thickfingered	1
frantic	1
hysterical	2
irish	1
workman	1
peace	1
secret	4
management	2
sanity	1
claimed	2
simple	1
building	4
camp	7
absent	3
telegram	4
insurrection	1
maidy	6
didhe	1
host	2
crossfire	1
amusing	1
opposite	2
closely	1
decide	1
prince	1
fellows	6
tactful	1
generous	3
apt	1
trim	1
sails	1
goodhumouredly	1
inevitable	3
notoriously	1
marriageable	1
daughters	1
morals	1
refer	1
ellingers	4
youthful	1
infatuation	1
nell	2
emerald	2
conducted	2
licensed	1
police	1
club	2
trotting	3
respect	2
prostitute	1
daylight	2
dozen	6
related	1
scandalous	1
chronicle	1
devotedly	1
caring	1
invalid	4
described	1
strangers	1
terribly	3
fast	4
model	1
combination	2
dead	9
roast	3
formal	1
champagne	3
stem	1
guests	5
happy	9
toast	6
invocation	1
utter	4
whoever	1
gravity	1
courtesy	2
knock	2
otherwise	2
hidden	4
wine	3
life	18
precarious	1
cryptic	1
unfathomable	1
brief	2
uttered	2
languishing	1
constanceshe	1
virginia	2
really	15
capn	2
ah	4
wan	1
yew	1
etc	2
vowels	1
didi	1
spot	5
indian	2
candles	3
swung	3
wearing	2
diamonds	1
tonight	13
velvet	6
gown	2
archaic	1
ideas	1
acknowledgment	1
gracefully	2
costly	1
buy	5
worthy	1
approval	1
narrative	2
concise	1
serving	1
civil	1
war	1
job	2
freighting	1
supplies	1
plains	4
nebraska	1
freighters	1
embarking	1
sea	1
hundred	3
width	1
count	1
week	8
month	2
glorious	2
plenty	4
antelope	1
boundless	2
sunny	1
sky	3
freshwater	1
lagoons	1
lagoon	1
bison	1
periodic	1
migrations	1
bathe	1
wallow	1
ideal	2
driven	3
trail	6
washout	1
south	4
explore	1
encampment	1
taken	8
location	1
stake	1
mark	2
wished	2
dependent	1
sickness	2
contend	1
responsibilities	1
hardly	3
planned	3
dig	1
plant	2
orchard	1
promise	3
manage	8
choosing	1
slowly	11
absently	4
cracking	1
walnuts	1
heaping	1
hoard	1
kernels	1
understood	3
referring	1
marriage	4
grindstone	1
discouraging	1
note	3
stakeit	1
rooted	1
treeand	1
planted	1
shortly	1
clear	6
commanded	1
attention	4
unornamented	1
phrases	1
impressiveness	1
inscriptions	1
philosophy	2
lifethis	1
coughed	1
abashed	1
intending	1
omit	1
belongs	1
plan	3
yourself	3
speakyou	1
mining	3
works	2
construction	1
camps	1
chapter	1
recognition	3
accomplish	1
dream	4
interesting	1
prompted	1
roused	2
abstraction	1
dreamed	4
mean	6
accomplished	1
developed	1
dreams	1
prospectors	1
contractors	1
everyday	1
facts	1
generation	4
sort	3
grunt	1
forbidding	1
lonely	1
voices	4
indians	3
sympathy	1
preoccupied	1
dessert	1
arrange	1
card	3
tables	1
played	3
cigars	2
smoke	3
offensive	2
protested	1
grave	6
question	4
bother	3
repeat	1
answered	4
purpose	3
varying	1
play	5
flickered	1
deepened	1
detested	1
deliberately	1
shuffling	1
pack	2
cards	3
playing	5
suppose	7
try	3
flung	2
answering	3
sampling	1
french	5
vacant	1
connie	2
midnight	2
eggnog	2
ready	5
players	1
punchbowl	1
smoking	4
sing	1
songs	2
ahm	1
sorry	5
whenever	1
spoke	11
strained	2
wasnt	7
deaf	2
start	3
song	2
coax	1
sir	2
smoothing	1
whiskers	1
coughing	1
auld	1
lang	1
syne	1
joined	2
rumbling	1
funeral	6
lurching	1
lanterns	1
lit	6
overcoats	1
whispered	4
coaxingly	2
am	8
planning	1
amuse	1
lip	1
persuasive	1
threateningly	1
understand	6
credit	1
swaying	1
upstairs	7
divest	1
propped	2
pillows	3
slept	5
alcove	2
formerly	1
wifes	2
dressingroom	1
undressing	1
breathed	1
heavily	5
fumbled	1
studs	1
blew	3
aid	2
unbuttoned	1
submitted	1
gratefully	1
creaked	1
receiving	1
goodnight	4
beginning	8
unfasten	1
bodice	1
tinkle	2
re	1
hooking	1
nightcap	1
cordial	2
careful	4
murmured	8
impression	1
someone	2
enclosed	1
stairway	1
crack	1
kittens	1
claws	1
pour	2
mine	2
flames	1
brandies	1
studying	1
flushed	2
masterful	1
need	6
replied	2
meaningly	1
nervously	3
brushed	2
sleep	7
cloth	3
cling	1
magnetized	1
touch	1
inches	2
train	8
leg	1
dragged	3
friction	1
crackled	1
sparks	1
actually	1
slipped	4
hearth	1
compressed	1
frowning	1
jingled	1
sleigh	7
ride	2
fur	1
lined	1
showily	1
befrogged	1
glossy	1
astrachan	3
powerful	1
bursting	1
vigour	1
highlycoloured	1
wellvisored	1
shone	1
opinion	1
gaily	2
cedar	2
boughs	2
seems	3
trifle	2
disappointed	2
sleighthe	1
pole	1
pressed	1
meaning	1
glided	1
merry	2
sleighbells	1
solitaire	2
river	3
self	2
hate	2
bein	1
wrinkling	1
unwrinkling	1
fluttering	1
hinder	1
livery	4
barn	7
rivers	1
angry	2
hopefully	1
teams	1
firmness	2
suspiciously	1
leaned	3
plump	2
fluffy	1
expressed	1
feelings	1
mischief	1
idea	5
relief	1
sniffed	1
livelier	1
extinguish	1
moneyand	1
reduced	1
imbecility	1
predicament	1
delighted	2
kid	1
reins	1
cigar	8
useful	2
stranded	1
soso	2
byroad	1
marian	8
flying	2
particles	1
sidewise	1
hers	1
settled	5
ought	6
devil	1
spark	1
softened	1
perceptibly	1
pressure	1
admitted	1
answer	7
letter	6
wrote	2
eleventh	1
rate	3
nearer	2
tumble	1
wish	6
write	3
satisfaction	4
love	5
letters	10
risky	1
neednt	1
softly	5
reminded	1
glove	1
sweeping	1
winding	2
snowcovered	1
wolfish	1
cedars	3
farther	4
ravine	5
winds	1
averted	1
twitched	1
corner	2
quality	3
changed	12
change	4
spinning	1
saying	6
thicket	2
watercourse	1
visible	1
indicated	2
windings	2
horses	5
approaching	1
dusk	1
slipping	1
search	2
rabbits	3
empty	3
stamping	1
impatiently	1
slid	1
log	3
happen	3
stranger	1
visiting	2
wholly	1
absorbed	1
lift	3
crushed	1
breast	4
overcoat	3
damned	2
matter	9
hatchet	2
pillowed	1
faint	1
breathe	1
strokes	2
rang	1
eyelids	1
shivers	1
evergreens	1
matters	1
tracks	1
orange	1
knee	1
waiting	4
feeling	7
secrets	1
feudal	1
also	1
blooded	1
quickbreathing	1
chancesfollowed	1
impulses	1
dimly	1
understandable	1
wet	5
weatherchapped	1
waded	1
mud	3
fishing	1
cat	1
haughty	1
haggled	1
price	4
treated	2
human	2
chats	1
pleasantest	1
season	1
isthmus	1
estates	1
fortunes	1
natural	2
turningpoint	1
autumn	1
twentya	1
difference	5
festivities	1
parties	2
regular	2
routine	2
evenings	3
early	6
dined	1
stayed	2
rubber	7
content	1
bachelors	1
becoming	2
attached	1
comforts	1
pleasures	2
lights	4
bitter	3
windy	1
nights	2
favourite	1
wonder	3
tear	1
plunge	1
outer	1
darkness	1
experimenting	1
bulbs	1
conservatory	2
january	1
february	1
narcissus	1
roman	2
hyacinths	3
springlike	1
odour	2
enticing	1
fireside	1
dulness	1
impossible	2
witty	1
trivial	1
elation	1
commonplace	2
amused	3
ruffianly	1
compliments	1
sold	1
pair	2
shoes	2
fascinating	1
gift	3
mimicry	2
mentioned	1
iceman	1
subtle	1
suggestion	2
individual	1
vivid	1
caricatured	1
faces	1
offended	2
provoke	1
form	2
commenting	1
agreeing	1
appreciating	1
interestingand	1
direct	2
elusive	1
image	2
flashed	2
brightness	1
manycoloured	1
longlost	2
swept	3
march	1
drifts	3
snowed	1
attempt	2
third	3
postoffice	3
mail	4
sack	1
accumulation	1
middle	2
armpits	1
fences	1
lonesome	2
appreciate	1
lie	3
complaining	1
headache	1
boots	4
drying	1
rainbow	1
keen	1
watery	1
blossoms	1
lose	5
stand	6
drifted	3
castle	1
eat	1
hay	1
throw	2
cabbages	1
suffer	1
feeding	1
stair	1
japanese	1
losing	2
rested	6
delightful	1
sings	1
whistles	1
eaves	1
closer	1
spirits	3
wondered	4
rearranged	1
solicitous	2
offer	2
toothache	1
cheerful	1
nowtied	1
aprons	1
toasting	1
watchfulness	1
cups	1
appetite	1
turning	2
news	7
concerning	1
silverrimmed	1
aloud	2
doings	1
stool	1
eating	2
humorous	1
comments	3
subjects	1
paragraphs	1
engagement	1
erma	1
saltonsmith	1
god	4
danced	2
name	16
ancient	1
mariners	1
journal	1
crumple	1
knees	4
age	6
lamp	4
twilight	3
downstairs	1
stirring	1
zone	1
shadow	4
snored	1
squares	1
ceased	3
rattle	1
dying	1
roughly	1
clattered	1
sorts	1
sweetheart	2
joe	5
pucelik	2
blizzard	1
neglected	1
tooth	1
begins	1
ache	1
temper	1
shrugged	2
blind	2
makes	1
worth	3
asleep	6
objections	1
tasted	1
newfallen	1
arc	1
buried	1
rounded	1
blown	1
breaths	1
bleak	1
become	7
fear	3
unmistakable	2
fright	1
exercise	1
skate	1
ankles	1
dancing	1
till	3
eighty	1
waltzing	1
grandmother	1
plunged	2
froze	1
clouds	1
thinning	1
wrong	2
objectionably	1
clad	1
frogged	1
intrusion	1
curiously	3
admired	2
attributes	1
comprehension	1
railroadbuilder	1
loyalty	2
stamped	1
worn	4
damascus	1
admiration	2
spiteful	1
dangling	1
herand	1
chosen	1
disparity	1
subtlest	1
thrill	2
mocked	1
outrageously	1
proprieties	1
inherited	2
magic	1
contradictions	1
seven	2
readbut	1
copious	1
diversion	1
inexhaustible	1
resource	1
bookcase	1
filled	2
volumes	2
apart	4
complete	2
bohn	2
classics	2
student	1
university	1
claret	1
cellar	3
byron	1
apropos	1
quotation	1
advised	1
byronall	1
save	6
jones	2
wilhelm	1
meister	1
raced	1
montaigne	1
translation	1
ovid	1
experiments	1
authors	1
fooling	1
philosophical	1
collection	1
curiosity	1
represented	1
wisdom	1
ages	2
doubtless	1
guilty	1
enjoyments	1
heroides	1
invented	1
beguile	1
idle	1
behaviour	1
livingsurprised	1
misleading	1
eavesdropping	1
sumptuously	1
sinned	1
western	1
rapt	1
perspective	1
influenced	1
conception	2
relations	1
architect	3
differently	1
flowering	1
shrubs	1
send	3
gardener	1
june	3
labors	1
interrupted	2
alarming	1
shears	2
savings	2
largely	1
failed	1
giving	3
instructions	1
danger	1
errand	1
trip	4
foreboding	1
gloom	1
dreaded	1
retrenchment	1
hardship	1
herwould	1
unfitting	1
straitened	1
circumstances	1
meals	1
departure	1
find	9
register	1
appear	2
visit	4
stir	1
gossips	2
awakened	2
dawn	3
switch	1
engine	1
muffle	1
sheet	1
escaping	1
steam	1
excited	2
flaming	2
gloriously	1
intense	2
blissful	1
realization	1
intrude	1
unwelcome	1
presence	2
wimbleton	1
impulse	1
affection	2
guardianship	1
lightthough	1
cloudless	1
grasses	1
splashed	2
snowonthe	1
globed	1
dew	3
swamp	1
raspberrycoloured	1
clusters	1
religious	1
purity	1
tender	1
sheen	1
limpid	1
joyouslike	1
unstained	1
saffron	1
winelike	1
sunshine	1
gild	1
glistening	1
activities	1
unsullied	1
handed	2
heroic	1
overhung	1
thickets	1
buds	1
petals	1
rosecolour	1
noona	1
dye	1
moisture	2
cannot	2
possibly	1
fade	2
ecstasy	1
stems	2
thorns	1
bouquet	2
gathered	1
awake	3
defencelessness	1
beauty	3
themand	1
sudden	2
distaste	1
worldlings	1
tying	1
twist	1
north	1
doorlike	1
sill	1
within	1
impatient	1
indulgent	1
teasing	1
eager	2
lazyended	1
yawn	1
temples	1
beating	2
anger	1
prickly	1
bunch	3
mudhole	1
trampled	2
instant	2
stooping	1
windowsill	1
dried	1
wrecked	1
subsequent	2
mornings	2
bitterly	2
bloom	1
existence	1
recapture	1
freshness	2
lilies	2
fester	2
smell	4
far	8
variety	1
fancy	1
moral	1
scruple	1
outraged	1
aesthetic	1
brilliancy	1
fed	1
concealed	1
eight	4
alighted	1
referred	1
perfume	3
mockorange	1
blowing	2
subject	2
unfolding	1
wiping	2
around	9
square	2
unencumbered	1
pension	2
livestock	1
considers	1
acted	2
foolishly	1
hope	3
unmarried	1
securities	3
government	3
bonds	2
expense	1
depositors	5
paid	4
wives	1
compliment	1
satisfied	2
regret	1
decision	1
sought	1
decisions	1
effort	1
bay	2
gazing	1
watered	1
explain	3
faced	2
deposits	2
wageearners	1
employes	1
mechanics	1
labourers	1
wellknown	1
officers	1
promised	2
security	1
fair	3
treatment	1
workmen	1
promising	2
irons	1
evident	1
chagrin	2
refused	1
scratch	1
pay	4
losses	1
insolvent	1
unwise	1
mismanagement	1
nationwide	1
financial	1
panic	2
shrinking	1
values	1
foreseen	1
argued	1
loss	2
cents	2
dollar	3
longtime	1
per	3
cent	3
settling	1
basis	1
seventyfive	1
firm	1
respectfully	1
finally	1
settle	1
terms	2
additional	1
refunding	1
affair	2
vault	1
sorted	1
contents	1
sell	7
stocks	1
market	1
pace	2
twisting	2
seals	1
watchchain	1
honour	2
backing	1
capital	1
safety	2
saved	4
community	1
noses	1
strip	2
pledging	1
insurance	1
crowd	2
poles	1
swedes	1
mexicans	2
scared	1
death	8
lot	1
englishseemed	1
wed	4
torment	1
mam	3
pon	1
forbid	2
livered	1
rascals	2
bushy	2
madam	1
scoundrel	1
nigger	1
counsel	1
members	2
bar	2
wreck	1
use	4
influence	1
acquaintance	2
flush	1
delicate	3
dignified	1
rebuke	1
discourtesythough	1
shown	1
hostess	4
honourable	1
profession	1
sadly	2
waken	1
stertorous	1
breathing	1
antechamber	1
struggling	3
panted	2
sweat	1
strength	2
lifting	3
wounded	1
elephant	1
hurried	5
telephoned	1
stroke	4
finish	1
weeks	9
helped	3
alonescarcely	1
attend	2
abstracted	1
impersonal	3
gifts	1
fruit	1
acknowledged	1
inquiries	2
scattered	1
missouri	2
preparing	3
foods	1
seated	4
arrived	1
post	5
redwhiskered	1
rumpled	2
pongee	2
panama	2
climbing	1
car	8
enquire	1
health	6
mounted	2
bandanna	1
ladys	1
claim	1
privilege	1
moved	3
clumsily	1
bear	2
straighten	1
flowing	1
kitty	4
porter	2
realize	5
extent	1
giddy	1
nieces	1
portsmouth	1
hitched	1
tail	1
flyer	1
sofa	3
illness	3
sympathetic	1
questions	4
palms	1
patting	1
affectionately	1
everand	1
ball	1
whisper	1
couple	2
port	1
faster	4
doctors	1
wines	1
brightened	1
garnet	1
deeper	1
fluttery	1
butterfly	1
jim	1
valet	2
tears	1
heartbreaking	1
sweetness	2
hears	1
nine	3
recovered	1
speech	2
clouded	2
pronounce	1
distinctlyslid	1
syllable	1
therefore	1
avoided	1
brain	1
lesion	1
comfortably	1
august	2
boston	5
coaching	1
entrance	2
examinations	1
institute	1
technology	1
study	1
architecture	1
bidding	2
goodbye	2
treat	3
glow	1
shadowy	1
plans	1
journey	1
true	1
marry	3
pass	1
coupleas	1
terror	1
command	3
herselfor	1
lightness	1
cost	3
forget	2
mope	1
lots	1
twenty	5
chorus	1
suppera	1
allowance	1
scrape	1
cheque	2
packing	1
leaving	2
ceremony	1
echoed	1
loveliest	1
success	2
speed	2
parting	1
guest	2
chilling	1
doubt	3
thrown	2
truth	3
exquisiteness	1
recover	1
onegive	1
himthe	1
tempered	1
blade	1
stations	1
case	1
strolled	1
pullman	1
passengers	1
flannel	1
shirt	2
necktie	1
regarding	2
urban	1
rear	1
seconds	1
gloating	1
weight	2
affected	1
pockets	2
mistaken	2
beestung	1
smiling	3
contemptuous	1
jocularity	1
hello	1
vacation	1
takes	3
shyster	1
changes	2
neighbouring	1
practising	1
rent	2
meadowland	1
wheat	6
brother	2
john	1
boss	1
profitable	2
influential	1
chesty	1
barrels	1
bluff	1
oldtimers	1
harm	1
delusion	1
grandeur	1
happier	2
greenish	1
haberdashery	1
notice	3
disappointment	1
determined	1
enquired	1
pointedly	1
seeks	1
neglects	1
blame	1
real	2
remarks	2
dully	1
buzz	1
reclaim	1
moreover	1
consideration	2
weighed	1
disliked	1
childhood	2
blindly	1
instinctively	1
recognizing	1
antipathy	1
hostile	1
insects	1
draining	1
obliterated	1
acres	1
asserted	1
power	5
loved	1
unproductive	1
idleness	1
smoker	1
dreamers	1
greathearted	1
adventurers	1
unpractical	1
point	1
magnificence	1
courteous	1
brotherhood	1
attack	1
defence	1
conquer	1
vast	1
territory	1
won	1
mercy	1
dared	1
risked	1
mirage	1
dispel	1
root	1
brooding	1
freedom	1
holders	1
space	2
princely	1
carelessness	1
pioneer	3
destroy	1
match	1
factory	1
splinters	1
primeval	1
forest	1
shrewd	1
trained	1
petty	1
economies	1
plot	3
hickory	1
canes	4
sandstone	2
granite	1
boulder	2
sundial	4
explained	2
pride	1
board	2
marked	1
length	2
visits	1
diagram	1
copied	1
columnlike	1
formed	1
base	2
likely	3
hunted	1
formation	1
pillar	1
bible	1
gods	1
soles	1
weaker	1
fatter	1
smoother	1
wax	1
melts	1
heat	2
shaded	1
nerveless	1
shaved	1
awhile	1
nicely	1
razors	1
barber	1
expecting	1
hammock	3
slung	1
glade	1
slender	2
wondering	1
movement	1
suspended	1
net	1
rescue	1
thisoff	1
earth	1
sad	4
periods	1
weariness	1
adverse	1
fortune	3
impatience	2
gleam	1
elegantly	1
fantastic	2
tantalizingseemingly	1
artifice	1
isnt	8
sputtering	1
warn	1
nonsense	1
sweethearts	2
dozenand	1
seal	1
ring	1
swinging	4
playful	2
raised	1
elbow	1
lowered	1
childish	2
visibly	1
devoured	1
clocks	1
creep	1
adamses	1
rapid	1
tint	1
gardenias	1
begun	3
coil	1
linessomething	1
astonishing	1
vanish	1
utterly	2
wiped	2
personality	1
shouldnt	1
actresses	1
fashion	1
comfortable	3
shocking	1
athletics	1
dinnerdo	1
says	2
misses	1
moves	1
afternoonto	1
helps	1
sweeps	1
beats	1
rugs	1
washes	1
pinned	1
chicago	5
id	8
push	2
undulation	1
evasively	1
pays	1
successful	2
involved	2
careless	2
ridiculous	1
alleys	1
quivering	2
fans	1
elysian	1
underneath	1
rarest	1
remembereda	1
archness	1
gaiety	1
wistfully	1
wordsthe	1
quietness	1
glory	2
tarried	1
accompanied	1
slow	1
progress	1
firmly	1
carefully	2
walking	1
sank	2
whiff	1
restore	1
produced	1
rack	1
scantily	1
draped	1
arab	1
egyptian	1
slave	1
shell	4
coast	2
noticing	1
hallway	1
splints	1
servants	1
francis	1
bosworth	1
glenwood	2
embarrassed	1
prevented	1
envelope	2
penman	1
list	1
articles	1
copper	1
exceptional	2
angular	1
laced	1
perfectly	3
script	1
pitch	1
pen	1
confident	1
dexterity	1
frequent	1
appearance	1
irritated	1
path	1
steep	2
tramping	1
proprietorship	1
slam	2
whistling	1
yard	1
pleasantry	1
housework	1
receive	1
inferiors	1
en	1
deshabille	1
chatter	1
coarsegrained	1
wrapper	1
sleeves	1
impudent	1
strode	1
sunwent	1
addressing	1
incapable	1
understanding	1
prayer	1
meetings	1
rain	3
droughts	1
tin	1
bucket	1
attitude	1
shows	1
funny	1
improper	1
naughtiest	1
farmhand	1
guffaw	1
ringer	1
catching	1
pail	1
maid	2
hasnt	2
pig	1
blurted	1
polishing	1
overly	1
complained	1
guarded	1
admission	1
rudeness	1
helpless	3
equals	1
due	3
itto	1
dismiss	1
employ	1
smoked	1
mineowner	1
deadwood	1
stroking	1
surface	1
july	2
moonlight	3
unable	1
indoors	1
aimlessly	1
ripe	1
sleeping	2
trod	1
dusty	1
roads	1
disturb	1
slumber	1
scent	1
clover	1
mowed	1
plumelike	1
motionless	1
pebbles	1
sleeps	1
heaven	1
tuck	1
worry	1
striding	1
neither	1
calling	1
nor	2
removing	1
stalls	1
fit	3
noon	1
objection	1
permission	1
oclock	3
ten	1
client	3
maybe	1
impudence	1
invite	2
thanks	1
allow	1
teach	2
anxiety	1
lease	1
disagreeable	1
hurriedly	1
wyoming	3
gets	1
splendid	1
crooked	1
methods	1
nowadays	1
debt	1
smart	1
owns	1
advantage	2
anybodys	1
necessity	1
unscrupulous	1
housekeeping	1
asas	2
instance	1
honestly	2
wants	2
schemes	1
clever	2
wayits	1
cheat	1
vehemently	1
rascality	1
succeeds	2
speaking	2
abruptly	2
californiaand	1
grow	1
gripped	1
wrist	1
dalzells	5
owe	1
sister	3
surprised	2
horseback	1
dresses	1
yards	2
satin	1
sewing	1
gives	1
accepted	2
invitation	1
saving	1
quickening	1
holeshe	1
werent	2
yesterday	2
proudly	1
remarkably	1
originally	1
urged	1
intensely	1
thunderstorms	1
torrential	1
rains	1
valley	1
burst	1
creeks	2
stubble	1
lake	1
rushing	1
separated	1
chores	1
slicker	1
mailbag	1
mount	1
likes	2
guess	6
saddle	1
disconcerting	1
picture	1
society	2
page	1
washed	2
obliquely	1
battered	1
current	1
irresolutely	1
submerged	1
lands	1
distracting	1
disorder	1
continued	1
chimneys	1
leaking	1
streams	2
soot	1
flooded	1
stove	2
brussels	1
tinner	2
flue	1
sheetiron	1
drawer	1
stovepipe	1
tools	1
damp	1
sweater	1
coaloil	1
book	1
hours	4
pipe	1
scarcely	2
hurrying	1
echoing	1
pulled	2
trickled	1
drenched	2
waisther	1
muddy	1
pulp	1
belly	1
swallow	1
aside	1
afterwards	1
distance	3
snatched	1
condition	1
beasley	7
central	3
indefatigable	1
reporter	1
wires	1
tapped	1
toe	1
boot	1
warning	2
aroused	1
sleepy	1
asks	1
wishes	1
soothing	1
spelled	1
instrument	2
publish	1
heed	1
staring	1
shrunk	1
points	1
brows	2
drawn	1
acute	1
angle	2
twitching	1
frown	3
themthe	1
singular	1
overcome	1
alcohol	1
fatigue	2
consciousness	1
single	2
waited	3
blink	1
anew	1
suspense	1
wildly	1
wringing	1
buzzed	1
barred	1
calm	1
himand	1
exchanges	1
awkward	1
listener	1
reformed	1
confidence	1
deserved	1
listening	2
pause	2
stared	2
stupidly	1
steeled	1
nerves	1
reproaches	2
affectionate	1
formality	1
opal	1
fluttered	1
honeymoon	1
happywarm	1
ease	1
drawingroom	1
stormy	2
unusually	1
trains	2
exclamation	1
sharply	1
darkening	2
booth	1
alarm	2
coward	3
hulking	1
pasty	1
hateful	1
receiver	2
groaning	1
sobs	2
composure	3
passion	1
hatred	1
leaped	1
insulated	1
response	1
stupor	1
clothing	2
wrapped	1
bathrobe	1
absolutely	2
unconscious	1
locked	1
cottage	1
briefly	1
oughtnt	1
hack	1
relaxed	1
ruggedness	1
asiatic	1
smoothness	1
wise	1
chinese	1
mandarin	1
perfect	1
blinking	1
boiled	1
pudding	2
sewed	1
kimono	1
waddling	1
feathery	1
asparagus	1
molly	4
tucker	3
seamstress	1
exciting	1
agreed	2
judgment	2
crueller	1
pieces	2
misfortunes	1
maintained	1
demeanour	1
agoall	1
housewives	1
further	2
cardcase	1
soups	1
custards	1
exhausted	1
beasleys	1
tuckers	1
familiarly	1
anothers	1
rummaged	1
closet	1
pried	1
attic	1
ants	1
fooled	1
inconvenient	1
sink	1
smelly	1
carpets	1
faded	1
bedrooms	1
dust	2
wideawake	1
encountered	1
bustling	1
effect	1
revival	1
bolder	1
bolderand	1
apparently	1
resistance	1
drudged	1
halfdressed	1
chambers	1
coffee	1
bars	1
overheard	1
snatches	1
platters	1
dishes	2
tarnish	1
damask	1
tablecloth	1
saloons	2
sale	3
serve	2
sherbet	1
beer	1
bid	1
mantel	1
ornaments	1
em	4
elliotts	3
glassy	1
icebox	1
confused	1
particle	2
minded	2
repeated	1
declared	1
chuck	1
charge	1
nursing	1
tranquil	1
improved	3
wheelchair	1
enjoy	1
september	1
briar	1
value	1
resting	1
happiness	1
vigils	1
classmates	1
step	2
faith	1
william	1
chapel	1
tragic	1
cardtable	1
mosaic	1
pattern	1
chessboard	1
naples	1
wherever	2
himas	1
asking	3
peaceful	1
closing	1
heto	1
expressionsvalued	1
december	1
telegraphic	1
discouraged	1
furnished	2
telegrams	1
closest	1
europe	2
intimates	1
pallbearers	1
coffin	1
undertaker	1
setting	1
knocking	1
working	1
knitted	1
comforter	1
dolph	1
hesitated	1
sight	1
undertakers	1
jacket	1
armful	1
rabbit	1
trembling	1
settlers	1
folk	1
follow	1
pioneers	1
cemetery	1
inscription	1
appropriate	1
rosebushes	1
insisted	1
swift	1
squalls	1
creaking	1
april	1
rheumatic	1
fever	2
attending	1
familiarhe	1
orville	1
oblique	1
beeswax	1
heroically	1
bald	1
gloves	1
neatly	1
begged	1
entrust	1
thoughtfully	1
reflected	1
concerns	1
assured	1
discretion	1
difficult	2
washington	2
increase	1
willing	2
provided	1
activity	1
normal	1
blank	1
transferred	1
rented	1
deathwas	1
tenant	2
frowned	1
trustworthy	1
principle	1
distressing	1
unfinished	1
free	1
frequently	1
womenfolk	2
approved	1
disapproved	1
reversal	1
troubled	1
tighter	2
unprincipled	1
sentiment	2
immediately	1
convince	1
necessary	1
treetops	1
misguided	1
advice	2
daniels	1
consulted	1
uncertainly	1
considering	1
interview	1
cowardice	1
memory	3
finding	2
marred	1
dread	1
disenchanting	1
noncommittal	1
gallant	1
encouragement	1
drag	2
dimmed	1
ballast	1
hither	1
flighty	1
perverse	1
faculty	1
discrimination	1
proper	1
deathcalled	1
oil	1
discovered	1
landholdings	1
pulling	2
owned	1
projects	1
occasionally	1
scandalized	1
plain	1
gossiping	1
knit	2
betterlooking	1
occur	1
coldly	1
tenants	1
presentable	1
eyesore	1
boards	1
rotted	1
paint	1
exaggerated	1
earnestness	1
persuade	1
returns	1
meantime	2
wasting	1
pleading	1
plausibility	1
strain	2
menthose	1
savages	1
civilized	1
hints	1
bostonand	1
whod	1
simpson	4
flatter	1
discussing	2
mightnt	1
strikes	1
tossed	1
mirth	1
themit	1
defiance	1
widow	3
argument	1
courtly	1
defection	1
cherishing	1
revived	1
attended	1
deducted	1
penny	1
fees	1
entrusted	1
badly	1
written	1
requesting	1
accounting	1
funds	1
spoken	1
judgeor	1
bonnet	1
cape	1
fastened	1
violets	1
enquiringly	1
troublesome	1
friday	2
annie	5
severely	1
snob	1
mustnt	1
level	1
talent	1
mix	2
persuaded	2
arrive	1
mixing	1
excused	1
reappeared	1
candlesticks	1
wernzs	1
queensware	1
service	1
displaying	1
sock	1
styles	1
drinks	1
girlsalways	1
graduated	1
laughedin	1
fanning	1
sandalwood	2
fan	2
rosein	1
suddenness	1
succeeded	1
teaching	1
powder	2
browner	1
surprising	1
promptness	1
vulgar	1
carve	2
candleshade	1
bringing	1
bow	1
obeyed	1
unquestioningly	1
extremely	1
molasses	1
taffy	1
glistens	1
consumed	1
jelly	1
studied	1
encouragingly	1
draw	1
roy	1
jokes	1
congratulating	1
rouge	1
herat	1
peopleand	1
beefsteak	1
potatoes	1
food	1
weary	2
using	1
electrify	1
determination	1
baseball	1
politics	1
scandal	2
monosyllables	1
exclamations	1
attempts	1
prolong	1
unavailing	1
salad	1
dispatched	1
notion	1
lain	1
camping	1
outfits	1
trout	1
flies	1
mixtures	1
mosquitoes	1
intend	1
cabin	1
sierras	1
firewood	1
wash	1
pots	1
pans	1
bake	1
pot	1
trappers	1
heart	3
lifetime	2
sierrastheres	1
magnificent	1
spending	1
ormsby	1
ned	1
montgomery	2
gaudy	1
millionaire	1
gold	1
date	1
killed	2
lobby	1
san	2
francisco	2
trial	1
publicity	1
blow	1
footstool	1
stirred	1
partner	1
littleshe	1
fred	1
harney	3
intrepid	1
climber	1
eagle	1
cliff	1
creeping	1
projecting	1
ledge	1
rope	1
rocks	2
pine	1
arrested	1
canyon	3
icy	1
draught	1
missing	2
partythey	1
stolen	1
foolhardy	1
adventure	1
worried	1
trails	1
turns	2
jutting	1
ledges	1
litter	1
hugging	1
hanging	1
suffered	2
terriblyfainted	1
dangerous	1
places	1
pump	1
muscles	1
balanced	1
possible	1
surgeon	2
fractures	1
boasted	1
screamed	1
twice	2
circle	1
fingertips	1
somethingthe	1
genuinely	1
marshall	1
field	1
union	1
pacific	1
indomitable	1
partbut	1
stagehands	1
listen	1
shared	1
undertakings	1
tutor	1
melancholy	1
forever	1
boyhood	1
era	1
traveller	1
embers	1
hunters	1
hunter	1
flattened	1
pony	1
grazed	1
roadmaking	1
harness	1
reprieve	1
visions	1
followedthese	1
afterglow	1
facesand	1
immolate	1
die	2
belonged	1
preferred	1
contempt	1
thishad	1
episode	1
honeysuckle	1
pastry	2
unconcernedly	1
meeting	1
peacefully	1
reality	1
betrayed	1
doses	1
cure	1
coupled	1
failing	1
westpeople	1
eventually	1
ken	1
breaking	1
thenbut	1
delight	1
witch	1
endor	1
samuels	1
demand	1
ardour	1
everblooming	1
everburning	1
everpiercing	1
joy	1
playacting	1
suggesting	1
lovelier	1
destined	1
broadshouldered	1
sunbrowned	1
message	1
buenos	2
ayres	2
ordered	1
america	2
engineer	1
banquet	2
hotels	1
laughthat	1
furs	1
againto	1
cranky	1
englishman	2
henry	1
collins	3
born	1
ranch	1
character	1
brazilian	1
quarrelsome	1
stingy	1
travelled	1
blacker	1
dyed	1
estate	1
kindest	1
york	1
somewhere	1
grand	1
army	1
decoration	1
draft	1
cared	1
wave	1
