the	2522
and	1492
to	1404
she	1284
a	1193
he	1024
was	1016
her	949
in	909
of	850
had	759
it	661
that	620
his	604
lucy	417
for	408
on	389
with	380
you	358
i	333
at	332
as	330
but	316
him	310
not	278
when	276
be	254
out	253
were	253
have	217
there	217
they	215
would	203
up	197
like	196
this	183
one	182
been	179
all	179
from	178
so	172
if	168
into	152
about	152
could	144
sebastian	143
back	138
down	136
very	136
came	133
little	133
went	131
never	128
no	127
over	126
harry	120
go	115
an	114
or	110
is	108
after	107
pauline	103
who	103
by	102
come	101
before	101
something	97
now	97
good	95
time	94
them	93
made	89
what	87
which	86
people	85
did	85
then	85
morning	84
must	83
old	83
home	82
man	82
just	82
me	81
away	81
looked	80
see	80
we	79
more	79
some	79
said	78
got	78
knew	77
do	77
way	76
their	75
through	75
life	74
much	74
gayheart	74
going	74
used	73
seemed	72
room	71
too	71
again	71
long	71
thought	70
only	69
first	68
than	68
town	67
here	66
where	66
put	65
took	63
own	63
herself	63
my	63
well	62
didnt	62
gordon	61
mr	61
things	60
get	59
felt	59
are	57
always	57
might	57
mrs	57
look	55
eyes	55
heard	55
two	55
young	55
auerbach	55
while	55
house	53
think	52
last	52
told	52
know	52
its	51
nothing	51
along	51
door	51
any	50
studio	50
moment	50
day	50
left	50
how	49
even	49
off	49
began	48
take	48
still	48
ever	48
why	47
everything	46
gone	46
place	46
kind	45
dont	45
thing	45
other	45
chicago	44
himself	44
feel	43
such	43
brought	42
face	42
im	42
great	42
your	42
turned	42
hand	41
walked	40
piano	40
every	40
night	40
father	40
make	40
can	40
let	40
world	39
years	39
new	39
found	39
sat	39
haverford	38
light	38
couldnt	38
behind	38
street	37
gave	37
without	37
will	37
once	37
looking	37
toward	36
perhaps	36
window	36
voice	36
air	36
open	36
coming	35
called	35
because	35
tell	34
anything	34
mind	34
stood	34
far	34
until	34
against	34
those	34
cold	34
asked	33
rather	33
giuseppe	33
has	33
say	33
another	32
bank	32
should	32
under	32
work	32
few	32
girl	31
enough	31
stopped	31
music	31
mockford	31
feeling	31
country	31
kept	31
wanted	31
many	30
want	30
afternoon	30
end	30
lucys	30
heart	30
alone	30
right	30
most	30
same	30
days	29
often	29
evening	29
saw	29
summer	29
happened	29
between	28
these	28
oh	28
men	28
wasnt	28
head	27
hour	27
ill	27
afraid	27
miss	27
liked	27
next	27
cab	27
give	27
city	26
fire	26
opened	26
thinking	26
hadnt	26
boys	26
soon	25
sometimes	25
sure	25
really	25
upon	24
ive	24
table	24
met	24
milton	24
hall	24
tonight	24
deal	24
walking	24
red	24
being	24
oclock	24
hat	23
yes	23
seen	23
meant	23
early	23
spring	23
hands	23
spoke	23
almost	23
friends	23
though	23
together	22
white	22
since	22
winter	22
river	22
boy	22
ramsay	22
orchard	22
dark	22
ago	22
slowly	22
better	22
clement	21
love	21
chair	21
already	21
shall	21
keep	21
sister	21
else	21
walk	21
hard	21
wind	21
wouldnt	21
tired	21
best	21
black	21
road	21
please	21
held	21
tried	21
wife	21
tomorrow	21
quite	20
week	20
windows	20
business	20
ice	20
opera	20
dinner	20
talking	20
talk	20
hours	20
sebastians	20
shut	19
full	19
big	19
woman	19
gayhearts	19
shop	19
sent	19
help	19
person	19
sorry	19
glad	19
money	19
play	19
living	19
arm	19
find	19
caught	19
building	19
year	19
both	19
grey	18
ones	18
mean	18
three	18
noticed	18
call	18
short	18
blue	18
rest	18
coat	18
hear	18
whether	18
youll	18
bed	18
our	18
longer	18
indeed	18
dress	18
front	18
am	18
cant	18
heavy	18
try	17
anyone	17
done	17
hes	17
laughed	17
passed	17
live	17
lived	17
straight	17
standing	17
remember	17
friend	17
leave	17
paul	16
everyone	16
turn	16
ran	16
church	16
nearly	16
soft	16
christmas	16
suddenly	16
beside	16
low	16
pretty	16
high	16
train	16
auerbachs	16
usually	16
certainly	16
someone	16
yet	16
wait	16
forward	16
warm	15
course	15
telephone	15
dear	15
change	15
played	15
pleased	15
taken	15
smiled	15
run	15
changed	15
nice	15
north	15
daughter	15
outside	15
song	15
snow	15
sun	15
fathers	15
given	15
manner	15
meet	15
us	15
lost	15
lake	15
part	15
weeks	15
tone	15
lay	15
funeral	14
child	14
usual	14
seem	14
wont	14
bakery	14
study	14
water	14
rose	14
itself	14
bad	14
four	14
flash	14
across	14
corner	14
known	14
send	14
quickly	14
softly	14
matter	14
frozen	13
green	13
isnt	13
thats	13
german	13
near	13
hotel	13
each	13
close	13
breakfast	13
platte	13
family	13
scarcely	13
downstairs	13
loved	13
hair	13
waiting	13
shoulder	13
watch	13
west	13
important	13
chance	13
playing	13
feet	13
side	13
deep	13
sidewalk	13
shoulders	12
concert	12
death	12
talked	12
understand	12
probably	12
stage	12
supper	12
figure	12
bitter	12
letter	12
real	12
shore	12
broke	12
feelings	12
reached	12
half	12
body	12
five	12
arms	12
except	12
clothes	12
trees	12
care	12
attention	12
fairy	12
sitting	12
yesterday	12
whole	12
poor	12
grew	12
sunday	12
grown	11
youth	11
singing	11
avenue	11
threw	11
among	11
trying	11
afterwards	11
started	11
word	11
die	11
break	11
drew	11
round	11
lights	11
drove	11
smile	11
less	11
cheek	11
carried	11
paulines	11
wish	11
sing	11
paper	11
steps	11
pulled	11
hurried	11
beginning	11
may	11
distance	11
children	11
fresh	11
stop	11
singer	11
sky	11
upstairs	11
set	11
small	11
speak	10
fall	10
glance	10
older	10
holding	10
flowers	10
sit	10
around	10
cry	10
later	10
garden	10
read	10
foot	10
youre	10
band	10
remembered	10
believe	10
lying	10
elevator	10
different	10
quick	10
abroad	10
station	10
ready	10
gordons	10
porter	10
slipped	10
wished	10
exactly	10
horses	10
girls	10
weather	10
getting	10
hurt	10
streets	10
arts	10
happy	10
women	10
quiet	10
breath	10
rain	10
presently	10
dropped	10
whatever	10
overcoat	10
above	10
making	10
moved	10
reason	10
suppose	10
leaving	10
cut	9
island	9
professor	9
clear	9
seat	9
stairs	9
seeing	9
lie	9
followed	9
frightened	9
flashed	9
during	9
earth	9
michigan	9
directly	9
present	9
wondered	9
recital	9
strong	9
skating	9
leaned	9
finished	9
catch	9
pupils	9
edge	9
name	9
colour	9
saying	9
chase	9
spent	9
lessons	9
personal	9
ought	9
fine	9
struck	9
students	9
school	9
ask	9
tree	9
late	9
sang	9
trunk	9
hung	9
service	9
diningroom	9
strange	9
weisbourn	9
thank	8
sleep	8
lit	8
managed	8
closer	8
surely	8
boat	8
car	8
able	8
bring	8
empty	8
note	8
turning	8
italian	8
floor	8
wide	8
covered	8
altogether	8
order	8
hurry	8
goes	8
meeting	8
arkwright	8
merely	8
words	8
account	8
engagements	8
died	8
crowd	8
werent	8
company	8
york	8
parlour	8
sort	8
begin	8
times	8
artist	8
nick	8
several	8
bag	8
postoffice	8
sharp	8
tears	8
married	8
plenty	8
lose	8
putting	8
forgot	8
believed	8
carriage	8
tea	8
land	8
physical	8
easy	8
running	8
drive	8
supposed	8
fell	8
become	8
lovely	8
position	8
jacket	8
accompanist	8
use	8
carry	8
hold	8
beautiful	8
sleigh	8
carrying	7
beat	7
id	7
moments	7
glanced	7
step	7
led	7
pleasant	7
driver	7
murmured	7
rapidly	7
bottom	7
months	7
april	7
show	7
stay	7
driving	7
written	7
missed	7
office	7
seems	7
march	7
lifted	7
sisters	7
trouble	7
ten	7
songs	7
point	7
future	7
beyond	7
private	7
need	7
daughters	7
listening	7
large	7
telling	7
somewhere	7
sight	7
answer	7
pleasure	7
natural	7
shook	7
stand	7
entered	7
norwall	7
gold	7
remembering	7
wonder	7
gloves	7
lutheran	7
mans	7
havent	7
watched	7
sound	7
season	7
youve	7
second	7
coffee	7
today	7
past	7
apple	7
flower	7
telephoned	7
taking	7
practise	7
newspaper	7
rich	7
free	7
notice	7
wet	7
doesnt	7
theres	7
letters	7
james	7
special	7
neighbours	7
throat	7
anywhere	7
heat	7
velvet	7
tall	7
pass	7
dull	7
roses	7
storm	7
bringing	7
thin	7
musical	7
whispered	7
maybe	6
situation	6
wagon	6
stepped	6
fingers	6
interested	6
having	6
january	6
freshness	6
changing	6
closed	6
bear	6
drawn	6
wooden	6
hers	6
shadow	6
pay	6
sad	6
south	6
pasture	6
sung	6
lives	6
courage	6
sense	6
laugh	6
restaurant	6
awake	6
bought	6
burned	6
mustnt	6
act	6
broken	6
skate	6
valley	6
sunlight	6
mile	6
cement	6
looks	6
instead	6
vacation	6
silent	6
scene	6
shoes	6
lame	6
treated	6
england	6
comfortable	6
truth	6
intense	6
dragged	6
harrys	6
arrived	6
hot	6
wild	6
growing	6
kitchen	6
bent	6
seriously	6
st	6
hurrying	6
mornings	6
either	6
giving	6
ground	6
awoke	6
nervous	6
pocket	6
crazy	6
curtain	6
sidewalks	6
cashier	6
square	6
nobody	6
eye	6
sudden	6
hated	6
silence	6
france	6
teach	6
grave	6
refused	6
crossed	6
idea	6
thoughts	6
fur	6
ashamed	6
begun	6
however	6
sail	5
line	5
proud	5
effect	5
wrong	5
especially	5
struggling	5
trifle	5
practised	5
carelessly	5
cheque	5
god	5
mouth	5
breaking	5
pianist	5
lady	5
stayed	5
dry	5
stiff	5
wear	5
crowded	5
wants	5
kindness	5
others	5
considered	5
friendliness	5
breathe	5
touched	5
drop	5
seated	5
myself	5
passing	5
moving	5
doing	5
thrown	5
paid	5
farm	5
lines	5
jacob	5
answered	5
plans	5
dressinggown	5
hearing	5
worth	5
occasion	5
affection	5
ramsays	5
cried	5
interest	5
vanished	5
horse	5
wagons	5
bright	5
macgowan	5
disappeared	5
blair	5
jealous	5
catching	5
leading	5
third	5
lightly	5
faces	5
concerts	5
lips	5
elbow	5
draw	5
annoyed	5
touch	5
coffin	5
neither	5
travelling	5
silk	5
teacher	5
watching	5
middle	5
aside	5
eight	5
flights	5
smiling	5
stretched	5
slender	5
shouldnt	5
shot	5
cloak	5
telegram	5
visit	5
art	5
marriage	5
realize	5
museum	5
joy	5
news	5
wondering	5
least	5
east	5
excitement	5
immediately	5
slow	5
lunch	5
melancholy	5
forgotten	5
saturday	5
chess	5
knock	5
happen	5
brown	5
gay	5
railway	5
kissed	5
swept	5
glow	5
tight	5
coal	5
dusty	5
secret	5
wrote	5
fast	5
gentle	5
somewhat	5
appeared	5
startled	5
pair	5
nature	5
calling	5
cutting	5
flat	5
drawer	5
occasionally	5
cheeks	5
signorina	5
knocked	5
lift	5
friendship	5
below	5
reasonable	5
sofa	5
admit	5
working	5
following	5
denver	5
thanked	5
lonely	5
schneff	5
omaha	5
setting	5
story	5
park	5
dining	5
recall	5
familiar	5
express	5
disappointed	5
return	5
cigarette	5
farms	5
common	5
gardens	5
pick	5
alive	5
listened	5
beauty	5
yourself	5
aria	5
grow	5
pressed	5
settled	5
forget	5
terrible	5
madge	5
book	5
bureau	5
start	5
whenever	5
accident	4
agreed	4
truly	4
listen	4
faster	4
narrow	4
replied	4
clung	4
rising	4
shades	4
holiday	4
stream	4
teaching	4
moon	4
sick	4
absence	4
direct	4
fields	4
clarinet	4
leaves	4
reflection	4
platform	4
cost	4
surface	4
shant	4
taste	4
wiertz	4
spirit	4
main	4
larry	4
auditorium	4
reach	4
begged	4
safe	4
minutes	4
forever	4
bare	4
makes	4
confidential	4
madame	4
within	4
direction	4
ugly	4
sprang	4
hell	4
escaped	4
struggle	4
strength	4
clearly	4
lets	4
besides	4
entry	4
remark	4
watches	4
spirits	4
possible	4
food	4
smoke	4
understanding	4
terribly	4
uncertain	4
simple	4
indifferent	4
singers	4
cap	4
star	4
flew	4
disappointments	4
fond	4
worked	4
generous	4
shes	4
fact	4
tie	4
returned	4
yellow	4
guess	4
leaning	4
fellow	4
cloud	4
doors	4
cathedral	4
ring	4
needed	4
picked	4
latchkey	4
bit	4
writing	4
arent	4
breathed	4
expect	4
fun	4
deeply	4
knelt	4
performance	4
dressed	4
brutal	4
number	4
eating	4
became	4
waved	4
frowned	4
skates	4
yard	4
figures	4
handsome	4
bedroom	4
quietly	4
youd	4
slip	4
hope	4
amusing	4
month	4
happens	4
harriet	4
marry	4
spite	4
gathered	4
stretch	4
smooth	4
packing	4
de	4
blankets	4
bother	4
nerves	4
lesson	4
authority	4
actually	4
dance	4
memories	4
practising	4
jilted	4
hide	4
mothers	4
aware	4
foolish	4
aloud	4
fallen	4
also	4
party	4
bells	4
inside	4
unusual	4
slight	4
entrance	4
harder	4
afford	4
november	4
autumn	4
skin	4
devoted	4
falling	4
brass	4
check	4
schubert	4
careless	4
houses	4
unkind	4
mood	4
asking	4
anger	4
sandwiches	4
angry	4
blew	4
row	4
scarf	4
engagement	4
box	4
discouraged	4
memory	4
spend	4
sleighbells	4
doorway	4
gas	4
lots	4
bath	4
friendly	4
french	4
watchmaker	4
comes	4
ways	4
sank	4
hanging	4
confusion	4
drinking	4
kindly	4
underneath	4
agent	4
restless	4
ear	4
conceited	4
hills	4
true	4
whats	4
matters	4
block	4
speech	4
learned	4
worn	4
locked	4
stairway	4
mother	4
waited	4
difference	4
wings	4
twenty	4
practice	4
dread	4
nor	4
desk	4
hed	4
eleven	4
breeze	4
calls	4
says	4
six	4
dead	4
sign	4
chest	4
doubt	4
forehead	4
leather	4
silver	4
nights	4
born	4
admired	4
audience	4
rack	3
facts	3
promise	3
anyway	3
cuts	3
vividly	3
nose	3
ahead	3
coke	3
stirring	3
favourite	3
waistcoat	3
cage	3
group	3
winds	3
grace	3
intelligent	3
recovered	3
noon	3
marked	3
blood	3
fair	3
bus	3
golden	3
melted	3
stupid	3
student	3
instance	3
sympathy	3
terror	3
sigh	3
takes	3
patterson	3
rush	3
tailor	3
parties	3
lifetime	3
drink	3
glowing	3
jim	3
particular	3
hedge	3
cheerful	3
dresser	3
peoples	3
port	3
younger	3
claim	3
stern	3
lightness	3
parted	3
dreams	3
comment	3
raced	3
anybody	3
mirror	3
muff	3
understood	3
hailed	3
added	3
conscious	3
does	3
violin	3
george	3
queer	3
sweetheart	3
gullford	3
stormy	3
busy	3
italy	3
ears	3
luggage	3
tops	3
seldom	3
onions	3
musicteacher	3
lot	3
housekeeper	3
nine	3
walls	3
everybody	3
enjoyed	3
ease	3
advantage	3
helped	3
sweet	3
eat	3
holidays	3
snatch	3
horizon	3
envelope	3
finding	3
glasses	3
wore	3
rotten	3
aisle	3
nacht	3
bell	3
yesterdays	3
mio	3
shrugged	3
dishes	3
remarked	3
entirely	3
whisky	3
comfort	3
bags	3
faint	3
mattered	3
mist	3
rows	3
bohemian	3
breathing	3
stars	3
sweep	3
workmen	3
pull	3
cruel	3
goodmorning	3
embrace	3
sold	3
rushing	3
manager	3
points	3
contrary	3
self	3
drowned	3
thick	3
inherited	3
troubles	3
daylight	3
ball	3
delighted	3
shabby	3
opposite	3
cat	3
concern	3
crawling	3
soup	3
lad	3
purpose	3
lazy	3
promised	3
popular	3
pride	3
share	3
conceal	3
yonder	3
pitch	3
remained	3
plump	3
movement	3
trip	3
professional	3
outward	3
goodbye	3
clean	3
flood	3
expected	3
endure	3
unconscious	3
drifting	3
laid	3
pushed	3
quarter	3
deliberately	3
footprints	3
unhappy	3
received	3
mistake	3
morris	3
cashiers	3
ends	3
talent	3
belonged	3
reception	3
waiter	3
worse	3
procession	3
fear	3
vaguely	3
neglected	3
insisted	3
lanterns	3
likely	3
tipped	3
announced	3
tiny	3
means	3
pink	3
fix	3
somebody	3
skatingrink	3
program	3
mud	3
drawers	3
blank	3
bound	3
sons	3
foretold	3
finish	3
western	3
weve	3
arrive	3
praised	3
darkness	3
stirred	3
plain	3
grate	3
easily	3
farther	3
faintly	3
necktie	3
behave	3
loyal	3
fashion	3
union	3
dirty	3
sides	3
careful	3
property	3
orange	3
explain	3
wiped	3
certain	3
rough	3
elijah	3
pain	3
difficult	3
harlem	3
trivial	3
der	3
snatched	3
arrange	3
greeted	3
mountains	3
happiest	3
filled	3
remarkable	3
grass	3
regret	3
wheels	3
bookcase	3
curls	3
glimpse	3
satisfaction	3
agreeable	3
resented	3
mischief	3
realized	3
imagined	3
rights	3
moreover	3
operas	3
flush	3
becoming	3
prairie	3
waste	3
frame	3
twelve	3
fault	3
length	3
impulse	3
drifted	3
shawl	3
mere	3
snowfall	3
plainly	3
proper	3
errands	3
schneller	3
baggage	3
weeds	3
delightful	3
force	3
pointed	3
sentence	3
shock	3
phrase	3
furnace	3
pulling	3
bushes	3
pouring	3
swaying	3
pale	3
sleighs	3
barn	3
wearing	3
companions	3
cheery	3
talented	3
kiss	3
slabs	3
blowing	3
rhythm	3
distant	3
surprise	3
exclaimed	3
sanatorium	3
jimmy	3
cutter	3
sailing	3
learning	3
gradually	3
amazement	3
complete	3
unless	3
porch	3
despair	3
husband	3
excited	3
eighteen	3
violets	3
credit	3
picture	3
coats	3
built	3
mistaken	3
stranger	3
monday	3
october	3
shade	3
escape	3
shirt	3
paused	3
cup	3
th	3
dusky	3
cemetery	3
wound	3
sweater	3
tenors	3
flute	3
keeping	3
sidney	3
signal	3
shallow	3
extravagant	3
arranged	3
habit	3
wonderful	3
human	3
skirt	3
gleamed	3
si	3
spoken	3
drank	3
happiness	3
tore	3
swallowed	3
pupil	3
personality	3
streetcorner	3
cigar	3
top	3
lowered	3
showed	3
townspeople	3
single	3
evenings	3
charming	3
draft	3
genial	3
quality	3
cabman	3
hoped	3
envy	3
desire	3
shower	3
dreaded	3
farmers	3
interrupted	3
spot	3
creature	3
brooding	3
enthusiasm	3
health	3
value	3
rink	3
post	3
weight	3
sleeve	3
hint	3
bowed	3
wrinkled	3
age	3
froze	3
tobacco	3
dream	3
tour	3
mention	3
apart	3
dancing	3
motion	3
plays	3
sorrow	3
valet	3
heads	3
instantly	3
smell	3
sticking	2
upset	2
wakefield	2
necessary	2
conducted	2
quivering	2
impatiently	2
pointing	2
clouds	2
shivering	2
disappoint	2
stiffly	2
heartiness	2
embarrassed	2
stuck	2
knees	2
mail	2
decided	2
dreadfully	2
packed	2
punish	2
vanity	2
sand	2
hayrakes	2
till	2
respectable	2
eure	2
searching	2
expecting	2
timid	2
relaxed	2
maestro	2
apt	2
skies	2
mockfords	2
barren	2
rd	2
sighed	2
vigorous	2
dresses	2
intently	2
savoy	2
tolerant	2
sever	2
confused	2
tricky	2
match	2
cord	2
circumstances	2
vignon	2
sensed	2
robes	2
occasional	2
theatrical	2
sunny	2
passbook	2
cottonwoods	2
colder	2
swiftly	2
books	2
chiefly	2
carriages	2
trick	2
clerks	2
sounds	2
current	2
fussy	2
knotty	2
humdrum	2
disliked	2
trembled	2
cars	2
proposition	2
humming	2
deeper	2
suggested	2
reflect	2
twentyfive	2
reminded	2
repose	2
faith	2
curtains	2
bronze	2
blueandgold	2
lasted	2
impressions	2
hallway	2
departure	2
sleeping	2
florence	2
meaning	2
poole	2
paler	2
shining	2
notices	2
stomach	2
type	2
president	2
seek	2
tenor	2
affairs	2
imagination	2
ploughed	2
state	2
tickets	2
chosen	2
sidewise	2
fog	2
unnatural	2
saluting	2
lohengrin	2
sympathetic	2
invocation	2
limped	2
cultivated	2
buried	2
squinted	2
success	2
emptiness	2
fright	2
appointment	2
masonic	2
passionate	2
plate	2
rugs	2
rosecoloured	2
secretly	2
mortgaged	2
exceptional	2
baffling	2
yards	2
suspected	2
planted	2
rooms	2
allow	2
affect	2
sparks	2
hospital	2
seats	2
learn	2
warmth	2
surprised	2
gleam	2
reality	2
power	2
crude	2
guarded	2
rails	2
steam	2
pleading	2
dejected	2
surprises	2
pretext	2
cannot	2
funny	2
unlike	2
mournful	2
continued	2
parting	2
kite	2
urged	2
upper	2
eggs	2
mozart	2
enjoy	2
cowardly	2
dust	2
rid	2
reflected	2
suffer	2
rowboat	2
ceased	2
heaviness	2
overcoats	2
twentyfour	2
ordered	2
feed	2
duckshooting	2
willow	2
loneliness	2
swift	2
banking	2
definite	2
racing	2
brows	2
farmer	2
choose	2
preparation	2
further	2
county	2
rivers	2
joke	2
fragrance	2
vehemence	2
smoothing	2
mistakes	2
worst	2
brilliant	2
customers	2
follow	2
fork	2
chilled	2
schoolbell	2
accompaniments	2
convincing	2
date	2
american	2
skatingshoes	2
tapped	2
hidden	2
unimportant	2
fate	2
amount	2
sentimentality	2
store	2
trust	2
awkward	2
twisted	2
coldly	2
manage	2
strangely	2
scattered	2
blossoms	2
exposed	2
split	2
asleep	2
comfortably	2
calmly	2
chill	2
eastern	2
wine	2
hardwick	2
stopping	2
carpets	2
hesitated	2
pushing	2
sacrifice	2
gulls	2
lain	2
reaching	2
tread	2
religious	2
fortune	2
team	2
pervasive	2
freedom	2
operation	2
joyous	2
extravagance	2
berth	2
windy	2
veiled	2
stories	2
sweetness	2
august	2
sunset	2
general	2
experience	2
motioned	2
keen	2
interesting	2
splashing	2
master	2
eternity	2
arbour	2
none	2
unfailing	2
boiled	2
easier	2
chairs	2
breathless	2
reading	2
compliments	2
makebelieve	2
windowshades	2
war	2
tail	2
owned	2
persuasively	2
deliberate	2
mullerin	2
minneapolis	2
needs	2
crop	2
parents	2
kneeling	2
threatened	2
belgian	2
sleepingchamber	2
jolly	2
pastor	2
pretended	2
stone	2
balance	2
cake	2
pacific	2
photographs	2
carefully	2
birthday	2
streak	2
bottle	2
responsibility	2
faded	2
dislike	2
longing	2
notes	2
sea	2
delight	2
dressingtable	2
glass	2
occurred	2
visiting	2
worm	2
considerable	2
dates	2
loyalty	2
keys	2
combination	2
expression	2
choir	2
middleaged	2
tells	2
beam	2
finger	2
thursday	2
telegraph	2
trade	2
fumbling	2
slept	2
glove	2
gravel	2
bored	2
games	2
awakened	2
stroke	2
bending	2
regard	2
advance	2
grape	2
passerby	2
uncomfortable	2
mentioned	2
resolutely	2
overshoes	2
shape	2
banks	2
struggled	2
posters	2
neck	2
tucked	2
debussy	2
knows	2
intentions	2
temper	2
sleepingroom	2
centre	2
objects	2
fuss	2
energy	2
hello	2
melt	2
wall	2
darted	2
spasmodic	2
shopping	2
feather	2
steered	2
violet	2
outer	2
resolved	2
trunks	2
dropping	2
leg	2
brick	2
bustling	2
eleventhirty	2
pile	2
vienna	2
poles	2
catholic	2
freckled	2
cracked	2
ended	2
dripping	2
confident	2
signore	2
elder	2
fireplace	2
february	2
fool	2
thaw	2
tragic	2
stubs	2
humble	2
accent	2
trapped	2
space	2
lighted	2
snowstorm	2
betraying	2
lies	2
counted	2
homeward	2
haste	2
seven	2
harsh	2
temple	2
chantilly	2
knocker	2
conventional	2
drain	2
frantic	2
daybreak	2
refusing	2
swung	2
dispatch	2
waiters	2
childhood	2
relationship	2
fingertips	2
gather	2
belief	2
scores	2
favour	2
falsehood	2
erect	2
masterful	2
jersey	2
lounge	2
blotted	2
chorus	2
dozen	2
pace	2
worry	2
eve	2
september	2
themselves	2
spoil	2
tray	2
palm	2
twilight	2
throwing	2
compassion	2
attend	2
stool	2
skill	2
badly	2
quit	2
winters	2
joseph	2
freshened	2
chief	2
picturesque	2
faraway	2
dine	2
forth	2
gives	2
resting	2
whipped	2
cross	2
hid	2
highbacked	2
mercy	2
tenth	2
suits	2
fugitive	2
siding	2
crimson	2
thy	2
flashes	2
crops	2
nonsense	2
vitality	2
destroyed	2
patted	2
violently	2
relieved	2
automobiles	2
messenger	2
ax	2
cakes	2
hundred	2
bunch	2
teasing	2
garage	2
career	2
disappear	2
hazel	2
pockets	2
marrying	2
concerned	2
apron	2
waltz	2
plan	2
singular	2
winding	2
discuss	2
reluctant	2
attached	2
joe	2
programs	2
arrangements	2
applause	2
rosecolour	2
ridicule	2
affectionate	2
worried	2
lilac	2
regular	2
naturally	2
crumpled	2
theatre	2
minute	2
treacherous	2
thus	2
caution	2
misery	2
companionship	2
flattered	2
metal	2
newly	2
granted	2
style	2
levelheaded	2
hopes	2
schone	2
piece	2
observance	2
firmly	2
missing	2
towns	2
shaking	2
lincoln	2
muffler	2
sandy	2
furniture	2
flying	2
ardent	2
aroused	2
hunting	2
plunge	2
deepest	2
torn	2
boughs	2
flurry	2
swan	2
societies	2
cottonwood	2
climate	2
overcoated	2
scotch	2
roller	2
chivalrous	2
minded	2
chafed	2
chapter	2
reply	2
thirteen	2
languidly	2
devotion	2
unit	2
greatly	2
preparations	2
drooping	2
dessert	2
sheet	2
welldressed	2
cool	2
companion	2
entreaty	2
hose	2
fat	2
withered	2
darting	2
vibration	2
gingham	2
directions	2
streaks	2
shine	2
tied	2
pillar	2
scenes	2
save	2
broad	2
blinds	2
como	2
sparkling	2
moves	2
count	2
indulgently	2
fitted	2
announcement	2
lakes	2
flushed	2
wandered	2
stands	2
dances	2
tightened	2
tip	2
friendships	2
baritone	2
transparent	2
swam	2
disguises	2
protecting	2
o	2
winterreise	2
individual	2
simply	2
clinging	2
buildings	2
score	2
deserted	2
actor	2
gilchrist	2
sleet	2
birds	2
dragging	2
rent	2
mariners	2
noises	2
greatest	2
nodded	2
lifting	2
education	2
bush	2
steamer	2
view	2
humour	2
shivered	2
flashing	2
affected	2
college	2
baseball	2
upright	2
amounted	2
flickering	2
subito	2
welcome	2
buy	2
loan	2
fiercely	2
sensitive	2
fussing	2
tyrolese	2
occupants	2
ticket	2
library	2
skaters	2
believing	2
thicket	2
revived	2
velvety	2
heel	2
paris	2
serve	2
rise	2
balcony	2
belong	2
thunder	2
determined	2
blind	2
finishing	2
backward	2
rented	2
log	2
doctor	2
astonishment	2
voices	2
divert	2
sacred	2
goatee	2
jumped	2
sprays	2
flask	2
steel	2
forelle	2
spread	2
bicycle	2
hip	2
lads	2
slightly	2
firm	2
lodgings	2
hill	2
relation	2
diamond	2
roads	2
unclouded	2
fare	2
message	2
mine	2
confront	2
benefit	2
fortunate	2
masons	2
trifles	2
luck	2
silvery	2
questions	2
lingered	2
filling	2
unable	2
heavily	2
bird	2
sunrise	2
blocks	2
wistful	2
gliding	2
waken	2
speaking	2
wakened	2
accidental	2
uncanny	2
beating	2
equal	2
double	2
starched	2
explained	2
prayed	2
cared	2
oldfashioned	2
passion	2
buffalo	2
wildly	2
germans	2
chuckled	2
lip	2
poking	2
jealousy	2
brow	2
scotland	2
recalling	2
handkerchiefs	2
shelves	2
stuffy	2
vase	2
tick	2
temporary	2
fierce	2
moonlight	2
lawn	2
punished	2
ruined	2
bride	2
signor	2
delicately	2
amusement	2
livery	2
serious	2
coward	2
hardly	2
recognition	2
boxer	2
soprano	2
smart	2
lock	2
solemn	2
poured	2
undressed	2
meaningless	2
chin	2
wherever	2
occur	2
graveyard	2
illness	2
homely	2
automobile	2
walkingsticks	2
player	2
doctors	2
lied	2
lingering	2
risk	2
depth	2
failed	2
skater	2
commit	2
phrased	1
delicate	1
firstrate	1
brushes	1
stranglehold	1
thrill	1
divine	1
lightheartedness	1
modern	1
loves	1
shops	1
complexion	1
cameriere	1
explanation	1
genius	1
studying	1
willing	1
animated	1
jar	1
enlightened	1
dressmakers	1
scorpions	1
compartments	1
hammerstrokes	1
realm	1
forestsmountains	1
contagious	1
patent	1
livelier	1
lighthouses	1
switched	1
humbleness	1
rubbercaped	1
unchilled	1
halffarm	1
irrigation	1
tireless	1
aida	1
gilbert	1
smashup	1
steeples	1
aggressively	1
grimy	1
reserve	1
indebted	1
picking	1
herald	1
handwriting	1
accompany	1
enjoys	1
vanishing	1
stammered	1
neckties	1
lavender	1
outoftown	1
disconcerted	1
expectancy	1
disaster	1
headline	1
domesticity	1
brightness	1
cordiality	1
barely	1
confound	1
rambling	1
goodmorninghe	1
maid	1
dim	1
reads	1
represent	1
heated	1
supported	1
local	1
founders	1
tune	1
waking	1
medicine	1
headache	1
admirers	1
munich	1
write	1
sentimentally	1
weekend	1
stole	1
dreamt	1
uneasy	1
reservedhe	1
sullivan	1
molto	1
profitable	1
instructions	1
consciousness	1
gently	1
smoothed	1
feels	1
herselfexcept	1
accompanied	1
conservation	1
dewdrenched	1
standstill	1
subordinates	1
toes	1
submerged	1
peculiarly	1
censerbearers	1
unseemly	1
suita	1
rite	1
stillness	1
rescue	1
builders	1
estranged	1
twooclock	1
spell	1
exit	1
boor	1
considering	1
nearer	1
puckering	1
accounted	1
selling	1
saved	1
prevention	1
strewed	1
powder	1
interference	1
gorgeous	1
decanter	1
geniality	1
unsteady	1
rung	1
blow	1
stopper	1
tuningfork	1
envious	1
inches	1
screen	1
orderly	1
melting	1
improved	1
morningthe	1
muttered	1
brewers	1
flared	1
inin	1
bulky	1
squares	1
fists	1
shirtfront	1
molehill	1
drops	1
tapping	1
limp	1
ignorance	1
rises	1
bluegreen	1
lowbranching	1
joyousness	1
weed	1
indicates	1
gravity	1
attic	1
desperate	1
generosity	1
scorn	1
trotted	1
montaigne	1
checked	1
sunk	1
conductor	1
halfplayful	1
strengthtried	1
informed	1
jollying	1
wave	1
pudding	1
lawyer	1
partwould	1
thawing	1
pompously	1
liberal	1
passage	1
clabbered	1
apples	1
spoiled	1
hum	1
herperfectly	1
ruts	1
orchardwhich	1
laying	1
clipping	1
scolded	1
cape	1
transfer	1
whydo	1
sounded	1
alfalfa	1
charmed	1
milan	1
unnoticed	1
coursing	1
rag	1
guided	1
sworn	1
storey	1
hostile	1
disastrous	1
accustomed	1
anchored	1
arbours	1
names	1
questioned	1
driveway	1
balloon	1
pretending	1
rattled	1
fought	1
route	1
showers	1
beautifully	1
identify	1
braids	1
blueeyed	1
git	1
boats	1
strap	1
qualities	1
measurement	1
printed	1
avoided	1
bewildering	1
lazily	1
clenching	1
faultless	1
wheatfields	1
shrub	1
skatingplace	1
noble	1
encores	1
silly	1
repassing	1
snowflakes	1
seventhirty	1
windowa	1
steaming	1
history	1
clubbed	1
eccentric	1
beseeching	1
shootingclothes	1
amused	1
layers	1
tracks	1
fears	1
guard	1
tripping	1
diner	1
lohengrins	1
players	1
sonatas	1
afternoonthe	1
perfected	1
fooling	1
tilted	1
unwilling	1
broadshouldered	1
lounged	1
entertainment	1
unfair	1
opponent	1
salute	1
suited	1
pastors	1
forlorn	1
stakes	1
entertaining	1
doorman	1
carpenter	1
wholly	1
ii	1
mischievously	1
poet	1
crouched	1
tiring	1
idle	1
destroy	1
varied	1
greyer	1
balances	1
pad	1
grosse	1
enthusiastic	1
rumble	1
theyve	1
urgent	1
schuberts	1
knowledge	1
daguerreotype	1
lumps	1
wreath	1
mischievous	1
correspondence	1
hummed	1
retired	1
nnno	1
riding	1
rainfall	1
polka	1
thickfoliaged	1
ourselves	1
trampled	1
builtbuilt	1
telephonethe	1
parlourhe	1
thatched	1
shuffle	1
bubbling	1
splendidly	1
discontented	1
irritate	1
scornful	1
angels	1
unearthly	1
mould	1
disturbed	1
owl	1
taps	1
wellkept	1
robert	1
society	1
arranging	1
hints	1
doorways	1
estrangement	1
acknowledge	1
comique	1
papa	1
rolling	1
snowdrift	1
wingedchair	1
dats	1
opportunity	1
chamber	1
miraculous	1
descended	1
befall	1
coolly	1
overturned	1
unfriendly	1
glimpses	1
hit	1
detain	1
diction	1
skirts	1
dismiss	1
longforgotten	1
trousers	1
squint	1
residents	1
waterdrops	1
playfully	1
mutton	1
immensely	1
glassy	1
fishs	1
pecking	1
comforting	1
twentysix	1
sell	1
pusher	1
travel	1
replies	1
background	1
lucia	1
prepaid	1
meand	1
teachable	1
towell	1
choosing	1
streetlamps	1
lack	1
sailboat	1
approachable	1
oneself	1
bensons	1
stateroom	1
warmer	1
shortest	1
behaved	1
unmistakably	1
jerry	1
weak	1
handed	1
tease	1
marks	1
upstanding	1
tuned	1
joking	1
stick	1
hoping	1
didntbut	1
nod	1
sixteen	1
consider	1
guilt	1
definitely	1
appeal	1
encouragingly	1
dayafter	1
springlike	1
net	1
galleries	1
boyish	1
howls	1
whitney	1
storms	1
florists	1
impression	1
caused	1
casual	1
champagne	1
openly	1
risen	1
meetings	1
resources	1
graze	1
pillows	1
keepsakes	1
tiredtired	1
organ	1
interfere	1
borne	1
imitate	1
gustave	1
eager	1
anguish	1
wachen	1
limit	1
castor	1
social	1
divided	1
paint	1
forming	1
purchase	1
casts	1
escapes	1
embroidered	1
plunged	1
endingharry	1
interior	1
solidly	1
linoleum	1
brightened	1
knowing	1
stare	1
role	1
bitterly	1
tug	1
grilling	1
determinedly	1
streetlights	1
lounging	1
heavyweight	1
code	1
criticism	1
glided	1
moonshine	1
unfamiliar	1
hopeall	1
astronomy	1
lid	1
successful	1
ridges	1
potatoes	1
spiritless	1
reverie	1
dreary	1
prosperity	1
itinerary	1
heartless	1
fiddle	1
flourish	1
shattered	1
snugly	1
dollars	1
walkin	1
discourage	1
indecent	1
wood	1
stared	1
integral	1
dreamy	1
hillsides	1
dwellings	1
moaning	1
undulating	1
goldenbrown	1
absentminded	1
reassuring	1
itnot	1
pique	1
roomful	1
cheese	1
plausible	1
nobleyes	1
introduction	1
push	1
lucyand	1
beamed	1
composer	1
consulted	1
caprice	1
sensations	1
extreme	1
blinding	1
smalltown	1
belongs	1
leathers	1
aid	1
paths	1
minding	1
lunched	1
proposed	1
quicken	1
nettled	1
removed	1
affectation	1
delicacy	1
nervously	1
raise	1
mentions	1
bay	1
section	1
giuseppes	1
nerve	1
otello	1
flesh	1
smarted	1
unapproachable	1
judgment	1
blouse	1
gift	1
inviolable	1
heavens	1
congratulate	1
lovelier	1
evidently	1
invitations	1
bidding	1
observed	1
communicate	1
ladies	1
rentfree	1
servile	1
provoked	1
rains	1
waitingroom	1
oldest	1
confidence	1
porches	1
lately	1
truck	1
stifled	1
encouraged	1
clatter	1
junebut	1
illusions	1
predicament	1
largo	1
harshly	1
sunflower	1
affectionately	1
sharpshod	1
sailor	1
planned	1
oval	1
weisbourns	1
sleds	1
woke	1
heedlessly	1
switch	1
admitted	1
weakness	1
teasingly	1
reduce	1
rescued	1
applauding	1
familythats	1
ordinary	1
severity	1
familys	1
fervently	1
presence	1
incompatible	1
payments	1
jenks	1
pretentious	1
tame	1
deposit	1
climbed	1
cities	1
painful	1
stove	1
teeth	1
unaccountable	1
scream	1
orchestra	1
cunningham	1
cousin	1
unmarried	1
thingsover	1
shatter	1
vapour	1
warmed	1
joked	1
overtake	1
vacillating	1
cane	1
conservative	1
respect	1
enjoyment	1
circlings	1
plodding	1
volatile	1
beckoning	1
strove	1
classes	1
cups	1
grade	1
specializing	1
oil	1
overpowered	1
ardourwhy	1
discovery	1
fit	1
university	1
smoking	1
gaiety	1
normal	1
wade	1
highroad	1
prettiest	1
calm	1
slowmoving	1
amiability	1
platter	1
helping	1
rushed	1
hotter	1
returns	1
spongy	1
supple	1
schoner	1
goodnight	1
cherbourg	1
rubbery	1
expectation	1
bushy	1
intelligently	1
glare	1
props	1
touches	1
tennis	1
dumb	1
personally	1
sloppy	1
regarded	1
nearing	1
changes	1
foolishly	1
field	1
makebelieves	1
colony	1
composition	1
sooner	1
intimacy	1
impractical	1
guessed	1
worshippers	1
absent	1
obituary	1
muscle	1
watering	1
famous	1
sallanches	1
suggestive	1
mantel	1
ethereal	1
neatly	1
tin	1
earn	1
wig	1
splitting	1
contempt	1
breaths	1
revenge	1
pitcher	1
contraction	1
auf	1
telescoped	1
moustache	1
tangle	1
reputation	1
halls	1
helene	1
commented	1
dago	1
saddest	1
eccentricity	1
weaving	1
wakening	1
representing	1
squirrel	1
swallow	1
beams	1
buryingground	1
lesters	1
fury	1
thickets	1
hangers	1
screaming	1
oblique	1
prayer	1
calmness	1
sharply	1
classical	1
inward	1
wires	1
sealed	1
decisions	1
sheep	1
descent	1
thorough	1
chatting	1
loaded	1
groans	1
puts	1
betray	1
swimmer	1
insistent	1
convinced	1
shaved	1
canny	1
acacia	1
wedding	1
hiding	1
austerity	1
smoked	1
arkwrights	1
foresight	1
kingdoms	1
jewels	1
court	1
successfully	1
angrier	1
lockbox	1
declined	1
fairys	1
shrink	1
tomorrows	1
herfor	1
bar	1
impulsively	1
charm	1
flighty	1
legs	1
cordial	1
stretching	1
slums	1
flourished	1
hired	1
repelling	1
stripped	1
selfpossessed	1
bowl	1
jokes	1
suggestion	1
sweeter	1
railroad	1
terms	1
grandchildren	1
napkin	1
california	1
compromising	1
ducked	1
darning	1
discussions	1
bricks	1
happily	1
blurting	1
core	1
unwillingly	1
bleaker	1
stamped	1
writingdesk	1
screwed	1
cloth	1
flicker	1
straightforwardness	1
teachers	1
obliterated	1
streaming	1
ein	1
disagreeable	1
deepenedmoonlight	1
distress	1
twenties	1
cushion	1
watchmakers	1
primrose	1
nightgowns	1
chambers	1
alongside	1
triumphal	1
choked	1
coffeepot	1
handorgan	1
eagerly	1
household	1
twigs	1
matinee	1
jocular	1
lap	1
arching	1
invisible	1
deadly	1
century	1
negligible	1
prepare	1
protected	1
volumes	1
personage	1
starting	1
dangers	1
outright	1
therefore	1
leap	1
ah	1
arise	1
cottage	1
rigid	1
command	1
colours	1
folks	1
cart	1
schemers	1
dustcloth	1
incalculable	1
unhesitating	1
exploding	1
lover	1
switches	1
wellregulated	1
choral	1
shave	1
economies	1
husky	1
reflective	1
knitting	1
heartbeats	1
ornaments	1
strokes	1
sorrows	1
diplomacy	1
mouse	1
unselfish	1
greet	1
elegance	1
hesloyal	1
groped	1
hopeful	1
frigidly	1
beer	1
arrow	1
softer	1
services	1
returning	1
associated	1
lamps	1
meiner	1
bargain	1
criticisms	1
separately	1
vital	1
slovenly	1
laundry	1
ordinarily	1
gaily	1
conscientious	1
spanish	1
parks	1
somethingor	1
theyre	1
mildly	1
instant	1
phrasing	1
debt	1
distrust	1
appointments	1
furrowed	1
marketed	1
apathy	1
ging	1
selfimportance	1
implore	1
bake	1
accept	1
tracts	1
contriving	1
blonde	1
orchids	1
secondhand	1
paying	1
inquired	1
disagreed	1
objection	1
heronly	1
marvellously	1
tones	1
eaten	1
tarnish	1
advanced	1
southern	1
sleeth	1
noiseless	1
pictures	1
glancing	1
machinery	1
drowns	1
impressionists	1
correct	1
breadth	1
sunflowers	1
carrots	1
troop	1
public	1
gracious	1
trustworthy	1
incurve	1
pavement	1
spur	1
withdrawn	1
himbut	1
intermittent	1
darkening	1
law	1
whistle	1
eyesa	1
halfpast	1
vegetate	1
slowingdown	1
cycle	1
dressinggowns	1
affable	1
artless	1
boorishness	1
carriagehouse	1
dwelt	1
renown	1
harmless	1
receive	1
companionable	1
suit	1
boardinghouse	1
minor	1
conduct	1
believes	1
affectations	1
haughty	1
seventhday	1
coated	1
ist	1
jonquils	1
glorious	1
grumbled	1
rang	1
sits	1
seventy	1
blended	1
flatness	1
tender	1
livingroom	1
elm	1
rub	1
postcard	1
tension	1
therethe	1
sparkle	1
mixed	1
thanking	1
cleaned	1
financial	1
cliffs	1
suicide	1
encounter	1
cigars	1
fledermaus	1
littleand	1
complain	1
bald	1
theme	1
underclothes	1
invented	1
perfunctory	1
gang	1
contour	1
gathering	1
nasal	1
lump	1
basement	1
couch	1
presentiments	1
selfcentred	1
panting	1
storehouse	1
bakeress	1
icicles	1
nearsightedness	1
brief	1
board	1
faintest	1
peace	1
pieces	1
blindness	1
finelooking	1
shouted	1
repeatedly	1
otherwise	1
fenced	1
halfdarkness	1
tables	1
closest	1
courtesy	1
truancies	1
clocks	1
cheat	1
uneven	1
image	1
tips	1
elders	1
swerved	1
strangers	1
crying	1
tomorrowshe	1
factory	1
olivegreen	1
disturbing	1
greying	1
admire	1
nothingworse	1
flavour	1
blooming	1
anecdote	1
knowof	1
pity	1
rare	1
define	1
copperred	1
wegweiser	1
wellset	1
formidable	1
watery	1
gassen	1
horrible	1
community	1
unimaginable	1
repaired	1
knot	1
masks	1
paced	1
somethingand	1
assisting	1
remembers	1
fouroclock	1
grassgreen	1
drinka	1
mistaking	1
passersby	1
soothing	1
lumpy	1
journey	1
lavenderpink	1
loafer	1
bluff	1
vain	1
piled	1
musicstands	1
elkskins	1
lions	1
hurting	1
intonation	1
greywhite	1
invitation	1
cosa	1
flattering	1
doubtless	1
encroached	1
ambitiousthat	1
mastered	1
salesmen	1
finally	1
lighter	1
hovering	1
slipping	1
glint	1
operate	1
remorse	1
vetch	1
mock	1
pursuit	1
surrender	1
measures	1
slowgrowing	1
protested	1
shaded	1
westerner	1
skintight	1
mimosa	1
confided	1
flowed	1
lenient	1
job	1
wisconsin	1
mercurial	1
ate	1
existence	1
perspiring	1
taunt	1
snowdrifted	1
damned	1
mild	1
secondthen	1
composers	1
irritating	1
erratic	1
manche	1
deflowered	1
serene	1
twig	1
dew	1
dressing	1
grandstand	1
awkwardness	1
frightenedcouldnt	1
allowed	1
suspense	1
alert	1
tenderly	1
storming	1
guns	1
superior	1
landmark	1
traina	1
larger	1
picturesquetoo	1
suitors	1
alterations	1
miracles	1
wise	1
wifes	1
gardenias	1
screw	1
lighthearted	1
hedges	1
sample	1
candy	1
pains	1
willows	1
stresses	1
existed	1
softness	1
calculating	1
irrevocably	1
choice	1
hooked	1
ultimate	1
sunken	1
brassy	1
contritely	1
turns	1
sake	1
milord	1
absolute	1
roughly	1
director	1
dancer	1
kneepants	1
smouldering	1
wayside	1
mildness	1
boldest	1
elude	1
swim	1
rusty	1
enjoying	1
byes	1
freely	1
comments	1
feebly	1
lamppost	1
vision	1
orient	1
fallhe	1
splendid	1
tinged	1
swedes	1
response	1
childs	1
straightened	1
talkfor	1
gazette	1
discriminating	1
admission	1
mend	1
schottish	1
routine	1
childish	1
misfortunes	1
helpless	1
willthat	1
advent	1
skyline	1
unknown	1
shirtwaists	1
aloof	1
zeit	1
duets	1
english	1
tries	1
icecold	1
chequebook	1
mental	1
violinist	1
progressed	1
coloured	1
satisfying	1
fresher	1
sleighride	1
fraternity	1
honest	1
pausing	1
crochet	1
injure	1
earning	1
mattress	1
prepared	1
splash	1
doubting	1
welsh	1
wiry	1
onion	1
milk	1
orders	1
trifling	1
chattered	1
thoroughly	1
canopy	1
stout	1
seasoned	1
rum	1
freshet	1
muslin	1
washing	1
sprayed	1
blackness	1
dampened	1
landed	1
hotno	1
vacant	1
outspoken	1
packingwas	1
afternoons	1
costs	1
partition	1
bathroom	1
staying	1
hasty	1
painted	1
scampered	1
hypocrite	1
thousand	1
recognized	1
opinions	1
package	1
satisfied	1
grumble	1
characteristic	1
chicagos	1
conviction	1
mannikin	1
sullen	1
maple	1
bills	1
coolness	1
join	1
reflecting	1
interests	1
ornament	1
borrowed	1
accuracy	1
amethyst	1
perspective	1
bud	1
overbearing	1
loss	1
thwarted	1
blackandwhite	1
alter	1
raindrops	1
worldstill	1
wheel	1
curiosity	1
flimsily	1
customary	1
elasticity	1
formed	1
sees	1
request	1
composed	1
darkly	1
tense	1
counting	1
indolent	1
glacial	1
beings	1
belleville	1
alec	1
cruelty	1
elevation	1
particularly	1
attended	1
discerning	1
john	1
sopranos	1
waist	1
profile	1
unwastefulness	1
passengers	1
funeralsand	1
jovially	1
dowhen	1
scant	1
grief	1
map	1
melody	1
scanned	1
shaped	1
photograph	1
efficient	1
handkerchief	1
laugha	1
himhe	1
gasped	1
redhaired	1
accepted	1
sloped	1
remarking	1
opinionswhatever	1
compositionbeautiful	1
shiver	1
grand	1
beliefs	1
reckless	1
affections	1
goodnature	1
onewith	1
swarms	1
stimulating	1
twinkle	1
opening	1
recklessness	1
twothirds	1
shone	1
clergy	1
sulky	1
guests	1
shouting	1
international	1
accompaniment	1
hurriedly	1
treat	1
apologetic	1
adventures	1
omen	1
loveaffair	1
coral	1
subtly	1
momentand	1
milde	1
beware	1
shaving	1
cling	1
fairskinned	1
knocking	1
opportunities	1
windowglass	1
enter	1
mixture	1
blairs	1
worrying	1
eternal	1
swiftness	1
soul	1
rheumatism	1
scampering	1
dawn	1
retreat	1
instruments	1
frankly	1
chequered	1
shell	1
intend	1
damask	1
respectful	1
understands	1
generously	1
breezes	1
cash	1
swearing	1
upand	1
throbbing	1
burn	1
sentimental	1
insinuating	1
chapters	1
hackneyed	1
inconvenienced	1
una	1
renounced	1
lather	1
cigarettecase	1
bewildered	1
slingshot	1
excellent	1
headlight	1
remind	1
nevertheless	1
duluth	1
jews	1
manybathroomed	1
oar	1
build	1
coarse	1
outsider	1
game	1
restlessness	1
raised	1
matteroffact	1
oak	1
foothold	1
beaten	1
odds	1
accomplishments	1
yellowhaired	1
earned	1
studioperhaps	1
uncalculating	1
elbows	1
fling	1
herodiade	1
soda	1
deserved	1
alien	1
loud	1
perpetually	1
crush	1
protection	1
clippings	1
forbidding	1
seville	1
substantial	1
walkingshoes	1
grievance	1
belle	1
studied	1
tan	1
operator	1
halfsection	1
truancy	1
staid	1
himshe	1
ribbon	1
twoor	1
discovered	1
marius	1
economizing	1
widespreading	1
tricks	1
brotherly	1
fellows	1
thrust	1
nerved	1
meantime	1
whose	1
scruboaks	1
righteous	1
lieder	1
introduced	1
conductors	1
perfect	1
barefoot	1
leads	1
forsaking	1
bamboo	1
imaginable	1
maestros	1
wits	1
unescapable	1
darkened	1
hearts	1
guarantees	1
scratched	1
craziest	1
methodist	1
grammar	1
subject	1
correctly	1
connection	1
bleached	1
trial	1
resumed	1
attractive	1
travelled	1
bert	1
slighter	1
bothers	1
misty	1
closely	1
tufts	1
applying	1
responsible	1
custom	1
intimately	1
puppy	1
solid	1
informality	1
furnished	1
tingle	1
moths	1
umbrellas	1
commencement	1
minnesota	1
fainter	1
sunshine	1
slabsone	1
dollar	1
borrowers	1
barrelorgans	1
yours	1
impertinent	1
bella	1
murmur	1
miltons	1
gesture	1
character	1
bits	1
folding	1
womenfolk	1
ceiling	1
treacheries	1
floating	1
occupy	1
using	1
tramps	1
rearranged	1
streaking	1
likenever	1
regal	1
armed	1
due	1
homeif	1
consulting	1
destined	1
independence	1
alcohol	1
pearlcoloured	1
tempers	1
spending	1
signora	1
taut	1
ages	1
desperately	1
nearby	1
kindled	1
occasions	1
macbeths	1
similar	1
perfectly	1
wrists	1
saucepan	1
sweating	1
widow	1
wandering	1
workman	1
untroubled	1
lameness	1
decently	1
retribution	1
bumped	1
cute	1
scarlet	1
butwhats	1
fantastic	1
curious	1
consultation	1
rockingchair	1
card	1
naked	1
compelled	1
conversations	1
alps	1
plum	1
togetherwhich	1
depressing	1
sheltered	1
biting	1
shepherded	1
bleak	1
rejecting	1
devil	1
porticos	1
votive	1
washout	1
gripped	1
twentyone	1
prettily	1
sheathed	1
springtime	1
divested	1
rouge	1
forethought	1
miserable	1
fight	1
barrier	1
attendants	1
oratorio	1
advertised	1
suffered	1
works	1
emphasis	1
cashed	1
tenants	1
regretting	1
jokingly	1
fifty	1
tranquil	1
muffle	1
slaved	1
tramping	1
goodnaturedly	1
ledgers	1
knapsacks	1
discussing	1
quieted	1
punishment	1
verynot	1
foreclosing	1
duet	1
collar	1
clasped	1
marble	1
schneider	1
studies	1
kettle	1
jerkily	1
float	1
cautiously	1
unused	1
encountered	1
fixed	1
breast	1
boxsprings	1
reports	1
priests	1
despairingly	1
saloon	1
dat	1
quitted	1
impulsive	1
housekeeping	1
cheerless	1
avoid	1
playful	1
threat	1
mountain	1
shirtsleeves	1
colleague	1
neat	1
stoutly	1
krahe	1
servants	1
protest	1
engine	1
fret	1
tastes	1
grapes	1
windharry	1
possibilities	1
razor	1
simplicity	1
protector	1
hoofs	1
biscuit	1
gratitude	1
move	1
blindly	1
grating	1
drays	1
minister	1
pullman	1
catand	1
voiceto	1
lawyers	1
maccormac	1
alighted	1
stations	1
evil	1
exalted	1
streetnumber	1
motionless	1
tossed	1
justjust	1
appear	1
failing	1
blossoming	1
behaving	1
fasten	1
rear	1
prestons	1
keeps	1
ribbons	1
unpleasantly	1
greater	1
son	1
turnedout	1
required	1
bleat	1
ironing	1
comedy	1
senior	1
shameful	1
chessplayers	1
informal	1
naughty	1
thingsand	1
parcels	1
slippery	1
sorest	1
sharper	1
wrapped	1
hug	1
coddled	1
receded	1
talkative	1
barber	1
unpacked	1
fortunately	1
pretence	1
inclined	1
troubled	1
explanations	1
exchanged	1
grazed	1
touching	1
enthusiastically	1
fearful	1
communication	1
terrified	1
orphan	1
clasp	1
sufficiently	1
overtook	1
department	1
tapestry	1
rutted	1
studiothe	1
boots	1
channel	1
mounds	1
tailored	1
accord	1
ruled	1
longdead	1
slam	1
peaks	1
flowered	1
expenses	1
creeping	1
ruhen	1
anxious	1
acknowledges	1
gallery	1
uncatalogued	1
recommending	1
betrayed	1
gentlemen	1
values	1
bluster	1
meekly	1
thompsons	1
sweat	1
alaska	1
meanwhile	1
fitting	1
tinted	1
attributed	1
streetand	1
arrogant	1
impoverished	1
treating	1
lapel	1
leases	1
egg	1
marketing	1
bun	1
elkskin	1
puzzle	1
desperateness	1
keener	1
brain	1
lampposts	1
handled	1
rowboats	1
duck	1
leaf	1
cracks	1
supreme	1
wellmade	1
bothered	1
village	1
telephoning	1
charge	1
pretend	1
topcoat	1
revival	1
ignored	1
dusk	1
readiness	1
stalks	1
encumbrance	1
awe	1
distraction	1
maids	1
commanding	1
distracted	1
bridgemans	1
enlightenment	1
poorly	1
glittering	1
shrinking	1
interview	1
snowdrifts	1
blur	1
cooler	1
heartened	1
graceful	1
denvers	1
papers	1
ladys	1
drowsy	1
plant	1
clock	1
uninvited	1
habits	1
downcast	1
sir	1
purely	1
minna	1
doppelganger	1
cent	1
memoryin	1
essence	1
relented	1
wake	1
hoarfrost	1
bordered	1
recover	1
hatred	1
lettera	1
hungry	1
uniforms	1
illinois	1
beneath	1
laughher	1
appreciated	1
hates	1
prefer	1
woollygreen	1
penned	1
america	1
seized	1
disdained	1
wire	1
scusi	1
wattle	1
ours	1
youngster	1
growl	1
candlelight	1
curdled	1
accusations	1
disappointment	1
mechanically	1
revelation	1
brings	1
odd	1
sprung	1
jilting	1
shaven	1
lead	1
hushed	1
traviata	1
bursts	1
luckily	1
sore	1
toddy	1
jagged	1
restlessly	1
dusting	1
ostentation	1
vegetables	1
whos	1
settling	1
draws	1
repay	1
displeased	1
whiskbroom	1
protesting	1
gentlewoman	1
teas	1
greenishwhite	1
lodgers	1
incandescent	1
contemptuous	1
applications	1
knob	1
himprobably	1
survivors	1
ridiculous	1
swede	1
enticing	1
himdeath	1
hopeless	1
fidgety	1
relieve	1
hotels	1
mercury	1
stealthily	1
fortunes	1
halfburied	1
factotum	1
feeble	1
graciousness	1
altar	1
downhill	1
conception	1
smoother	1
solace	1
saplings	1
robe	1
question	1
locomotive	1
skinflint	1
companionships	1
brokenhearted	1
rudeness	1
strongest	1
tides	1
prelude	1
hurricane	1
approaching	1
chessboard	1
puzzled	1
preoccupation	1
creep	1
jimmys	1
flour	1
diningcar	1
ecco	1
fruit	1
decline	1
interpretation	1
dreamed	1
accommodate	1
jackmann	1
dangerous	1
ruddy	1
smokingjacket	1
freshets	1
windowpane	1
honestly	1
slipperyfloored	1
regrets	1
bellthe	1
sleepy	1
capsized	1
sacrifices	1
decidedly	1
sundays	1
appreciative	1
cautious	1
pension	1
level	1
prove	1
shy	1
print	1
staring	1
itsurely	1
tassel	1
mysteriously	1
sincere	1
sickening	1
dovecoloured	1
alarm	1
consistently	1
despairing	1
miles	1
withdrew	1
unusually	1
furs	1
raining	1
control	1
snowmasked	1
priest	1
acquaintance	1
hitch	1
contemptible	1
cheated	1
guiltily	1
supernatural	1
foreign	1
tint	1
exist	1
thanks	1
lumbered	1
whom	1
sweeping	1
mushroom	1
released	1
comers	1
handbag	1
girlygirly	1
straining	1
imperious	1
loans	1
acres	1
deepen	1
brother	1
landrather	1
features	1
inconveniences	1
snapped	1
contradicted	1
bend	1
tradelast	1
atlantic	1
ambulance	1
interregnums	1
wastebasket	1
executive	1
quavered	1
duty	1
flooded	1
selfpossession	1
prayers	1
schneffs	1
truthful	1
aglow	1
todays	1
gaze	1
pavements	1
patentleather	1
cablegram	1
tarnished	1
halfcircle	1
violetsshe	1
splendours	1
greenish	1
sobs	1
case	1
interlacing	1
urging	1
halfway	1
warmerlike	1
es	1
thorn	1
tramped	1
whereas	1
icewater	1
contralto	1
massenet	1
schoolhouses	1
surprising	1
seamed	1
broadcloth	1
fill	1
effort	1
urge	1
sought	1
inquire	1
liquid	1
concealment	1
foyer	1
unfinished	1
meanthat	1
chickenyard	1
shuffling	1
mawkish	1
encouragement	1
selfcontrol	1
agitated	1
london	1
newcut	1
bothfor	1
characteristicswhat	1
wisdom	1
unspent	1
sustained	1
cleared	1
fiftyfive	1
tarry	1
reminds	1
higher	1
uphill	1
sorts	1
engaging	1
offering	1
saint	1
burst	1
conducting	1
anatomy	1
blistering	1
buzz	1
stupidity	1
crusted	1
indicated	1
irrepressible	1
attempt	1
fastened	1
happier	1
difficulty	1
pleasures	1
ifwhat	1
boasting	1
expectant	1
stacks	1
al	1
earnest	1
crash	1
languid	1
codliver	1
measured	1
recitals	1
jumpy	1
staircase	1
shelter	1
louder	1
heedless	1
awfully	1
copper	1
advantagenot	1
handfor	1
courteous	1
acclimated	1
june	1
carpet	1
indignation	1
cover	1
troops	1
resourceful	1
basso	1
stuff	1
serenity	1
spots	1
bareheaded	1
homea	1
goot	1
complained	1
molly	1
forked	1
clothescloset	1
enabled	1
falls	1
clew	1
training	1
heels	1
plaster	1
ardour	1
snapping	1
excuse	1
showered	1
bleachers	1
outcome	1
possession	1
unaware	1
complex	1
declaring	1
clumsy	1
drifts	1
loosely	1
iii	1
friday	1
persuade	1
overtaken	1
shame	1
pallbearers	1
theodore	1
colorado	1
approached	1
studios	1
groping	1
tempi	1
settlement	1
soothingly	1
geneva	1
drawing	1
chickenandwaffle	1
forests	1
violent	1
delay	1
thrilling	1
facing	1
purple	1
pleaded	1
rabbit	1
precisely	1
loving	1
safely	1
massenets	1
shed	1
brushed	1
headlines	1
sapphires	1
wilhelm	1
watchrepairing	1
harshness	1
ride	1
smartly	1
ambitioni	1
ventured	1
waxy	1
denied	1
selfish	1
yourselfand	1
illusion	1
flight	1
mastery	1
murderous	1
bass	1
naturedly	1
burning	1
gasoline	1
squash	1
quieter	1
useful	1
iron	1
mendelssohn	1
bough	1
zenith	1
warning	1
walks	1
unquestionably	1
lanternjawed	1
drowning	1
todaybut	1
firemen	1
swank	1
cushioned	1
teased	1
citiesacross	1
la	1
straw	1
straightback	1
closet	1
occupied	1
track	1
laughter	1
chambre	1
chops	1
appealing	1
streamed	1
consistent	1
tough	1
stimulated	1
inexperienced	1
somethingpositively	1
shyness	1
ashtray	1
loose	1
guilty	1
vehement	1
beg	1
alarming	1
aworkman	1
differently	1
arrival	1
aboard	1
ageyou	1
enchantment	1
tailors	1
vestibule	1
driven	1
spectacles	1
fireirons	1
romantic	1
marshall	1
lassitude	1
compliment	1
partitions	1
halfclosed	1
heelless	1
stronger	1
guardianship	1
page	1
fence	1
uniform	1
boom	1
shilling	1
curt	1
indignant	1
passionately	1
springs	1
summers	1
exhibit	1
insult	1
sittingroom	1
porters	1
curves	1
farewell	1
beaming	1
ache	1
patronizing	1
astonished	1
farce	1
chopping	1
worthless	1
fancies	1
recalled	1
bavarian	1
bye	1
thoughtsthat	1
confidentially	1
liqueurs	1
publicspirited	1
sadness	1
laces	1
greek	1
prudent	1
mannera	1
countryside	1
finance	1
certainty	1
gets	1
guide	1
wintry	1
easygoing	1
crushing	1
dissimulation	1
absolutely	1
served	1
housemaid	1
cupboard	1
cushions	1
reverently	1
cadenabbia	1
kohlmeyers	1
pray	1
selected	1
gladly	1
coffeecup	1
pages	1
reserved	1
tiresome	1
artists	1
balconies	1
exercises	1
stretches	1
torso	1
december	1
sixth	1
greetings	1
motor	1
snowy	1
profoundly	1
gentleman	1
plants	1
results	1
actual	1
loveall	1
conceit	1
bodily	1
tarried	1
beginners	1
sole	1
couple	1
flame	1
artistsmore	1
approvingly	1
dispatched	1
dashed	1
timidity	1
tonnage	1
siphon	1
rounded	1
osage	1
hats	1
cable	1
profession	1
handful	1
hallsburglars	1
diminishing	1
oratorios	1
constantly	1
stairwaythe	1
possibility	1
apparently	1
blown	1
circle	1
adoring	1
blame	1
script	1
celebrated	1
opulent	1
windings	1
unlocked	1
fawncoloured	1
elsewhere	1
noise	1
placed	1
magical	1
movements	1
twostep	1
cheap	1
satisfactory	1
greed	1
numb	1
enormous	1
forebodings	1
heartbreaking	1
disposed	1
partner	1
torches	1
roll	1
daffodils	1
pinafore	1
ignorant	1
awning	1
stock	1
trumpets	1
bodies	1
anticipating	1
chanced	1
doublebreasted	1
resentment	1
folded	1
lethargic	1
ripped	1
grim	1
raincoats	1
july	1
treetops	1
toilet	1
basses	1
plumbers	1
fans	1
plaintive	1
impersonal	1
oblivion	1
crouch	1
heed	1
greygreen	1
vacations	1
gamble	1
form	1
winded	1
detained	1
key	1
picnic	1
timepiece	1
allstons	1
frightfully	1
disillusion	1
positively	1
ringing	1
disagreeably	1
excellencethe	1
happening	1
perplexed	1
aint	1
blooded	1
tentacles	1
rubber	1
shrunk	1
insides	1
unknowing	1
exhausted	1
callers	1
midwinter	1
coldness	1
fighting	1
easiest	1
measuring	1
stroked	1
haunted	1
litup	1
roughandready	1
plaintively	1
vibrating	1
byrons	1
weekends	1
relief	1
onto	1
wiping	1
countrymans	1
freight	1
timidly	1
larrys	1
dignified	1
blunders	1
knowingly	1
corn	1
il	1
chubby	1
rash	1
content	1
steadier	1
terrifying	1
enveloped	1
neednt	1
twist	1
annoyance	1
retain	1
youngso	1
created	1
boiling	1
tigereye	1
member	1
renee	1
begging	1
expects	1
defiant	1
release	1
becomes	1
sour	1
notebook	1
cabanyway	1
busier	1
forgetting	1
breakfasts	1
headed	1
pollux	1
gobbled	1
purposely	1
tire	1
icy	1
autumns	1
shutting	1
regretted	1
cronies	1
doubted	1
uneasiness	1
surety	1
action	1
fancy	1
shapes	1
patiently	1
outlines	1
whimpering	1
moreand	1
timesfault	1
thatlike	1
collection	1
observing	1
continent	1
softened	1
boxes	1
pour	1
trail	1
press	1
youthful	1
wheeltracks	1
darker	1
peoniesdeep	1
floors	1
summon	1
painters	1
vague	1
overalls	1
noons	1
leased	1
trained	1
hunt	1
peevish	1
slowwitted	1
repeat	1
declare	1
pack	1
smothered	1
obtuse	1
backed	1
unopened	1
arriving	1
piqued	1
whisper	1
vignons	1
mirth	1
creamcoloured	1
tents	1
enchanting	1
ravishing	1
nothingshe	1
infirmity	1
announcing	1
dramatic	1
richer	1
storys	1
heaped	1
dogs	1
selecting	1
hitchstrap	1
youmockford	1
period	1
countrymen	1
kitten	1
ropes	1
source	1
fascination	1
eh	1
dishearten	1
lowspirited	1
neighbouring	1
blushed	1
gratefully	1
frau	1
shaggy	1
voyage	1
newspapers	1
youngs	1
intelligencenot	1
hearse	1
awry	1
freshly	1
tolerance	1
customarily	1
presented	1
wineglasses	1
instinctive	1
greyhaired	1
letterbox	1
conversation	1
fashioned	1
unpacking	1
pursuits	1
thanksgiving	1
cameo	1
tragedy	1
clever	1
heres	1
stride	1
throughout	1
savour	1
exasperated	1
directors	1
determination	1
objectionably	1
admiringly	1
bury	1
sending	1
glimmer	1
hangs	1
heavenly	1
diving	1
orangered	1
unspoiled	1
salutation	1
incrustations	1
shocking	1
