the	2989
and	1839
to	1634
a	1074
of	1031
he	958
in	842
i	783
was	773
she	768
her	757
you	684
his	677
that	622
it	570
had	554
with	422
alexandra	387
on	386
as	385
at	362
they	361
for	346
him	325
have	307
when	291
but	288
emil	277
not	275
were	265
up	262
about	260
all	233
there	225
from	220
be	219
out	217
like	214
is	205
them	196
if	195
me	190
one	189
so	182
been	173
do	172
are	161
we	158
down	155
over	153
could	153
marie	152
carl	151
little	151
would	147
old	144
by	137
more	133
what	133
this	130
see	129
their	129
no	127
go	126
said	126
back	124
who	124
into	123
my	122
went	117
come	116
looked	116
frank	115
never	114
dont	114
will	112
than	112
lou	108
away	106
now	104
know	104
did	103
can	100
man	100
always	98
an	97
get	96
how	96
here	93
came	93
where	92
very	91
any	90
ivar	89
your	89
its	89
boys	89
going	88
then	88
things	86
good	85
before	85
only	84
much	83
way	82
people	82
eyes	82
or	80
head	80
oscar	78
off	77
long	76
after	74
think	74
some	73
country	73
why	72
years	71
put	71
want	69
took	69
time	69
has	68
himself	68
felt	68
which	67
take	66
well	66
just	65
own	64
young	64
yes	63
too	63
face	63
land	62
white	61
ever	60
must	60
thought	59
again	59
two	59
seemed	58
im	58
other	58
got	57
house	57
father	56
something	56
us	56
boy	56
made	55
feel	55
make	54
even	54
while	52
sat	52
hand	52
many	51
because	51
work	50
day	50
began	50
oh	50
place	49
through	49
tell	49
anything	49
first	49
home	48
life	47
still	47
woman	47
herself	46
mrs	45
say	45
look	45
talk	45
am	45
bergson	45
new	45
such	45
once	44
big	44
men	44
until	44
nothing	44
looking	43
every	43
our	43
thing	43
knew	42
girls	42
upon	42
right	42
hands	42
ive	42
under	41
saw	41
hard	41
sometimes	41
left	41
find	40
used	40
morning	40
asked	40
amedee	40
church	39
without	39
ran	39
light	39
give	39
let	39
thats	38
dark	38
cant	38
three	37
wild	37
toward	37
ill	37
night	37
last	36
didnt	36
fields	36
laughed	36
ought	36
orchard	36
stood	35
wont	35
girl	34
since	34
grass	34
everything	34
few	34
afraid	34
might	33
kitchen	33
together	33
enough	33
same	33
across	33
sister	33
mother	33
turned	33
wife	32
town	32
heard	32
great	32
door	32
told	32
alexandras	31
shabata	31
red	31
another	31
better	31
wanted	31
remember	30
kind	30
gate	30
keep	30
yellow	29
french	29
gone	29
done	29
behind	29
maybe	29
mind	28
next	28
table	28
each	28
afternoon	28
along	28
world	28
these	28
often	28
horses	28
signa	27
poor	27
path	27
slowly	27
stopped	27
sure	27
trees	27
seen	26
should	26
heart	26
married	26
gave	26
days	25
family	25
against	25
those	25
supper	25
most	25
wouldnt	25
lee	25
emils	24
love	24
neighbors	24
care	24
farm	24
brought	24
coming	24
being	24
linstrum	24
walked	24
feeling	24
set	24
water	24
divide	23
evening	23
held	23
between	23
bed	23
almost	23
ground	23
brown	23
help	23
hair	23
ago	22
called	22
feet	22
cold	22
really	22
though	22
found	22
kept	22
talking	22
clear	22
far	22
winter	22
fine	22
moment	21
hear	21
high	21
understand	21
road	21
full	21
black	21
run	21
reached	21
friends	21
itself	21
among	21
glad	21
making	21
theres	21
side	21
try	20
pasture	20
bad	20
worked	20
oclock	20
live	20
john	20
hes	20
times	20
strong	20
sunday	20
pond	20
hill	20
swedish	20
heavy	20
children	19
does	19
best	19
milly	19
wheat	19
thinking	19
says	19
room	19
drove	19
followed	19
taken	19
year	19
horse	19
meant	19
deal	18
mare	18
wind	18
rose	18
everybody	18
rich	18
liked	18
different	18
beside	18
ivars	18
bohemian	18
threw	18
perhaps	18
shabatas	18
garden	18
tree	18
suppose	18
end	18
met	18
sun	18
getting	18
lay	17
business	17
suddenly	17
pretty	17
store	17
hanover	17
else	17
arm	17
soon	17
birds	17
money	17
dat	17
sitting	17
body	17
round	17
read	17
bergsons	17
five	17
river	17
hat	17
dropped	17
annie	17
pay	17
shoulder	17
myself	17
rather	17
cut	17
short	17
course	16
corner	16
tired	16
half	16
tried	16
women	16
running	16
brothers	16
shoulders	16
air	16
pale	16
seem	16
stay	16
spring	16
franks	16
amedees	16
lifted	16
believe	16
blue	16
carried	16
goes	16
sky	15
hope	15
seems	15
wagon	15
couldnt	15
low	15
makes	15
trying	15
clothes	15
already	15
youve	15
matter	15
whether	15
open	15
lost	15
buy	15
ask	15
week	15
shook	15
sittingroom	15
id	15
cried	15
youd	15
walk	15
fair	15
leave	15
opened	15
talked	15
summer	14
around	14
street	14
aint	14
sick	14
wish	14
youre	14
graveyard	14
school	14
play	14
guess	14
arms	14
stop	14
weve	14
sort	14
part	14
mistress	14
led	14
trouble	14
warm	14
outside	14
mean	14
caught	14
drew	14
bought	14
wasnt	14
uncle	14
settled	14
yourself	14
floor	14
shes	14
show	14
voice	13
cart	13
wonder	13
rode	13
shirt	13
murmured	13
field	13
sit	13
sighed	13
hedge	13
wore	13
sainteagnes	13
themselves	13
lived	13
wait	13
earth	13
maries	13
mr	13
homestead	13
front	13
gun	13
chance	12
hurt	12
cattle	12
visit	12
tall	12
saying	12
scythe	12
lady	12
shall	12
window	12
free	12
happened	12
death	12
softly	12
taking	12
scarcely	12
drive	12
alone	12
ones	12
late	12
certainly	12
dress	12
corn	12
crazy	12
ahead	12
loved	12
proud	12
both	12
started	12
grew	12
happy	12
sent	12
grow	12
kitten	12
friend	12
fall	11
step	11
university	11
six	11
spoke	11
lying	11
raoul	11
coat	11
thick	11
sorry	11
tovesky	11
beautiful	11
deep	11
youll	11
hadnt	11
bohemians	11
sleep	11
less	11
grown	11
husband	11
passed	11
gray	11
living	11
spent	11
nobody	11
hogs	11
please	11
weather	11
either	11
marry	11
barn	11
bare	11
older	11
doing	11
broke	11
anywhere	11
human	11
eye	11
lous	11
child	11
fellow	11
hold	11
knows	11
lantern	11
indeed	11
farms	11
havent	11
account	11
fence	11
use	11
rest	11
god	11
prairie	11
bring	11
smiled	11
wear	11
perfectly	10
cheeks	10
ducks	10
changed	10
fingers	10
stand	10
holding	10
weeks	10
doorway	10
easy	10
sunlight	10
nice	10
early	10
yet	10
worth	10
comfort	10
helped	10
need	10
hurried	10
died	10
bent	10
daughter	10
figure	10
wet	10
quiet	10
sharp	10
wheatfield	10
hung	10
shot	10
speak	10
angelique	10
omaha	10
send	10
standing	10
awful	10
neck	10
shining	10
handkerchief	10
easily	10
having	10
given	10
sense	10
sod	10
color	10
brother	9
gold	9
four	9
today	9
breath	9
smell	9
quite	9
somehow	9
hundred	9
longer	9
point	9
dinner	9
mouth	9
word	9
tears	9
whom	9
least	9
wedding	9
norwegian	9
forward	9
dead	9
candy	9
teeth	9
mans	9
become	9
shed	9
built	9
foot	9
paused	9
handsome	9
known	9
shoes	9
minute	9
header	9
meet	9
county	9
case	9
cap	9
fortune	9
clean	9
nelse	9
soft	9
lips	9
mulberry	9
thin	9
sprang	9
rain	9
quick	9
break	9
fathers	9
saloon	9
patch	9
angry	9
fell	9
closed	9
draw	9
glass	8
bit	8
blood	8
marcel	8
turn	8
comes	8
wall	8
laugh	8
creature	8
hot	8
reflected	8
exclaimed	8
story	8
telling	8
fond	8
satisfied	8
exactly	8
box	8
played	8
looks	8
pointed	8
feelings	8
worn	8
letters	8
shade	8
move	8
creek	8
tone	8
stable	8
expected	8
wooden	8
stayed	8
quietly	8
season	8
spend	8
property	8
desk	8
stove	8
second	8
snow	8
dozen	8
excited	8
begun	8
sisters	8
feed	8
real	8
book	8
asleep	8
storm	8
apron	8
somewhere	8
fire	8
name	8
windmill	8
baby	8
seeing	8
medee	8
bread	8
isnt	8
cry	8
spirit	8
bottom	8
knees	8
beginning	8
middle	8
twenty	8
bible	8
broken	7
expect	7
catholic	7
future	7
apt	7
cousins	7
fallen	7
dance	7
nodded	7
sound	7
distance	7
straight	7
doctor	7
whole	7
miles	7
wished	7
joe	7
pulled	7
listen	7
knowing	7
pick	7
team	7
wants	7
west	7
write	7
above	7
picked	7
twelve	7
learn	7
watching	7
carry	7
whatever	7
leaving	7
gay	7
busy	7
keeping	7
remembered	7
sixteen	7
cigar	7
may	7
pieces	7
laughing	7
nature	7
arent	7
hay	7
hammock	7
lot	7
near	7
apart	7
likely	7
shaggy	7
whats	7
empty	7
frowned	7
company	7
bishop	7
coffee	7
change	7
chair	7
anyway	7
cross	7
frozen	7
firmly	7
waited	7
thoughtfully	7
hate	7
younger	7
past	7
law	7
learned	7
telephoned	7
unhappy	7
pole	7
lonely	7
except	7
fuller	7
fellows	7
flowers	7
intelligent	7
strange	7
lets	7
personal	7
skin	7
wrong	7
sell	7
green	7
others	7
tomorrow	7
bringing	7
watched	7
sore	7
pleased	7
north	7
interest	7
moments	7
listened	7
straw	7
deeper	7
grinned	6
shawl	6
ease	6
forgot	6
waved	6
dream	6
roads	6
paper	6
flower	6
idea	6
hated	6
duck	6
sing	6
thrust	6
mistakes	6
bitterly	6
ii	6
hour	6
anybody	6
seat	6
hearts	6
books	6
asylum	6
class	6
lincoln	6
needed	6
fixed	6
stories	6
afterward	6
rough	6
mass	6
actually	6
hell	6
wearing	6
excitement	6
neighbor	6
debt	6
buying	6
twice	6
serious	6
worse	6
trousers	6
belongs	6
soil	6
pushed	6
engine	6
carriage	6
added	6
crying	6
ready	6
swung	6
ears	6
anyhow	6
south	6
lightly	6
comfortable	6
cows	6
lie	6
hide	6
kissed	6
grain	6
waste	6
moved	6
english	6
blame	6
till	6
single	6
boots	6
service	6
youngest	6
tied	6
bright	6
maria	6
stile	6
powerful	6
usually	6
queer	6
rise	6
willing	6
thoughts	6
tent	6
begin	6
forehead	6
silence	6
fancy	6
struck	6
shut	6
close	6
start	6
basement	6
reading	6
city	6
stock	6
eat	6
german	6
happen	6
believed	6
apple	6
bride	6
directly	6
hillers	6
tucked	6
stone	6
village	6
smirka	6
easier	6
lamp	6
pink	6
barefoot	6
wed	6
cherries	6
divided	6
hanging	5
turning	5
mexico	5
foolish	5
wondered	5
wardens	5
splendid	5
heads	5
office	5
halfsection	5
trunk	5
dancing	5
thank	5
fool	5
forty	5
plenty	5
temptations	5
patient	5
lose	5
disgust	5
smile	5
mexican	5
log	5
st	5
belonged	5
golden	5
awfully	5
ridiculous	5
carefully	5
cheek	5
pail	5
fear	5
catch	5
carrying	5
veil	5
surely	5
faces	5
dressed	5
aloud	5
scared	5
flying	5
disappeared	5
history	5
person	5
lounge	5
hunting	5
fresh	5
party	5
growing	5
bank	5
unusual	5
fist	5
letter	5
reins	5
earnestly	5
careful	5
oscars	5
glittered	5
kill	5
corral	5
affairs	5
iii	5
discouraged	5
silo	5
somebody	5
button	5
dollars	5
sweet	5
attend	5
organ	5
pressing	5
delighted	5
calm	5
climbed	5
weight	5
banks	5
edge	5
strength	5
telephone	5
quickly	5
rolled	5
upstairs	5
crossed	5
pictures	5
wood	5
lives	5
job	5
hasnt	5
bowed	5
jacket	5
brooding	5
hastings	5
wiped	5
harness	5
surprised	5
honest	5
branches	5
pain	5
driving	5
taank	5
sons	5
rent	5
circus	5
watch	5
peace	5
leaves	5
stranger	5
gotta	5
train	5
eleven	5
sweetheart	5
california	5
thoughtful	5
plow	5
stick	5
shadow	5
broad	5
roses	5
stooped	5
youth	5
shawls	5
aunt	5
rubbed	5
carls	5
jolly	5
able	5
finger	5
touched	5
top	5
hid	5
space	5
mowing	5
leaning	5
goodnight	5
wishes	5
sad	5
guests	5
pleasant	5
fault	5
cane	5
shrugged	5
moon	5
sewing	5
goodbye	5
spot	5
jan	5
nonsense	5
louis	5
torn	5
norway	5
wide	5
schwartz	5
became	5
friendly	5
manner	5
crops	5
notice	5
dry	5
alike	5
usual	5
curly	5
hoped	5
steps	5
burned	5
farmers	5
age	5
planted	4
station	4
struggled	4
jensen	4
peoples	4
mend	4
mortgages	4
duchesne	4
mowed	4
noting	4
lights	4
purpose	4
impatiently	4
hiller	4
occurred	4
realize	4
crowd	4
hills	4
milk	4
dis	4
quicker	4
wound	4
failure	4
patience	4
attention	4
blade	4
collar	4
several	4
sold	4
covered	4
corners	4
fortunes	4
pigs	4
valley	4
sigh	4
rapidly	4
stiff	4
corridor	4
stepped	4
bushes	4
dropping	4
recognized	4
lower	4
falling	4
fiery	4
neednt	4
fences	4
probably	4
realized	4
bitter	4
remind	4
guard	4
spells	4
silver	4
approached	4
christmas	4
neither	4
forefinger	4
cloth	4
understood	4
disappointed	4
gathering	4
turban	4
doesnt	4
cow	4
visitors	4
priest	4
imagination	4
breast	4
candle	4
admire	4
forever	4
curiously	4
slipped	4
despair	4
written	4
yust	4
clung	4
thirty	4
stopping	4
call	4
paying	4
seldom	4
stretch	4
die	4
worst	4
alive	4
thrown	4
leaned	4
paid	4
crop	4
figures	4
setting	4
cat	4
fast	4
cherry	4
flannel	4
bid	4
drug	4
cannot	4
swedes	4
tearful	4
none	4
scene	4
hole	4
york	4
whistling	4
panting	4
rapture	4
iron	4
skirts	4
dear	4
patterns	4
fuss	4
jealous	4
linstrums	4
terrace	4
climb	4
small	4
blankets	4
iv	4
ideas	4
wrote	4
shell	4
perfect	4
sand	4
beauty	4
row	4
guitar	4
singing	4
manage	4
lift	4
alaska	4
drink	4
velvet	4
cards	4
forgotten	4
chicago	4
paint	4
convent	4
studying	4
shivering	4
sweden	4
tossed	4
silk	4
music	4
horror	4
thankful	4
piece	4
roof	4
filled	4
shone	4
son	4
mustnt	4
working	4
hearing	4
diningroom	4
wanna	4
tune	4
driven	4
tonight	4
drinking	4
dread	4
chevalier	4
happiness	4
howling	4
simply	4
food	4
plant	4
responsible	4
building	4
nevertheless	4
pair	4
alfalfa	4
approaching	4
mournful	4
frankly	4
rabbit	4
cave	4
baking	4
ate	4
flushed	4
however	4
confirmation	4
game	4
writing	4
hired	4
minds	4
gathered	4
college	4
closer	4
laughter	4
ten	4
clock	4
ripe	4
lip	4
suffer	4
reminded	4
bristly	4
faintly	4
keeps	4
walking	4
raise	4
warden	4
preserve	4
theyre	4
gloves	4
months	4
speaking	4
loose	4
drank	4
werent	4
terrible	4
laid	4
ashamed	4
bear	4
interesting	4
persisted	4
folks	4
plate	4
grandfather	4
overcoat	4
violent	4
sight	4
cornfields	4
bodily	4
braids	4
brow	4
shipyard	4
necessary	4
sank	4
bird	4
true	4
stirred	4
double	4
east	4
dreaming	4
studied	4
explained	4
v	4
stream	4
everywhere	3
fed	3
miss	3
melancholy	3
blowing	3
hed	3
draws	3
shaking	3
trial	3
streets	3
gravel	3
blushed	3
sending	3
telegram	3
darkness	3
difficulty	3
blamed	3
hopes	3
cotton	3
clover	3
diving	3
noon	3
arrived	3
talks	3
drummer	3
choir	3
workbasket	3
mothers	3
besides	3
doctors	3
brigham	3
tub	3
clenched	3
supposed	3
xavier	3
pen	3
throughout	3
doubt	3
court	3
curious	3
packing	3
sadly	3
hotel	3
dirty	3
chose	3
frosty	3
teasing	3
injury	3
ridges	3
confusion	3
conspicuous	3
mournfully	3
helping	3
ring	3
march	3
coral	3
dull	3
sits	3
journey	3
saddle	3
irritated	3
fruitfulness	3
sang	3
direction	3
moving	3
wheatfields	3
papers	3
blinked	3
present	3
peered	3
ridge	3
sleeve	3
seattle	3
mustache	3
star	3
ceiling	3
terribly	3
pies	3
mile	3
showed	3
fainter	3
legs	3
inside	3
record	3
offering	3
dash	3
washing	3
windows	3
landscape	3
iowa	3
nineteen	3
fight	3
beds	3
carpet	3
whose	3
lowered	3
tongue	3
dresser	3
striped	3
pinned	3
guns	3
blouse	3
pulling	3
crouched	3
fill	3
shrink	3
follow	3
hidden	3
satisfy	3
suggested	3
patted	3
gazing	3
marcels	3
suit	3
facts	3
shallow	3
colored	3
fireflies	3
farmer	3
sniffed	3
familiar	3
misfortune	3
likes	3
marked	3
gesture	3
expression	3
metal	3
newly	3
flew	3
triumphant	3
ugly	3
sugar	3
smiling	3
important	3
household	3
gaze	3
lap	3
mow	3
advice	3
spanish	3
personality	3
parted	3
touch	3
bits	3
during	3
traveling	3
wheel	3
delightedly	3
nearly	3
trade	3
slat	3
sensitive	3
wandering	3
awkward	3
unless	3
replied	3
curls	3
sundays	3
outraged	3
lies	3
emerged	3
silent	3
fact	3
decided	3
routine	3
general	3
clay	3
burst	3
later	3
foolishly	3
american	3
oven	3
beans	3
milking	3
giggled	3
prison	3
wintry	3
beer	3
simple	3
acres	3
wash	3
kitty	3
hiding	3
visitor	3
deceive	3
locked	3
superior	3
beard	3
safe	3
prosperity	3
fruit	3
cheap	3
thus	3
thousand	3
proudly	3
urged	3
forth	3
coats	3
prove	3
sounds	3
appearance	3
dryly	3
signing	3
necktie	3
spikes	3
begins	3
blind	3
showing	3
loving	3
wanting	3
clouds	3
properly	3
flashing	3
join	3
frame	3
abroad	3
delicate	3
order	3
thinks	3
beasts	3
furniture	3
mortgage	3
bitterness	3
curling	3
flighty	3
dresses	3
giggle	3
castor	3
don	3
pattern	3
perplexity	3
apricot	3
following	3
painful	3
refused	3
rings	3
cries	3
although	3
irishman	3
stared	3
photographs	3
tiny	3
line	3
bunch	3
berries	3
rows	3
dragged	3
dollar	3
independent	3
signas	3
newspapers	3
putting	3
joke	3
clutched	3
ballgrounds	3
kiss	3
companion	3
power	3
bled	3
quarter	3
auction	3
repeating	3
thenthen	3
folk	3
downstairs	3
extravagance	3
bleeding	3
trembled	3
coyotes	3
amused	3
barely	3
ride	3
wistfully	3
overwhelmed	3
stuck	3
ended	3
weeds	3
completely	3
neglected	3
square	3
pocket	3
mere	3
advantage	3
match	3
consent	3
whispered	3
glance	3
cost	3
windy	3
crowded	3
pull	3
planned	3
rolls	3
restless	3
farming	3
stuff	3
priests	3
cool	3
entered	3
smoothness	3
calling	3
sides	3
stones	3
dances	3
beckoned	3
slow	3
groaning	3
natural	3
sympathy	3
members	3
freedom	3
bullfights	3
engraving	3
potatoes	3
miserable	3
frowning	3
piano	3
worried	3
teach	3
hardly	3
anxiety	3
barney	3
autumn	3
frightened	3
borrow	3
seven	3
wings	3
tin	3
lingered	3
shadows	3
fit	3
breathing	3
ball	3
swimming	3
holes	3
wishing	3
sunny	3
calmly	3
daughters	3
pipe	3
picture	3
formed	3
hillside	3
imagined	3
lock	3
theyve	3
otto	3
leggings	3
funny	3
staying	3
ourselves	3
admitted	3
seated	3
hammocks	3
thresher	3
wagons	3
noticed	3
act	3
sleeves	3
declared	3
speech	3
raising	3
june	3
skirt	3
breakfast	3
hats	3
position	3
listening	3
waiting	3
washed	3
loft	3
crust	3
gets	3
conceited	3
germans	3
nervously	3
oilcloth	3
choose	3
scratched	3
absently	3
grudge	3
further	3
convicts	3
stars	3
haunted	3
happiest	3
discussion	3
pleasure	3
shortly	3
below	3
seats	3
serenading	3
throwing	3
state	3
winked	3
possible	3
respect	3
profession	3
library	3
stables	3
nervous	3
faith	3
uneven	3
missed	3
avoided	3
vast	3
song	3
pray	3
reserved	3
ruddy	3
wrestled	3
habit	3
smoke	3
stubble	3
bore	3
stomach	3
rattle	3
shock	3
knocking	3
harder	3
prairiedog	3
bedroom	3
doorstep	3
bridle	3
faint	3
hall	3
clerks	3
angeliques	2
shaken	2
merry	2
runs	2
booth	2
holy	2
theyll	2
bordered	2
month	2
fifty	2
eh	2
winding	2
opening	2
graceful	2
lovely	2
badgers	2
bucket	2
pin	2
physical	2
virtue	2
fir	2
abruptly	2
strained	2
sunning	2
wives	2
queerly	2
neckband	2
defiant	2
forgets	2
fringe	2
trudged	2
desperate	2
blown	2
choice	2
temper	2
envy	2
prayed	2
tea	2
quarrelsome	2
neighboring	2
pretending	2
crows	2
stockholm	2
earnest	2
length	2
tremble	2
wearily	2
wakened	2
commencement	2
homesteads	2
patiently	2
characterized	2
horn	2
annoyance	2
drag	2
knee	2
orange	2
mountains	2
turkish	2
elevator	2
grains	2
rains	2
lord	2
operations	2
pierre	2
kindly	2
aant	2
hurrying	2
stain	2
rang	2
gives	2
fish	2
joes	2
measure	2
skeptical	2
stupid	2
banker	2
shy	2
especially	2
fifteen	2
nine	2
weeping	2
fled	2
scraped	2
aching	2
bay	2
owl	2
joined	2
perplexed	2
faculties	2
girlhood	2
opposite	2
tidings	2
meat	2
unreasonably	2
buttons	2
buildings	2
folded	2
splashed	2
save	2
blew	2
lit	2
dim	2
buffaloskin	2
yesterday	2
flaming	2
terror	2
solemnly	2
owned	2
du	2
image	2
happens	2
raindrops	2
china	2
awake	2
quit	2
net	2
outa	2
shrewd	2
lovers	2
slew	2
whirling	2
brunot	2
gayly	2
reply	2
playing	2
wonderingly	2
lad	2
engaged	2
pains	2
trail	2
drawn	2
brilliant	2
harvest	2
counts	2
evil	2
humored	2
penitentiary	2
enter	2
handed	2
resting	2
surface	2
religion	2
hoping	2
pendants	2
fluttering	2
depot	2
ma	2
turquoise	2
cream	2
thirtyfive	2
slowing	2
appeared	2
luck	2
clothescloset	2
maids	2
memory	2
definite	2
grunted	2
grounds	2
belong	2
amazement	2
wilderness	2
illusion	2
understanding	2
letting	2
swing	2
feeble	2
unlike	2
bared	2
paths	2
falls	2
rattling	2
blanket	2
conviction	2
regular	2
farmhouses	2
sidewalks	2
mounted	2
butterflies	2
dotter	2
surrounded	2
drowned	2
swept	2
windowglass	2
passing	2
clerk	2
apricots	2
smells	2
snowonthemountain	2
tangle	2
altogether	2
san	2
tablecloth	2
charades	2
planning	2
impatient	2
depths	2
advanced	2
moise	2
poppy	2
wicked	2
leaped	2
accept	2
upper	2
whitewashed	2
spoiling	2
parlor	2
words	2
interests	2
jack	2
careless	2
stalwart	2
hoofs	2
instinct	2
gloria	2
prohibition	2
herd	2
original	2
yours	2
dismounted	2
touching	2
affectionate	2
issue	2
thereabouts	2
page	2
october	2
troubled	2
hang	2
vanished	2
selling	2
cause	2
slight	2
puts	2
sign	2
mistake	2
sour	2
offer	2
axe	2
bag	2
nor	2
insisted	2
shirts	2
impulsive	2
pickle	2
nearer	2
calmness	2
spoils	2
prospecting	2
wagonshed	2
checking	2
rear	2
surprise	2
overtook	2
sea	2
sailors	2
hours	2
undressed	2
sparkling	2
handful	2
joyous	2
questioned	2
partly	2
intervals	2
slapped	2
drouth	2
kid	2
sleeping	2
bother	2
courts	2
stroked	2
theirs	2
scratching	2
failed	2
furiously	2
songs	2
moonlight	2
oppressed	2
brandy	2
badgerhole	2
galloping	2
projecting	2
waves	2
particular	2
dully	2
grapes	2
leg	2
depressed	2
hump	2
horizon	2
immediately	2
clasped	2
sensible	2
timid	2
feeding	2
cautiously	2
handbag	2
breathed	2
shine	2
steady	2
cheerful	2
rising	2
colic	2
amusement	2
forget	2
threatening	2
filling	2
overnight	2
finishing	2
ledger	2
whenever	2
entertainment	2
bakery	2
bronze	2
mulberries	2
freeze	2
smart	2
andersen	2
interview	2
enjoyed	2
innocently	2
raw	2
answer	2
lads	2
stella	2
ways	2
darkened	2
direct	2
crooked	2
sofa	2
chilled	2
complain	2
continually	2
fingered	2
slipping	2
car	2
drawers	2
sombre	2
finished	2
sparks	2
puzzled	2
cared	2
manners	2
individual	2
fix	2
presents	2
dust	2
brightness	2
snake	2
bowlegs	2
spark	2
gently	2
sake	2
hans	2
takes	2
kittens	2
wheats	2
sunflower	2
clambered	2
deeply	2
mud	2
insipid	2
slippers	2
bite	2
gloom	2
vigorously	2
welcome	2
funeral	2
hurry	2
spirited	2
viii	2
de	2
joy	2
bishops	2
twisting	2
flickering	2
advise	2
goulds	2
wire	2
yields	2
wandered	2
tearing	2
swede	2
sheds	2
minutes	2
tufts	2
dusk	2
missouri	2
hotly	2
bonnet	2
heavily	2
elastic	2
persuaded	2
trip	2
question	2
quaint	2
depended	2
distrustfully	2
quail	2
brushing	2
required	2
stretched	2
agree	2
chances	2
cheered	2
sorghum	2
lively	2
drill	2
attitude	2
switchboard	2
watches	2
weighed	2
hitch	2
woolen	2
ends	2
decidedly	2
fiercely	2
tame	2
snatched	2
shivered	2
astonishment	2
curl	2
behave	2
expressed	2
ribbons	2
wrapped	2
rooms	2
baptiste	2
ribs	2
insects	2
houses	2
willows	2
nicer	2
noses	2
questions	2
unjust	2
beneath	2
murmuring	2
serve	2
practising	2
ruined	2
circle	2
postoffice	2
spade	2
burning	2
housekeeping	2
tough	2
trust	2
wo	2
shouted	2
seeds	2
exciting	2
born	2
churches	2
burn	2
disturb	2
animals	2
harm	2
intently	2
alighted	2
stronger	2
jumped	2
pages	2
sentimental	2
character	2
absence	2
buckled	2
placed	2
sobbed	2
worry	2
beast	2
pastures	2
hitching	2
propose	2
fright	2
grand	2
arrival	2
geraniums	2
yusta	2
noise	2
nearest	2
cracks	2
driver	2
eagerly	2
mysteriously	2
managing	2
dreams	2
flashed	2
buckets	2
unnatural	2
hoo	2
sung	2
longed	2
hire	2
fussy	2
stinking	2
intent	2
wagonbox	2
ship	2
count	2
potato	2
someting	2
attended	2
parade	2
tenor	2
large	2
neatly	2
cornet	2
polished	2
politics	2
detail	2
doors	2
rays	2
lame	2
movement	2
writes	2
currents	2
whirr	2
prospered	2
embraced	2
plants	2
clinging	2
content	2
marrying	2
inlet	2
sinking	2
glittering	2
greatest	2
hesitated	2
struggling	2
graduated	2
main	2
committed	2
wears	2
sunbonnet	2
alcohol	2
sidewalk	2
recover	2
facing	2
managed	2
holidays	2
clearly	2
varnished	2
announcement	2
blow	2
dishes	2
ironweed	2
brushed	2
hatboxes	2
assented	2
language	2
comforted	2
useless	2
clothing	2
walnut	2
lighting	2
grimly	2
ache	2
behavior	2
angrier	2
bushy	2
offices	2
saturday	2
homely	2
em	2
steep	2
opportunity	2
utterly	2
sweetness	2
wedge	2
glimmered	2
groom	2
fitted	2
finish	2
athlete	2
january	2
restaurants	2
treat	2
effort	2
creamy	2
rash	2
clever	2
practice	2
conditions	2
chin	2
gleaming	2
ached	2
steeple	2
bosom	2
amber	2
shower	2
glanced	2
brisk	2
purple	2
notions	2
whetstone	2
suitcase	2
plough	2
factory	2
fierce	2
shoot	2
amount	2
tink	2
brain	2
stole	2
ruin	2
track	2
hers	2
push	2
railway	2
club	2
admiringly	2
albert	2
needs	2
jars	2
closecropped	2
amusing	2
greatly	2
rim	2
liking	2
surly	2
imagining	2
final	2
mused	2
wider	2
secretary	2
oldest	2
continued	2
dripping	2
scrambled	2
tease	2
pressed	2
watery	2
nerve	2
pillows	2
frockcoat	2
struggle	2
scarf	2
proved	2
froze	2
inaccessible	2
difficult	2
chairs	2
accompanied	2
lees	2
stewed	2
glow	2
wheels	2
bench	2
meal	2
summers	2
courtroom	2
active	2
paradise	2
memories	2
difference	2
labor	2
robinson	2
larger	2
elbe	2
flat	2
yearning	2
branch	2
swelled	2
intense	2
appreciate	2
remained	2
returned	2
selfsatisfied	2
partner	2
wept	2
healed	2
stir	2
genius	2
wink	2
recognize	2
moses	2
laughin	2
avoid	2
society	2
level	2
master	2
shiver	2
foreign	2
rippling	2
interested	2
chased	2
satisfaction	2
howl	2
workhorses	2
fading	2
standards	2
calendar	2
boxes	2
kneeling	2
upset	2
airs	2
gully	2
desires	2
strap	2
invitation	2
meddle	2
cobblers	2
clump	2
womans	2
openly	2
bathtub	2
pinning	2
stiffened	2
slave	2
sin	2
sauvage	2
costume	2
itll	2
grandmothers	2
reach	2
everybodys	2
yellowbrown	2
narrow	2
admiring	2
unsteady	2
ja	2
tobacco	2
fat	2
resolutely	2
wiping	2
title	2
stuffed	2
lagoons	2
babies	2
packed	2
underground	2
twilight	2
discovered	2
barrels	2
gravy	2
wipe	2
peculiar	2
bigger	2
shuffle	2
checked	2
bankers	2
feathers	2
flowed	2
francisco	2
awkwardly	2
ocean	2
relieved	2
roots	2
fairly	2
enthusiasm	2
classes	2
plowing	2
escape	2
chattering	2
divorce	2
muttering	2
bloat	2
plain	2
charming	2
guided	2
vii	2
disliked	2
jump	2
situation	2
splashing	2
uncomfortable	2
photograph	2
coast	2
sunhat	2
force	2
wringing	2
reasoned	2
counted	2
promise	2
bell	2
crawl	2
bist	2
impossible	2
paralyzed	2
engraver	2
chickens	2
student	2
moods	2
points	2
lines	2
heathen	2
zeal	2
indignantly	2
ave	2
wires	2
capital	2
lindens	2
thatch	2
succeeded	2
drab	2
swinging	2
merely	2
hare	2
preacher	2
marriage	2
hip	2
streetcar	2
vi	2
porch	2
interrupted	2
darted	2
admit	2
reaching	2
oats	2
spoiled	2
washes	2
kinds	2
canvas	2
preoccupied	2
grave	2
thousands	2
embarrassment	2
answered	2
formerly	2
offered	2
lasted	2
closing	2
tenderness	2
instant	2
wine	2
muttered	2
trot	2
electric	2
wasting	2
balls	2
honey	2
dog	2
milky	2
deliberate	2
persuasively	2
sheltered	2
observed	2
leaden	2
mercy	2
strapping	2
mexicans	2
courage	2
hardest	2
iris	2
distress	2
gooseberry	2
rockingchair	2
pockets	2
peter	2
oftener	2
drifted	2
savage	2
cradle	2
skill	2
romantic	2
lurched	2
shouldnt	2
barns	2
stores	2
cluster	2
happily	2
shaped	2
fewer	2
sorrow	2
prayers	2
armory	2
fidgeted	2
news	2
dogs	2
twentyone	2
elbow	2
towns	2
watering	2
steadily	2
share	2
dragharmonika	2
rolling	2
slender	2
effect	1
streaks	1
frightens	1
sufferings	1
impunity	1
studs	1
titles	1
equivocal	1
beehives	1
noticeable	1
stiffly	1
characteristic	1
stall	1
suffering	1
severity	1
prided	1
feedin	1
das	1
watertroughs	1
view	1
noises	1
fuchsias	1
dissatisfied	1
common	1
amounted	1
trace	1
shimmering	1
brains	1
stumps	1
fundamental	1
coffeecake	1
newhe	1
dawn	1
unconscious	1
cottonwoods	1
fluttered	1
cornering	1
impression	1
waist	1
watertank	1
borrowed	1
thriving	1
endurance	1
impersonal	1
stating	1
selected	1
chorus	1
considered	1
despondently	1
pang	1
mariiia	1
ballshirt	1
announced	1
wakening	1
slower	1
highly	1
addressed	1
smother	1
backed	1
ruffled	1
dealer	1
inch	1
reckless	1
teakettles	1
anguished	1
beams	1
excursion	1
beautyand	1
vine	1
bunchgrass	1
faltering	1
features	1
saturated	1
consequence	1
deepbreathing	1
fortunetelling	1
aunts	1
mismanagement	1
druggist	1
blacked	1
chapped	1
folly	1
dislikes	1
mightiest	1
soothed	1
names	1
tallow	1
larks	1
discharged	1
childhood	1
westering	1
biscuit	1
scheme	1
chevaliers	1
stillno	1
squaw	1
fortified	1
traps	1
attentions	1
mum	1
sullenly	1
lindell	1
eighteenth	1
yellowish	1
brush	1
postoffices	1
beyond	1
tenderly	1
robes	1
chase	1
efforts	1
jolted	1
rosy	1
instance	1
lusty	1
mount	1
suddenlyhe	1
branding	1
opportune	1
willow	1
cleaner	1
incentive	1
disdainful	1
stems	1
moneyand	1
package	1
dreamily	1
satisfactory	1
coaxingly	1
burial	1
sistersinlaw	1
harmless	1
plainly	1
indian	1
ploughed	1
manifest	1
hopefully	1
pailful	1
ceased	1
betrayed	1
lawyer	1
thoroughly	1
reddened	1
beardhow	1
anger	1
nonexistent	1
courting	1
dugout	1
dubiously	1
tormenting	1
july	1
swear	1
quarreled	1
disheartening	1
dew	1
potatoesthey	1
frown	1
treated	1
equivalent	1
jerking	1
ungrudgingly	1
strolled	1
response	1
cabbages	1
gripped	1
plum	1
suffered	1
strangely	1
whittle	1
bullring	1
straggled	1
stack	1
merciless	1
lowed	1
scream	1
outline	1
disintegrating	1
risen	1
marital	1
fried	1
arnson	1
insect	1
wrestling	1
startle	1
betook	1
graves	1
refilling	1
receiver	1
lots	1
brags	1
evenings	1
staid	1
crimes	1
movements	1
weariness	1
visions	1
denying	1
ninetysix	1
cornplowing	1
upwards	1
harnessmaker	1
recuperates	1
pass	1
conserve	1
dispute	1
scornfully	1
number	1
hog	1
ici	1
persons	1
grandamedee	1
raouls	1
powers	1
build	1
scenes	1
smilingi	1
rowing	1
chattered	1
symmetrical	1
backwards	1
scarlet	1
congregation	1
chuckle	1
marking	1
eagle	1
exclaiming	1
pitcher	1
satine	1
cities	1
sorts	1
stepping	1
bellowing	1
nodding	1
theatres	1
smelling	1
farmhand	1
cloak	1
liveliest	1
pretends	1
buggy	1
offertory	1
liberty	1
wheatplanting	1
tones	1
buried	1
instruments	1
adjoining	1
objections	1
confirm	1
thatthat	1
attire	1
fore	1
tearfully	1
gods	1
nests	1
landmarks	1
severine	1
unhitches	1
feebly	1
endured	1
eggs	1
portions	1
surrounding	1
pierced	1
bubbled	1
township	1
spicy	1
populated	1
breadth	1
armored	1
glaciers	1
leavetaking	1
prevent	1
repose	1
strawberries	1
strumming	1
alphosen	1
midsummer	1
hug	1
prettiest	1
roam	1
goats	1
pioneer	1
islands	1
moorings	1
jerkso	1
tyst	1
reveries	1
refuge	1
shyly	1
arrow	1
jealousy	1
halfcock	1
adventurer	1
kneedeep	1
dense	1
doctoring	1
outlying	1
quarrels	1
prosecute	1
placidly	1
gasping	1
realization	1
contrariness	1
crochet	1
lipmost	1
musicbox	1
mutely	1
contracted	1
translated	1
commands	1
goodhumoredly	1
landed	1
khaki	1
sheathed	1
critical	1
margin	1
warning	1
wheres	1
shrill	1
tenants	1
deliverance	1
pleaded	1
prospect	1
extreme	1
register	1
doubted	1
fille	1
squad	1
vous	1
vice	1
idleness	1
cornsheller	1
ticket	1
plan	1
deepened	1
ordered	1
upright	1
unfriendliness	1
checkers	1
kralik	1
dragging	1
reality	1
remote	1
dairy	1
rancor	1
dinnertable	1
inconsistently	1
malice	1
enraged	1
turrible	1
splits	1
indulge	1
dipped	1
incessantly	1
warped	1
niece	1
oooo	1
thud	1
improvements	1
ann	1
drying	1
portraits	1
misunderstandings	1
roared	1
salvation	1
undertaken	1
blonde	1
plank	1
whos	1
discussed	1
weakened	1
pined	1
eaten	1
flirtatious	1
current	1
shattered	1
occur	1
cellar	1
archly	1
schemes	1
powdered	1
ruefully	1
jokes	1
downpour	1
terms	1
twig	1
conies	1
william	1
string	1
department	1
displeased	1
blaze	1
tear	1
shelves	1
according	1
indeterminate	1
bribed	1
fun	1
malvina	1
fedders	1
whine	1
figuring	1
dealt	1
diverted	1
pails	1
screaming	1
stiffening	1
stocking	1
aged	1
thumb	1
neglects	1
gettin	1
shuffled	1
pacing	1
reject	1
suitor	1
detain	1
bethought	1
jumpingmatches	1
tireless	1
oil	1
threshed	1
studies	1
harvesting	1
cups	1
twentyfive	1
grande	1
fweeze	1
uncut	1
neighborhood	1
tiptoes	1
despairingly	1
painting	1
indulged	1
bootblack	1
spatter	1
stitching	1
ranged	1
ladys	1
grows	1
fate	1
carlwith	1
vacillating	1
score	1
wrecked	1
frail	1
dullness	1
dangerous	1
tells	1
strings	1
colds	1
occasionally	1
eyebrows	1
longing	1
damned	1
hath	1
groundcherries	1
indignation	1
matadormarie	1
display	1
cordial	1
coarse	1
shouting	1
notepaper	1
indians	1
platters	1
foxtail	1
songtaking	1
jogged	1
cultivate	1
crane	1
whatevers	1
soul	1
persuasive	1
dissolved	1
travelers	1
intend	1
printed	1
travelinghat	1
illinois	1
feathering	1
wrap	1
shabby	1
preparing	1
everythings	1
nausea	1
attempted	1
fatigue	1
november	1
begged	1
kick	1
encroaching	1
atmosphere	1
spunky	1
puissant	1
fingersthere	1
complexion	1
washboilers	1
danes	1
rubbing	1
cognac	1
pro	1
holdbacks	1
adorationfrank	1
squeezing	1
flinn	1
bluff	1
criticism	1
tossing	1
reddishyellow	1
sauerkraut	1
sunset	1
fan	1
message	1
pew	1
permission	1
outbuildings	1
plover	1
dewdrenched	1
crusts	1
reproachfully	1
wooers	1
strokes	1
teased	1
deepset	1
kicks	1
seeah	1
bryan	1
model	1
extinct	1
vibrate	1
millys	1
judgment	1
shatter	1
penance	1
togetherhe	1
weaving	1
morgan	1
watered	1
burnt	1
unreasonable	1
lunch	1
defiling	1
irreproachable	1
princes	1
buckle	1
lucky	1
stag	1
saved	1
management	1
hogtight	1
means	1
thirst	1
wonderful	1
vagueness	1
spry	1
wondering	1
bristles	1
staring	1
wraps	1
shear	1
pullman	1
rehearsing	1
flapped	1
vexed	1
stairway	1
humbly	1
torture	1
industrious	1
revelation	1
strivings	1
crippled	1
consented	1
root	1
hedging	1
attach	1
ginger	1
brows	1
chest	1
marbles	1
descriptions	1
games	1
hitched	1
wayward	1
drumming	1
sunk	1
guiltily	1
brave	1
telegraph	1
considerable	1
faded	1
shoemaker	1
tide	1
control	1
entertained	1
undivided	1
higher	1
footpath	1
september	1
loans	1
scales	1
michigana	1
wastes	1
crawling	1
bluntly	1
cedars	1
sharply	1
earrings	1
enabled	1
bluish	1
conventions	1
damn	1
voices	1
cornstalk	1
communicants	1
uneasy	1
herwhat	1
wayemil	1
dolls	1
grandfathers	1
wave	1
trooping	1
affront	1
luxuriously	1
flapping	1
caring	1
entrusted	1
rhythmical	1
farmhands	1
experimented	1
breathless	1
forest	1
hoarhound	1
relentless	1
fastand	1
pride	1
bully	1
mis	1
timber	1
swells	1
chinapainting	1
cholera	1
pointedly	1
champagne	1
neckties	1
forsaken	1
brick	1
effectually	1
mirrors	1
redheaded	1
boyhe	1
pretend	1
follies	1
osage	1
bitterer	1
rememberperhaps	1
gull	1
huntsmen	1
dispersed	1
reads	1
delicacies	1
wring	1
threshing	1
manager	1
tail	1
improved	1
lid	1
sanguine	1
delicately	1
appetite	1
joyfully	1
lobes	1
claws	1
flight	1
enigma	1
mariaaa	1
toy	1
begging	1
haggard	1
steel	1
unimportant	1
granted	1
alarmed	1
poked	1
whipped	1
praying	1
clumsy	1
sketchesdone	1
flustered	1
clairvoyante	1
problems	1
diaz	1
press	1
sanded	1
chanced	1
louise	1
berquists	1
vaguer	1
semblance	1
lifetime	1
quilted	1
gopher	1
forehandedness	1
screen	1
argued	1
sympathetic	1
brighams	1
vestibule	1
wednesday	1
study	1
diet	1
squares	1
staggering	1
unusable	1
encourage	1
thereold	1
crystallize	1
briefly	1
likea	1
deliver	1
discussions	1
wounded	1
invisible	1
energy	1
contralto	1
laborious	1
eyelash	1
humping	1
newspaper	1
remarked	1
breathes	1
eligible	1
turks	1
deferred	1
slashed	1
exalted	1
acre	1
delicious	1
warrant	1
helpful	1
calves	1
blink	1
echoed	1
courageously	1
serenity	1
toveskys	1
reform	1
shares	1
instead	1
wherever	1
vegetable	1
myriads	1
secure	1
porfirio	1
threateningly	1
inquiringly	1
excitedly	1
fruitless	1
results	1
sash	1
mourning	1
milked	1
hunter	1
bustling	1
ravine	1
attempts	1
markets	1
cuts	1
consciousness	1
acquired	1
groceries	1
tolerantly	1
preening	1
leading	1
hotfoot	1
felthow	1
presence	1
instigated	1
background	1
ulster	1
worshipers	1
gnawed	1
huss	1
bands	1
chunks	1
gloomily	1
icecream	1
encircled	1
exasperated	1
pays	1
belted	1
ashesofrose	1
frock	1
conscious	1
uprooting	1
overtaxed	1
paintings	1
bath	1
district	1
handle	1
affectation	1
grace	1
bow	1
bluegrass	1
heartless	1
merciful	1
scrubby	1
sounded	1
notes	1
gleams	1
firing	1
cheerfullooking	1
pooh	1
wit	1
sticky	1
swagger	1
bewildering	1
stripping	1
scare	1
malaria	1
ticked	1
subconscious	1
grassy	1
stormy	1
trunks	1
appointed	1
card	1
fallow	1
graze	1
plains	1
also	1
blond	1
sharpness	1
timothy	1
ivorycolored	1
blanketed	1
mine	1
successful	1
rectangle	1
lately	1
germination	1
ballads	1
shopkeepers	1
stooping	1
meaningly	1
fired	1
grin	1
sleepwalker	1
unsparing	1
rosemary	1
male	1
appreciates	1
flowermarkets	1
forbidthat	1
mens	1
plots	1
unnerve	1
coldly	1
speculate	1
jobs	1
wid	1
reconstruct	1
happier	1
premeditation	1
group	1
fixing	1
quicken	1
lingeringly	1
brunette	1
picking	1
fiestas	1
pump	1
sveden	1
cherriesthey	1
stumbling	1
dangling	1
nod	1
x	1
prattling	1
behalf	1
mourners	1
holiday	1
crossstitched	1
containing	1
benumbed	1
shop	1
stands	1
opposed	1
unfinished	1
rein	1
puffy	1
possess	1
despised	1
parishioners	1
habitation	1
sunflowers	1
longand	1
elder	1
shipbuilder	1
fastest	1
rotted	1
landlady	1
pallor	1
load	1
performed	1
hummed	1
fountains	1
slovenly	1
infatuation	1
witness	1
scratches	1
butt	1
acceleration	1
pinkstriped	1
distressed	1
countrymen	1
guardian	1
ascent	1
ado	1
governed	1
fortunate	1
proprietorship	1
search	1
portfolio	1
feather	1
keenly	1
places	1
repeat	1
tricky	1
rabbits	1
tops	1
digging	1
fairskinned	1
resolved	1
essentially	1
beergardens	1
convince	1
soldier	1
placeyour	1
jumping	1
sancta	1
sinks	1
foreshortened	1
pumpkins	1
uses	1
stupefy	1
poppies	1
nightshirt	1
handholds	1
girlnot	1
cinnamon	1
reprove	1
somethings	1
tinctured	1
giving	1
schoolteachery	1
fencing	1
board	1
whiter	1
interior	1
forge	1
december	1
intangible	1
greataunt	1
bundles	1
redbrick	1
kitchenwhere	1
freethinkers	1
division	1
symptoms	1
entreatingly	1
hardiest	1
fears	1
narrowchested	1
eggboxes	1
carpenter	1
trotting	1
bigoted	1
workfellows	1
churn	1
nun	1
fretfully	1
elm	1
acuter	1
preserving	1
threedays	1
cornhusking	1
sheets	1
goodnatured	1
conformation	1
mixingboard	1
ineffable	1
result	1
sonhence	1
council	1
muddy	1
uneventful	1
americans	1
processes	1
glorious	1
buckboard	1
merchandise	1
outofdoors	1
bounced	1
christened	1
charged	1
yourselves	1
conscientiously	1
withdraw	1
blankly	1
coreopsis	1
exotic	1
loafer	1
headstone	1
rapturously	1
pursing	1
bolted	1
spoons	1
disgraced	1
innocent	1
lamplight	1
passion	1
shudder	1
retraced	1
differences	1
burr	1
hotels	1
temperament	1
bathe	1
contents	1
flow	1
typewriter	1
dramatic	1
unprincipled	1
sighted	1
spree	1
mistaken	1
seedcorn	1
halfhours	1
pitching	1
clucking	1
paradis	1
fatal	1
lobby	1
sarcastically	1
toil	1
mad	1
bends	1
accord	1
sharper	1
scuttled	1
winters	1
nebraska	1
saluting	1
mends	1
judge	1
success	1
currant	1
cannibals	1
influence	1
ottoman	1
precipitated	1
shoestring	1
address	1
eleventh	1
accountbooks	1
picnic	1
mischance	1
torrents	1
swallowed	1
burlington	1
tickled	1
pointing	1
cardtable	1
resigned	1
shorter	1
enjoy	1
herat	1
hugging	1
zenias	1
entreating	1
project	1
jug	1
inflection	1
frames	1
sixth	1
tilth	1
dathonest	1
laden	1
interferences	1
envelope	1
suspicious	1
steadfast	1
overseeing	1
shortsighted	1
plastered	1
plums	1
western	1
talents	1
blazing	1
scratch	1
t	1
languidly	1
lande	1
crumbling	1
progressed	1
hayloft	1
mariaalways	1
despondent	1
xi	1
flutteringly	1
ray	1
faintest	1
blackeyed	1
sews	1
situations	1
chewing	1
boat	1
protected	1
honestly	1
afforded	1
unnecessary	1
aches	1
bleak	1
discontent	1
seasons	1
brighteyed	1
annies	1
purchases	1
conceded	1
thumping	1
painfully	1
dying	1
chainuntil	1
stuffs	1
confidence	1
tramp	1
southward	1
supposing	1
eva	1
plumage	1
chalky	1
mes	1
disgrace	1
foresight	1
climate	1
sickening	1
rush	1
pleadingly	1
guesses	1
ceremony	1
hitches	1
herod	1
germs	1
clapped	1
soar	1
haul	1
wits	1
idling	1
cats	1
postman	1
chapter	1
oldtime	1
tempts	1
uninterrupted	1
assisted	1
intercepted	1
closet	1
rossini	1
millions	1
longfellows	1
refracted	1
badger	1
perished	1
loading	1
furrows	1
urban	1
parties	1
freshie	1
penetrated	1
flytime	1
wiry	1
covering	1
campus	1
destined	1
adviser	1
changing	1
glumly	1
drives	1
pleasantest	1
luxuriant	1
preparations	1
coatless	1
sewingbasket	1
perpetual	1
mustached	1
benches	1
stern	1
pinkcheeked	1
passionate	1
wretched	1
melon	1
plump	1
corpulent	1
cordially	1
butter	1
subdue	1
closes	1
himshe	1
cadets	1
shaft	1
harvests	1
evidence	1
task	1
unscrupulous	1
dusky	1
shaded	1
loud	1
hitchbar	1
devout	1
guessed	1
spoil	1
underneath	1
blottingpaper	1
kinda	1
continual	1
commanded	1
enlist	1
disgraceful	1
prosper	1
latter	1
cheerfully	1
franknow	1
gloomy	1
poker	1
buttermaking	1
rapped	1
prey	1
trains	1
crown	1
weaves	1
phrase	1
overalls	1
distractedly	1
prune	1
egg	1
sunbaked	1
nieces	1
reddish	1
fade	1
swelling	1
rustling	1
searchingly	1
ounce	1
footbath	1
overgrown	1
moananothersilence	1
rio	1
daub	1
flavoring	1
maam	1
slightest	1
allowances	1
teams	1
trance	1
glove	1
crib	1
embroidered	1
emerge	1
calls	1
puttin	1
whereas	1
vaulted	1
agin	1
interlacing	1
nightgown	1
handing	1
catalogue	1
worthily	1
southwest	1
governor	1
valleys	1
spoken	1
pet	1
asparagus	1
bake	1
conversation	1
christ	1
grateful	1
mouths	1
supple	1
windbreaks	1
blossoms	1
bedecked	1
taxes	1
clap	1
flame	1
coaxed	1
pompadoured	1
spirits	1
shouldermotion	1
overripe	1
lazy	1
preference	1
liberal	1
calendars	1
bookmarks	1
cowardly	1
saga	1
drifting	1
whistle	1
clambering	1
panes	1
tottering	1
resoluteness	1
complete	1
accountbook	1
twine	1
adjusted	1
blur	1
terriblesmelling	1
cell	1
cleverness	1
drilled	1
cockfights	1
petulance	1
kinsmen	1
domestic	1
rapturous	1
irony	1
ora	1
jauntily	1
maake	1
windowshelves	1
stubborn	1
drain	1
selfdefense	1
towheaded	1
engineer	1
stamps	1
lounged	1
fruitlong	1
smokingcars	1
laconically	1
spiderwebs	1
slept	1
choking	1
protested	1
onlyivars	1
stovepipe	1
crossstitch	1
cheering	1
housewife	1
wagonseat	1
trap	1
checkerboard	1
rusty	1
auctioneer	1
leafy	1
prays	1
anxiously	1
seniors	1
townthe	1
goose	1
projects	1
bertie	1
police	1
overcoats	1
mein	1
communicative	1
hopeless	1
fraternity	1
france	1
hooting	1
operate	1
permitted	1
dearest	1
conception	1
fierceness	1
pity	1
traveled	1
toys	1
unappreciative	1
yelly	1
numb	1
swaggered	1
timidity	1
cloudy	1
farmwork	1
tallest	1
horny	1
waxen	1
strangest	1
blooming	1
moaning	1
hardwon	1
soothing	1
relented	1
suited	1
tight	1
desire	1
demoralized	1
reverie	1
drawings	1
hardness	1
roadbed	1
expresses	1
objects	1
vigor	1
crocheting	1
pleasantly	1
blessing	1
soaring	1
necessity	1
gazed	1
steam	1
larkspur	1
presently	1
farfetched	1
rheumatism	1
overland	1
threshingmachine	1
wheatlands	1
gentle	1
dwellings	1
mower	1
bandy	1
cents	1
limply	1
finery	1
smokes	1
complicated	1
triangle	1
laying	1
reasonable	1
upland	1
gates	1
teasingly	1
plunged	1
concert	1
dined	1
twinkle	1
mark	1
homeward	1
boughs	1
glossy	1
git	1
catholics	1
opportunities	1
washerwomans	1
simultaneous	1
hundreds	1
grumbling	1
trimming	1
larked	1
favor	1
introduced	1
restrain	1
silvering	1
eighteen	1
ripples	1
punished	1
hungry	1
midnight	1
dumplings	1
plucky	1
norfolk	1
disgusted	1
hollow	1
sulking	1
againhe	1
island	1
criminal	1
flicking	1
deliberation	1
feller	1
sweetest	1
attack	1
mais	1
mill	1
overworked	1
bearings	1
pianny	1
housekeeper	1
staggered	1
stairs	1
clown	1
kindle	1
egotistical	1
yard	1
taught	1
thicker	1
powder	1
hoops	1
duchesnes	1
vertigo	1
watercolor	1
cigarmakers	1
une	1
peculiarly	1
horsemen	1
withered	1
rained	1
allsuffusing	1
acreit	1
volumes	1
discover	1
appear	1
locally	1
drooping	1
speculated	1
smoked	1
caps	1
seedcucumbers	1
aware	1
distant	1
mumbling	1
anxious	1
impertinence	1
attitudes	1
disaster	1
knife	1
impressed	1
whisper	1
knit	1
warmhearted	1
twisted	1
comfortloving	1
pews	1
shrieks	1
kicked	1
providence	1
hookah	1
exceptyourself	1
shaved	1
channel	1
wisp	1
losing	1
privately	1
donc	1
scrub	1
waash	1
punchbowls	1
kate	1
reputed	1
swill	1
plat	1
extravagances	1
squinted	1
instincts	1
scent	1
unnaturally	1
dreadfully	1
citybred	1
pecks	1
forgave	1
received	1
twitter	1
xii	1
sticking	1
funds	1
trusts	1
interstate	1
sufficiently	1
cigarettes	1
brighter	1
pins	1
chirp	1
sack	1
haymow	1
wander	1
rivers	1
health	1
brink	1
affair	1
satisfying	1
machinery	1
tipped	1
joiners	1
racing	1
officer	1
glancing	1
emphasize	1
roamed	1
coyote	1
panic	1
uppish	1
bordelau	1
yaw	1
graduating	1
murdered	1
bravely	1
buck	1
carotid	1
squeeze	1
anchored	1
seconds	1
cords	1
cast	1
agreed	1
whiteness	1
throat	1
episcopal	1
collars	1
morally	1
dared	1
perceptible	1
responsibilities	1
coaxing	1
lessons	1
parks	1
pool	1
steer	1
warmly	1
humbled	1
twinkled	1
skepticism	1
landdo	1
broomstraw	1
comrade	1
germless	1
weathervanes	1
lustrous	1
regularity	1
earlier	1
distinctly	1
shant	1
scholar	1
rushing	1
object	1
laughs	1
stupidly	1
indulging	1
recklessly	1
tread	1
horsedoctoring	1
locust	1
turquoises	1
abominated	1
belief	1
quality	1
pounded	1
cambric	1
roughly	1
fortnight	1
talented	1
groaned	1
mania	1
ridicule	1
pauses	1
design	1
mated	1
shellgame	1
riddled	1
welled	1
sheaf	1
foreigner	1
ironing	1
subject	1
guest	1
birch	1
cleaned	1
henceforth	1
killing	1
notamuch	1
contentedly	1
outrage	1
cupboard	1
speaks	1
cornplanting	1
odds	1
shipbuilders	1
concerned	1
surroundings	1
motioned	1
squat	1
brandished	1
suits	1
safer	1
stair	1
fortysix	1
roused	1
works	1
secret	1
bless	1
volley	1
doings	1
streak	1
whimsical	1
owls	1
attentively	1
snort	1
searching	1
seafaring	1
mutilated	1
prehistoric	1
musician	1
befallen	1
mercilessly	1
revealed	1
abed	1
danish	1
youmore	1
timed	1
hind	1
political	1
fret	1
blotted	1
slowest	1
knowbut	1
sureness	1
chirping	1
inarticulate	1
snap	1
clod	1
crept	1
twentytwo	1
senses	1
nephews	1
depend	1
fragrance	1
killed	1
possibilities	1
tomatoes	1
agreeable	1
peering	1
feverishly	1
bargain	1
womenfolks	1
woulda	1
superintendent	1
highheeled	1
manure	1
authority	1
rack	1
tramped	1
workteams	1
meekly	1
grandmother	1
exorbitant	1
salt	1
bone	1
pleasures	1
spill	1
fertility	1
denominations	1
staircase	1
shelter	1
palm	1
drawing	1
identity	1
bridegroom	1
represented	1
healthylooking	1
teacher	1
certain	1
closetshelf	1
murmur	1
tubes	1
gelding	1
heat	1
straits	1
peck	1
advent	1
snowstorms	1
peg	1
freely	1
beheld	1
easygoing	1
swollen	1
sought	1
warranted	1
chincebugs	1
bah	1
windmills	1
operated	1
stains	1
sheet	1
anybodys	1
sleepy	1
smacked	1
statement	1
appropriate	1
cautious	1
hawk	1
yawned	1
maintain	1
filth	1
spontaneous	1
reflection	1
gaunt	1
fur	1
duty	1
waters	1
selfpossession	1
scolds	1
agitators	1
resented	1
truthful	1
easel	1
adams	1
ordeal	1
goldfields	1
worldly	1
fastened	1
infirmity	1
fasts	1
experiments	1
astonish	1
distemper	1
overheard	1
cleared	1
tiger	1
deserves	1
highstrung	1
smoking	1
questionable	1
bluster	1
spasmodically	1
repeated	1
eminence	1
salty	1
rumpled	1
period	1
contented	1
reconciled	1
hedgerows	1
struble	1
woven	1
incapable	1
suspenders	1
concoction	1
amazonian	1
eating	1
borrowing	1
hectorine	1
cavalcade	1
cope	1
lisleadam	1
etc	1
disappointment	1
sholte	1
lowgrowing	1
reflecting	1
crushed	1
lowspirited	1
stoop	1
yearly	1
jaded	1
callers	1
throbbed	1
idle	1
sidewise	1
commandments	1
mantillas	1
authorities	1
painter	1
agitation	1
ladle	1
emptiness	1
entrust	1
cathedral	1
bellowed	1
absolutely	1
form	1
yearned	1
beadlike	1
glowering	1
solitary	1
martyrs	1
treasure	1
nightmoth	1
saucy	1
probity	1
favorite	1
rome	1
plowed	1
reflect	1
union	1
noobis	1
fooled	1
plasters	1
opinion	1
insides	1
toe	1
amazed	1
mirth	1
bedtime	1
headed	1
accordingly	1
moccasins	1
tigereye	1
member	1
churlish	1
abused	1
wailed	1
bodies	1
artillery	1
pot	1
closely	1
goal	1
inconceivable	1
knelt	1
midoctober	1
timidly	1
sometimesthey	1
loveaffairs	1
professor	1
bleached	1
pace	1
conflicting	1
starlight	1
frenzy	1
exchanged	1
trading	1
sweethearts	1
permanence	1
penances	1
stabbed	1
rapid	1
hoot	1
lovering	1
bury	1
admired	1
errands	1
pencils	1
daydream	1
disapproved	1
lincolnbut	1
solicitude	1
againa	1
meaning	1
colder	1
lapcover	1
cashmere	1
grandma	1
bend	1
snapped	1
affliction	1
hostess	1
sickness	1
approach	1
homemade	1
lemon	1
dirt	1
woke	1
flooded	1
greenandwhite	1
lining	1
incredulously	1
advancing	1
asking	1
fourteen	1
aside	1
liquid	1
latherstained	1
hem	1
overheating	1
pardoned	1
slighter	1
practise	1
plucking	1
mentioned	1
humor	1
painstaking	1
somewhat	1
crusoe	1
captain	1
oughta	1
withdrew	1
blacker	1
straps	1
dig	1
bruises	1
bothering	1
secretcarl	1
tug	1
nota	1
hushed	1
herbs	1
illustrated	1
hideous	1
skittish	1
electrical	1
neglect	1
lightning	1
bodice	1
genially	1
hayfield	1
scattered	1
encouraged	1
westward	1
shoetops	1
skinning	1
adored	1
itfor	1
dreamers	1
retired	1
ducking	1
predisposed	1
proficient	1
hardened	1
overfurnished	1
papered	1
battleship	1
praise	1
cough	1
hilly	1
promised	1
plush	1
abuse	1
bridges	1
hedges	1
lather	1
differently	1
ladies	1
wiser	1
reforms	1
widened	1
experiences	1
halfmoon	1
mist	1
sucha	1
jewel	1
prudently	1
poultry	1
unmarriedoh	1
equally	1
malvinas	1
rumpling	1
encouragingly	1
hue	1
snatch	1
accent	1
manbut	1
scandinavian	1
garcons	1
trampled	1
gallanthearted	1
angel	1
unlacing	1
josephine	1
softer	1
bottle	1
maimed	1
pinched	1
chicken	1
indignant	1
bacon	1
rattlesnake	1
catching	1
matador	1
suggestion	1
questioningly	1
kerosene	1
grumpy	1
breastpocket	1
afraidgod	1
cork	1
impervious	1
prolonged	1
nose	1
vividly	1
giggling	1
jollying	1
advised	1
balanced	1
venez	1
murderous	1
hitchbars	1
biggest	1
fodder	1
bartender	1
stationary	1
emblems	1
foreman	1
released	1
firefly	1
sorrowing	1
straying	1
thingswhat	1
angles	1
sendeth	1
fabien	1
abreast	1
verra	1
blows	1
steers	1
perplexing	1
valuable	1
tidy	1
experimenting	1
sage	1
italian	1
arrangement	1
globules	1
wellwater	1
ouch	1
illhumor	1
flung	1
nightcaps	1
probability	1
delicatessen	1
graduation	1
submission	1
gratifying	1
hum	1
tangles	1
nurtured	1
puffed	1
birthday	1
preserves	1
sovereign	1
owns	1
geliebtest	1
pyrography	1
splotches	1
relations	1
kitchens	1
jerked	1
complaint	1
sensation	1
backs	1
accountbloody	1
reinforced	1
cabbagestalks	1
nap	1
conjecture	1
wickedly	1
waking	1
sprinkle	1
shown	1
succeed	1
clearing	1
pincushions	1
complained	1
tested	1
chestnutcolored	1
veritable	1
ownand	1
sensitized	1
carpeted	1
eventually	1
tactful	1
unremitting	1
desperately	1
measured	1
forgiven	1
habitable	1
overlooked	1
placid	1
stallion	1
tables	1
goldstone	1
huddled	1
families	1
illused	1
candidly	1
alert	1
principal	1
despondency	1
traded	1
sullen	1
wistful	1
landowners	1
painted	1
stork	1
wrapping	1
noisily	1
russianshalf	1
mealtime	1
baptistes	1
removed	1
tripped	1
absorbing	1
listlessly	1
patched	1
brief	1
sells	1
hail	1
encounters	1
sharpening	1
husbands	1
missionaries	1
dwelling	1
swiss	1
crocheted	1
contained	1
moodily	1
storms	1
graduates	1
overwork	1
considerably	1
directions	1
filthy	1
discontented	1
forcing	1
psalm	1
innocents	1
patting	1
trim	1
vision	1
reconciles	1
intentness	1
dressing	1
nudged	1
wheatcutting	1
rhubarb	1
coveted	1
tracks	1
winterand	1
salute	1
rifle	1
someway	1
marigolds	1
certainty	1
splitting	1
thickly	1
lombardy	1
contentment	1
updirectly	1
indifferent	1
example	1
liddle	1
slumber	1
sewn	1
trials	1
feels	1
foreclosures	1
chains	1
chilly	1
discus	1
disposing	1
purify	1
blackingboxes	1
chris	1
frenchman	1
wagonroad	1
pouring	1
distinguishedlooking	1
fivefeetfive	1
bloom	1
shrunken	1
graciously	1
practical	1
doctored	1
overhanging	1
elders	1
seguin	1
litter	1
cleanness	1
rigor	1
predicament	1
greenaway	1
payments	1
platte	1
plaid	1
scolded	1
uncovered	1
resent	1
absent	1
airthe	1
interval	1
weakness	1
gayety	1
tanned	1
handwerkers	1
nowadays	1
creatures	1
unheeded	1
halfway	1
winchester	1
disturbed	1
jerusalem	1
wrist	1
candlesticks	1
courted	1
jennings	1
moonlit	1
soothingly	1
cares	1
savante	1
mustard	1
hurting	1
czechs	1
richest	1
citrons	1
rock	1
blinded	1
carrie	1
strides	1
rebellious	1
disregarding	1
fiddle	1
veils	1
distinguish	1
editor	1
chatter	1
afterglow	1
penny	1
blackedged	1
poured	1
coppertoed	1
soldiers	1
stray	1
firm	1
cured	1
cage	1
truth	1
temptation	1
commit	1
colorado	1
plantations	1
destruction	1
definitely	1
swiftly	1
unspoken	1
visiting	1
perfume	1
grief	1
shelving	1
demon	1
colorless	1
mornings	1
prepared	1
awe	1
lung	1
versethe	1
lumber	1
admiration	1
slippery	1
unconquered	1
napoleon	1
height	1
masts	1
foxs	1
athletic	1
earthen	1
quarrel	1
rushed	1
trails	1
dreama	1
intermingled	1
drop	1
percy	1
oldfashioned	1
legend	1
swell	1
trimness	1
fuzz	1
disconcerting	1
breeze	1
indolent	1
unconventional	1
mane	1
divine	1
incredulous	1
resources	1
pitchfork	1
nights	1
yoke	1
waits	1
testament	1
malvinawhy	1
reeked	1
growth	1
affectionately	1
mournfulness	1
reassuring	1
baritone	1
report	1
offishness	1
grub	1
goaded	1
chuckled	1
career	1
platform	1
echo	1
haphazard	1
plaintively	1
signaled	1
bubbles	1
highway	1
selfcentred	1
flagged	1
counsel	1
fortify	1
buzzed	1
fortuneteller	1
triangular	1
frighten	1
carries	1
income	1
coffeecups	1
barracks	1
buggies	1
radiant	1
wasted	1
indulgence	1
beaten	1
claim	1
ponds	1
busily	1
pioneers	1
bribes	1
selfconscious	1
stout	1
stolidly	1
sunnier	1
browner	1
jerk	1
tool	1
therell	1
solitude	1
explain	1
uneasiness	1
aggressive	1
waving	1
hooooo	1
inexhaustible	1
strawstacks	1
heed	1
giddy	1
thronged	1
slip	1
spite	1
homesick	1
porous	1
smelled	1
flutter	1
seeming	1
weakening	1
pan	1
peeped	1
whip	1
propertyowner	1
blandly	1
halls	1
falsetto	1
lithe	1
recumbent	1
strike	1
ties	1
woodengraving	1
bywell	1
raised	1
cutting	1
seriously	1
variety	1
mending	1
activity	1
eddying	1
pack	1
pretended	1
proper	1
crack	1
amid	1
merchants	1
drowsily	1
hens	1
lovetokens	1
crow	1
oblige	1
nations	1
slaty	1
rented	1
gladiators	1
insignificant	1
worship	1
strewn	1
energetic	1
wages	1
teeming	1
drugstore	1
darned	1
youand	1
opinions	1
brag	1
proposal	1
disease	1
steadying	1
affected	1
emotions	1
ericson	1
remembers	1
tugs	1
whipping	1
marks	1
weak	1
housework	1
borne	1
swish	1
clucked	1
boyish	1
enviable	1
butlers	1
settlers	1
uncertainly	1
resolute	1
dawson	1
immune	1
costumes	1
whoever	1
patois	1
unusually	1
rocks	1
security	1
hector	1
receive	1
bathhouse	1
fishing	1
petted	1
diminishing	1
affectations	1
truer	1
orphan	1
troop	1
dreamy	1
arranging	1
nightcap	1
habitations	1
medicine	1
dwarf	1
dynamite	1
twentythree	1
russian	1
bluegreen	1
fare	1
hastily	1
secured	1
shadehat	1
gentleness	1
flask	1
miser	1
mineral	1
unwound	1
itan	1
budge	1
pour	1
tres	1
digression	1
smartly	1
fold	1
sincerely	1
tableland	1
regardless	1
trimmed	1
snipe	1
clamored	1
downhearted	1
encounter	1
slides	1
convention	1
denote	1
poison	1
resolution	1
fatten	1
training	1
buffalo	1
striven	1
damp	1
bracing	1
sentence	1
shops	1
moaned	1
buffalopea	1
cake	1
watchcase	1
unconsciously	1
plates	1
scold	1
pronounced	1
boats	1
housewives	1
eight	1
indecorous	1
loosely	1
declaring	1
seventies	1
excuse	1
mam	1
races	1
reassuringly	1
squarely	1
helplessly	1
scrape	1
unfair	1
cranky	1
daddy	1
renowned	1
sentenceten	1
windowshelf	1
demonstrate	1
troubles	1
awaken	1
desert	1
gounods	1
likeness	1
admirers	1
supported	1
jean	1
tie	1
dies	1
crayon	1
freshness	1
thanked	1
dressshe	1
exclamation	1
bout	1
winced	1
bureau	1
lebanon	1
roughlooking	1
dwelt	1
poke	1
omitted	1
loss	1
chapters	1
beginnings	1
stroke	1
fatalist	1
acted	1
owe	1
frets	1
dimming	1
connections	1
germany	1
motion	1
stained	1
oui	1
otherwise	1
loaned	1
hymn	1
sends	1
concern	1
hit	1
jumpingmatch	1
trickled	1
cover	1
mewed	1
greater	1
calloused	1
devil	1
weakly	1
heavier	1
danced	1
glimmering	1
undergone	1
proficiency	1
gilded	1
cavern	1
mixing	1
northwest	1
crooned	1
halfsections	1
charley	1
jaw	1
spotted	1
chief	1
replaced	1
cultivator	1
preferred	1
pieced	1
barons	1
wrinkles	1
corrupt	1
danger	1
flash	1
forgetfulness	1
silently	1
seizure	1
hook	1
breaks	1
disporting	1
flesh	1
stoutly	1
unbleached	1
heaviest	1
reverent	1
enterprises	1
grouped	1
cest	1
playfully	1
reluctantly	1
unfriendly	1
contentalexandra	1
meeting	1
kirtle	1
kin	1
gud	1
halfpast	1
forgit	1
lovelorn	1
expense	1
especial	1
etes	1
illness	1
dialogue	1
pine	1
crest	1
peel	1
seehe	1
cavalry	1
sidelong	1
spices	1
medees	1
unpleasantly	1
spectators	1
markings	1
stalks	1
greet	1
suds	1
grievance	1
vines	1
tippet	1
third	1
ducked	1
overwhelm	1
prudent	1
crouching	1
toughest	1
arbor	1
tar	1
tonic	1
wrinkled	1
joked	1
unhappiness	1
trampling	1
gullies	1
existence	1
dimly	1
hooooooo	1
ix	1
frenchies	1
sucking	1
grasstufted	1
tender	1
twitched	1
farmboy	1
klondike	1
exterminated	1
famous	1
rank	1
bareheaded	1
practised	1
schooldays	1
steamer	1
helps	1
sliding	1
carriages	1
homewards	1
deprive	1
wrench	1
printing	1
mewing	1
fly	1
outen	1
lukewarm	1
flour	1
kourdnas	1
whilehalf	1
colt	1
tray	1
gratified	1
robe	1
lids	1
unslung	1
playful	1
exert	1
naturalness	1
sweepingbroom	1
nest	1
circumstances	1
seventeen	1
hugged	1
plucked	1
skull	1
hillocks	1
rutted	1
bobbing	1
leader	1
extinguished	1
jam	1
anyone	1
adapting	1
monday	1
rejoicing	1
taake	1
sorrowful	1
critically	1
nough	1
alfalfafield	1
likethose	1
seal	1
impetuously	1
enterprise	1
embarrassed	1
unescapable	1
dam	1
halfhearted	1
shallowhearted	1
polite	1
wake	1
beenbut	1
abandonedly	1
odd	1
tormented	1
institution	1
cousin	1
crazier	1
portrait	1
raining	1
confessed	1
reflectively	1
fussing	1
smote	1
glints	1
partitioned	1
forwards	1
rages	1
orchardit	1
shameless	1
overheated	1
disheveled	1
understands	1
sap	1
nail	1
straightened	1
sundown	1
barren	1
vague	1
challenged	1
mechanically	1
clouded	1
prisonhouse	1
grieved	1
stirring	1
swale	1
volubility	1
similar	1
las	1
ornament	1
quench	1
adventures	1
playfellow	1
bewildered	1
cook	1
strikingly	1
comforter	1
sounding	1
placing	1
tenderhearted	1
settling	1
horseback	1
baseball	1
misfitted	1
enchanted	1
corked	1
gingham	1
gossiping	1
import	1
harnessed	1
y	1
whimpering	1
tying	1
ridden	1
woolens	1
thunder	1
attractive	1
christians	1
grasp	1
confirmed	1
wrappingpaper	1
brass	1
poem	1
leadcolored	1
sadie	1
fixedly	1
altar	1
distinguished	1
twirled	1
battery	1
adds	1
dwellinghouses	1
honor	1
uttered	1
motherinlaw	1
colts	1
blizzard	1
announce	1
chain	1
hurts	1
strain	1
outwardly	1
gossip	1
crescent	1
drooped	1
chubby	1
welling	1
spread	1
chez	1
mottled	1
snowflakes	1
frithjof	1
marched	1
musical	1
inches	1
skirted	1
sharpen	1
dare	1
artery	1
appendicitis	1
sooner	1
deepest	1
disapproval	1
mail	1
despairing	1
tiresome	1
tempt	1
geologic	1
guilty	1
sadness	1
chromo	1
frostbitten	1
foundations	1
backward	1
amiably	1
cronies	1
hewn	1
maplike	1
depressing	1
thrill	1
resourcefulness	1
ash	1
estate	1
ablutions	1
signals	1
lend	1
matters	1
ages	1
locksmiths	1
shafts	1
swifter	1
springs	1
ecstasy	1
lawyers	1
ain	1
lurching	1
parish	1
finding	1
unclean	1
pig	1
slightly	1
relation	1
lace	1
weekly	1
magic	1
doubtfully	1
frontier	1
sacred	1
gottland	1
gentleman	1
pondand	1
overlooking	1
musing	1
oldworld	1
presented	1
feathery	1
illfortune	1
economy	1
mechanical	1
variegated	1
doll	1
pompadour	1
undertake	1
unsatisfied	1
d	1
thoughtless	1
plowshare	1
relaxation	1
poles	1
il	1
vigorous	1
tidiness	1
droll	1
gauntlets	1
desirable	1
tailors	1
engravings	1
penalty	1
noticing	1
farmgirls	1
sandburr	1
downed	1
occasion	1
fox	1
sauntered	1
knuckles	1
eyebrow	1
destroyed	1
northward	1
lark	1
hummocks	1
asses	1
reasons	1
daguerreotypes	1
site	1
mieklejohns	1
destroy	1
vastness	1
band	1
nuts	1
areand	1
