the	3169
and	1940
to	1700
a	1401
of	1324
he	1263
in	1035
was	1011
i	899
his	881
it	879
that	795
had	738
you	595
with	538
for	483
on	436
him	379
but	371
her	369
at	356
as	346
were	328
she	313
they	306
when	297
have	287
we	275
up	266
about	265
out	258
all	256
me	253
there	246
be	244
not	234
st	229
my	228
would	225
one	221
so	214
them	214
peter	214
from	208
been	205
like	203
this	178
is	172
by	171
if	169
an	168
very	164
down	160
little	155
could	147
its	146
no	140
your	139
never	137
into	133
said	133
went	133
what	128
do	124
old	124
or	122
back	120
than	117
over	117
Â 	114
get	113
came	113
professor	113
our	110
are	108
got	108
their	107
louie	106
some	104
just	104
didnt	104
more	104
know	103
house	102
after	102
any	102
always	102
much	100
see	100
who	99
made	98
before	97
time	97
go	96
how	95
come	94
good	91
well	91
man	91
mrs	88
us	88
dont	87
too	87
tom	85
which	84
where	82
work	81
things	79
off	78
took	78
can	78
mesa	78
did	77
think	76
way	76
two	75
something	75
now	74
thought	74
only	73
long	73
new	72
going	71
make	70
must	70
here	70
first	69
years	68
people	68
then	67
put	66
life	66
augusta	65
thing	65
crane	64
seemed	63
wife	62
told	62
take	62
knew	60
day	59
ever	59
found	59
money	58
through	58
blake	58
great	58
nothing	58
im	57
night	57
such	57
without	57
rosamond	56
outland	55
away	55
while	55
began	55
id	54
summer	54
looked	54
other	54
face	53
used	53
young	53
morning	53
why	53
along	52
own	52
will	52
oh	51
scott	51
father	50
anything	49
again	49
family	49
might	49
though	48
home	48
many	48
those	48
ive	47
room	47
boy	47
himself	46
want	46
even	46
say	46
hand	45
because	45
once	45
under	44
couldnt	44
right	44
lillian	44
eyes	43
left	43
kind	43
mind	42
head	42
enough	42
turned	41
upon	41
another	41
often	41
give	40
done	40
everything	40
every	40
brought	39
water	39
keep	39
blue	38
canyon	38
study	38
wanted	38
yes	37
course	37
together	37
tell	37
light	37
place	37
days	37
kathleen	36
sat	36
asked	36
feel	36
gone	36
last	36
most	36
thats	36
better	35
wasnt	35
has	35
almost	35
marsellus	35
these	35
look	35
few	34
until	34
dinner	34
door	34
river	34
three	34
university	34
still	34
men	33
ill	33
country	33
behind	33
end	32
kept	32
let	32
city	32
world	32
felt	32
gave	32
ought	31
full	31
quite	31
really	31
cant	31
winter	31
next	31
rather	31
saw	31
wouldnt	30
coming	30
find	30
stood	29
feeling	29
matter	29
looking	29
against	28
heard	28
being	28
chapter	28
sir	28
mother	28
hard	27
should	27
godfrey	27
among	27
lake	27
dark	27
air	27
rock	27
fine	26
getting	26
side	26
black	26
else	26
hadnt	26
table	26
sometimes	26
may	26
round	26
live	26
lunch	26
sort	26
both	26
top	26
roddy	25
talk	25
nice	25
dear	25
hed	25
early	25
remember	25
doctor	25
across	24
deal	24
garden	24
same	24
called	24
best	24
taken	24
since	24
henry	24
cliff	24
wont	24
half	24
poor	24
alone	24
hes	23
theres	23
white	23
part	23
girls	23
stone	23
working	23
daughters	23
cattle	22
town	22
rosie	22
pretty	22
open	22
lay	22
wall	22
set	22
high	22
worked	22
use	22
happened	22
ask	22
red	22
big	21
doing	21
mexico	21
doesnt	21
trail	21
hamilton	21
gold	21
dr	21
woman	21
colour	21
deep	21
given	20
seen	20
myself	20
met	20
evening	20
floor	20
help	20
sun	20
toms	20
far	20
soon	20
hands	20
idea	20
mean	20
between	20
lost	20
hundred	20
rose	20
window	20
washington	20
cut	20
afternoon	20
lying	20
shoulders	20
care	20
children	19
interested	19
building	19
yet	19
cabin	19
four	19
living	19
husband	19
history	19
langtry	19
sure	19
warm	19
professors	19
held	19
beautiful	19
except	18
lived	18
afraid	18
youre	18
clothes	18
suppose	18
paris	18
kitty	18
read	18
am	18
hour	18
year	18
hair	18
coat	18
boys	18
front	18
trouble	18
chicago	18
beside	17
spanish	17
rest	17
mcgregor	17
spent	17
dropped	17
toward	17
stove	17
spoke	17
believe	17
liked	17
lot	17
feet	17
account	17
bright	17
letters	17
above	17
call	17
youll	17
voice	17
itself	17
certainly	17
chair	17
students	17
around	17
youd	17
bed	17
trying	17
outlands	17
soft	16
friends	16
friend	16
late	16
france	16
dollars	16
does	16
papers	16
stairs	16
possible	16
interest	16
each	16
moment	16
walked	16
several	16
week	16
nearly	16
understand	16
strong	16
perhaps	16
edgar	16
spring	16
duchene	16
having	16
heavy	16
least	16
happy	16
indeed	15
second	15
carried	15
sleep	15
hear	15
tarpin	15
bad	15
name	15
stay	15
wide	15
whole	15
low	15
probably	15
fellow	15
hat	15
grey	15
different	15
surely	15
pale	15
north	15
pay	15
daughter	14
talked	14
cliffs	14
yellow	14
noticed	14
unusual	14
walk	14
green	14
pocket	14
train	14
wind	14
begun	14
rosamonds	14
louies	14
making	14
seem	14
youve	14
watch	14
gas	14
during	14
change	14
wish	14
exactly	13
company	13
laboratory	13
papa	13
smithsonian	13
tried	13
try	13
important	13
turn	13
windows	13
however	13
small	13
whether	13
threw	13
real	13
french	13
tired	13
books	13
peters	13
older	13
longer	13
certain	13
arm	13
opened	13
paid	13
narrow	13
run	13
grew	12
nobody	12
proper	12
chin	12
ago	12
purple	12
altogether	12
need	12
show	12
horse	12
meant	12
indians	12
fact	12
covered	12
makes	12
changed	12
indian	12
camp	12
brother	12
patent	12
wait	12
bought	12
taking	12
hook	12
plain	12
weeks	12
glad	12
grown	12
sense	12
known	12
chance	12
pottery	12
ones	12
lectures	12
able	12
sky	12
mine	12
afterward	12
game	11
story	11
tower	11
clear	11
fellows	11
already	11
leave	11
isnt	11
shes	11
murmured	11
priest	11
outside	11
ran	11
reflected	11
comes	11
later	11
mouth	11
flat	11
cold	11
followed	11
edge	11
wed	11
picked	11
faculty	11
anyone	11
human	11
havent	11
spain	11
writing	11
houses	11
desk	11
flowers	11
generous	11
bank	11
thousand	11
clean	11
usually	11
ladies	11
anybody	11
smiled	11
built	11
fall	11
office	11
touch	11
tonight	11
oclock	11
fresh	11
bottom	10
cow	10
supposed	10
possibly	10
stopped	10
stuff	10
weather	10
empty	10
sold	10
plans	10
line	10
lie	10
twenty	10
fire	10
talking	10
close	10
remarked	10
personal	10
merely	10
considered	10
speak	10
nature	10
dead	10
walls	10
square	10
war	10
foolish	10
director	10
dress	10
book	10
hours	10
near	10
buy	10
share	10
becoming	10
yourself	10
forms	10
cavern	10
maybe	10
needed	10
besides	10
engagement	10
hanging	10
become	10
sit	10
job	10
street	10
laughed	10
business	10
growing	10
interesting	10
smile	10
south	10
please	10
less	9
broke	9
student	9
car	9
downstairs	9
reading	9
caught	9
success	9
smooth	9
bring	9
religious	9
person	9
marriage	9
break	9
others	9
cranes	9
bit	9
occurred	9
christmas	9
husbands	9
women	9
influence	9
carry	9
hot	9
grow	9
especially	9
plan	9
places	9
blanket	9
school	9
directly	9
box	9
inside	9
times	9
church	9
below	9
physics	9
suddenly	9
fur	9
upstairs	9
snow	9
hung	9
stayed	9
stones	9
eye	9
law	9
patterns	9
younger	9
breakfast	9
standing	9
trees	9
german	9
truth	9
write	9
either	9
seems	9
presently	9
discovery	9
straight	9
letter	9
youth	9
stranger	9
started	9
experiments	9
lose	9
plenty	9
case	9
word	9
miles	9
perfectly	9
fingers	9
marselluses	9
girl	9
state	9
foot	9
bag	9
running	9
death	9
five	9
wonder	9
months	9
finding	9
heart	9
wondered	9
shut	9
park	9
shall	9
kitchen	8
tribe	8
knows	8
werent	8
offered	8
point	8
notice	8
worn	8
struck	8
return	8
sight	8
smell	8
splendid	8
managed	8
seat	8
usual	8
herself	8
english	8
pleased	8
station	8
skin	8
large	8
pleasure	8
railroad	8
quickly	8
explained	8
rapp	8
easy	8
sea	8
hardly	8
pintildeons	8
carrying	8
engaged	8
drew	8
road	8
augustas	8
classes	8
cedars	8
cared	8
ugly	8
finished	8
drop	8
hurt	8
attention	8
habit	8
third	8
curious	8
grandfather	8
falling	8
grass	8
secretary	8
body	8
trunk	8
leaving	8
subject	8
none	8
duty	8
question	8
sound	8
free	8
luck	8
couch	8
taste	8
friendship	8
sorry	8
behaviour	8
rich	8
pinetrees	8
loved	8
also	8
named	8
themselves	8
order	8
sunday	8
pink	8
remembered	8
easily	8
arts	8
married	8
boat	8
somehow	8
evidently	8
eyebrows	8
hall	8
love	8
party	8
secret	8
lit	8
comfort	8
lips	8
department	7
social	7
lip	7
buildings	7
diningroom	7
salary	7
path	7
intensely	7
midnight	7
worth	7
robert	7
mcgregors	7
sand	7
lecture	7
today	7
lady	7
upper	7
pleasant	7
baby	7
tea	7
court	7
wrote	7
developed	7
american	7
fatherinlaw	7
nose	7
climbed	7
stop	7
kansas	7
common	7
forgot	7
corners	7
middle	7
swimming	7
ideas	7
arrived	7
proud	7
pick	7
studied	7
hope	7
trust	7
evidence	7
weve	7
overcoat	7
thierault	7
save	7
cheeks	7
cover	7
worse	7
fair	7
watched	7
newspapers	7
showed	7
anywhere	7
amused	7
bunch	7
died	7
sunlight	7
sore	7
magnificat	7
fortune	7
bodies	7
happen	7
foreman	7
learned	7
stars	7
trip	7
lamp	7
wore	7
mexican	7
meet	7
herd	7
happiness	7
village	7
climb	7
nights	7
stiff	7
storm	7
ready	7
watching	7
bottle	7
bill	7
dresses	7
rim	7
mr	7
glass	7
decided	7
wifes	7
sick	7
allowed	7
autumn	7
thank	7
dried	7
wooden	7
sitting	7
hotel	7
realize	7
accident	7
forget	7
painted	7
jealous	7
complexion	7
sharp	7
eight	7
begin	7
pulled	7
southwest	7
minute	7
science	7
fiercely	7
design	6
everybody	6
replied	6
simple	6
thousands	6
thick	6
present	6
reached	6
waited	6
whom	6
rent	6
napoleon	6
became	6
wet	6
reason	6
lives	6
mountain	6
figure	6
public	6
presence	6
rodney	6
helped	6
sudden	6
terrible	6
questions	6
tall	6
expected	6
intense	6
play	6
range	6
bitter	6
doubt	6
whatever	6
sent	6
sell	6
realized	6
sunset	6
rooms	6
east	6
instead	6
supplies	6
nest	6
teacher	6
cost	6
dobe	6
sad	6
polite	6
dearest	6
ends	6
affairs	6
step	6
shop	6
bones	6
terribly	6
guess	6
arms	6
ladder	6
jars	6
swim	6
waiting	6
regents	6
hurried	6
entirely	6
mood	6
bother	6
wear	6
original	6
ashamed	6
knowing	6
de	6
earth	6
kathleens	6
beyond	6
short	6
express	6
ruins	6
quick	6
spot	6
natural	6
finish	6
crossing	6
chest	6
handsome	6
written	6
heaven	6
uncomfortable	6
delightful	6
september	6
valley	6
tools	6
group	6
boxcouch	6
age	6
teeth	6
mans	6
soup	6
club	6
quiet	6
difference	6
pardee	6
latin	6
domestic	6
pictures	6
says	6
fancy	6
marry	6
thinking	6
strange	6
alive	6
chamber	6
fell	6
ways	6
corner	6
closed	6
ten	6
studying	6
southern	6
rugged	6
virginia	6
arranged	6
breaking	6
theyre	6
food	6
entered	6
goes	6
bear	6
succeeded	6
believed	6
interview	6
shabby	6
sitwell	6
space	6
hold	6
quietly	6
excuse	5
shelves	5
settled	5
colleagues	5
laid	5
move	5
cook	5
theyll	5
bath	5
afford	5
pattern	5
dusty	5
honest	5
grip	5
college	5
charles	5
solid	5
dressed	5
belonged	5
approached	5
mixed	5
villages	5
special	5
scarcely	5
stories	5
looks	5
wound	5
wild	5
dull	5
silence	5
further	5
fallen	5
trained	5
hasnt	5
comfortable	5
leading	5
seven	5
saying	5
obriens	5
eat	5
explain	5
packed	5
supper	5
moving	5
widow	5
ledge	5
refuse	5
recognition	5
pockets	5
holding	5
feacute	5
lines	5
introduced	5
hundreds	5
reminded	5
beginning	5
shirt	5
rubbed	5
china	5
observed	5
remarkable	5
occur	5
birthday	5
telescope	5
slight	5
keeping	5
slender	5
greatly	5
frenchman	5
wood	5
disappointed	5
strongly	5
wages	5
distance	5
cedar	5
sheep	5
general	5
sister	5
till	5
tone	5
disappeared	5
individual	5
fixed	5
suit	5
childhood	5
wagon	5
oughtnt	5
expedition	5
thieraults	5
collar	5
workmen	5
pieces	5
advice	5
farms	5
cannot	5
brown	5
safe	5
imagination	5
bare	5
scotts	5
hers	5
ourselves	5
forward	5
heads	5
painful	5
mathematics	5
relations	5
reasons	5
learn	5
shown	5
handkerchief	5
sharply	5
owed	5
wrong	5
six	5
fifty	5
dry	5
tight	5
shopping	5
piece	5
service	5
forehead	5
mention	5
art	5
drink	5
grazing	5
serious	5
position	5
diary	5
silk	5
neat	5
lovely	5
ceiling	5
santa	5
creature	5
board	5
desire	5
wearing	5
expression	5
ripley	5
luncheon	5
silver	5
cent	5
thirty	5
soninlaw	5
led	5
adventurers	5
wrapped	5
gravel	5
rain	5
cigar	5
studies	5
clerks	5
walking	5
uncle	5
start	5
ground	5
base	5
stuck	5
goodbye	5
couple	5
hated	5
dahlias	5
aint	5
announced	5
results	5
volumes	5
lillians	5
somebody	5
delicate	5
required	5
needs	5
number	5
eagles	5
trails	5
pure	5
rode	5
sherry	5
act	5
civilization	5
patient	5
mustnt	5
feelings	5
interests	5
crossed	5
em	5
stable	5
manner	5
michigan	5
nor	5
shadow	5
necessary	5
clouds	5
admit	5
attractive	5
institution	4
pipe	4
laughter	4
savings	4
guest	4
riding	4
setting	4
true	4
library	4
shaped	4
build	4
picture	4
finger	4
bang	4
catch	4
homer	4
price	4
furs	4
cool	4
noble	4
curiously	4
missionary	4
cheerful	4
sonsinlaw	4
experience	4
satisfaction	4
international	4
enjoy	4
readily	4
strength	4
catholic	4
wants	4
curved	4
kissed	4
wished	4
character	4
meeting	4
result	4
lots	4
magnificence	4
vacuum	4
figures	4
shant	4
warned	4
mission	4
somewhat	4
distinctly	4
society	4
eve	4
primitive	4
wine	4
fortunes	4
electric	4
shadows	4
process	4
count	4
steps	4
bothered	4
dinnertable	4
aware	4
due	4
changing	4
blowing	4
putting	4
winslow	4
pupil	4
scholar	4
holiday	4
teaching	4
hell	4
credit	4
trade	4
seldom	4
francs	4
mistake	4
deeply	4
mere	4
overcome	4
muttered	4
campus	4
accepted	4
vacation	4
cupboard	4
lindentrees	4
questioned	4
astonishment	4
digging	4
severe	4
motives	4
past	4
instance	4
tapped	4
expect	4
definitely	4
condition	4
advised	4
division	4
encouragement	4
someone	4
pneumonia	4
absolutely	4
objects	4
choice	4
handed	4
reply	4
affair	4
manage	4
duties	4
scene	4
versailles	4
silent	4
grudge	4
sighed	4
twisted	4
pile	4
ward	4
charming	4
estate	4
form	4
telling	4
string	4
brilliant	4
liberal	4
project	4
chilly	4
definite	4
saturday	4
tutor	4
brothers	4
visitor	4
cleared	4
facts	4
pintildeon	4
corn	4
regular	4
assistance	4
blow	4
asking	4
action	4
legislature	4
frankly	4
disturb	4
cart	4
minutes	4
maid	4
cotton	4
determined	4
admire	4
cheap	4
enthusiasm	4
hurry	4
wherever	4
blankets	4
rocks	4
fuss	4
wasted	4
innocent	4
discussed	4
pasture	4
roof	4
whats	4
expensive	4
bungalow	4
heat	4
cooking	4
means	4
occasion	4
arch	4
glittering	4
secrets	4
nervous	4
drive	4
circle	4
fix	4
novel	4
poker	4
convenience	4
drawing	4
moments	4
rough	4
hurrying	4
yours	4
appelhoff	4
thoughtfully	4
chief	4
listen	4
damp	4
rate	4
strapped	4
pleasures	4
easier	4
gravely	4
successful	4
whenever	4
suggestion	4
monument	4
pueblos	4
fechtig	4
european	4
november	4
contrary	4
spend	4
escape	4
health	4
smoke	4
draw	4
unreasonable	4
report	4
carefully	4
willing	4
accept	4
courtyard	4
jacket	4
stand	4
wire	4
inevitable	4
courage	4
planned	4
orderly	4
rising	4
drinking	4
intelligent	4
ceased	4
neck	4
shoreham	4
persuaded	4
convenient	4
regarded	4
remains	4
foreign	4
rings	4
following	4
sisters	4
colorado	4
tied	4
critical	4
sew	4
neither	4
scientists	4
elbow	4
bixbys	4
income	4
humour	4
cast	4
false	4
awoke	4
motionless	4
struggle	4
research	4
states	4
moon	4
naturally	4
arrangement	4
virgin	4
expense	4
reception	4
travel	4
intolerant	4
ride	4
unless	4
concerned	4
dream	4
follow	4
invitation	4
matters	4
throwing	4
dudley	4
tomorrow	4
mass	4
march	4
lead	4
proved	4
freight	4
term	4
ribbon	4
added	4
lower	4
maam	4
largely	4
scholarship	4
obrien	4
busy	4
enter	4
admired	4
writingtable	4
exposition	4
burst	4
scientific	4
consideration	4
joke	4
difficult	4
brain	4
expenses	4
crowded	4
lavender	4
smart	4
horses	4
born	4
cruzados	4
difficulty	4
positive	4
claim	4
glistening	4
grande	4
understood	4
knowledge	4
stepped	4
appropriations	4
ahead	4
burgundy	3
rays	3
complained	3
kid	3
laugh	3
trusted	3
eh	3
friendly	3
fortunately	3
sandy	3
explorers	3
drama	3
apparatus	3
grave	3
europe	3
canyons	3
rio	3
coffee	3
shed	3
thinks	3
regretted	3
lawyer	3
drank	3
blackstone	3
illness	3
bathrobe	3
bend	3
fight	3
dig	3
observe	3
stroked	3
queer	3
affection	3
technical	3
schedule	3
forgive	3
restless	3
cement	3
relaxed	3
powerful	3
outer	3
killed	3
implements	3
petty	3
envious	3
adolescence	3
stronger	3
cab	3
conversation	3
sidewalk	3
formidable	3
quaking	3
slow	3
lasted	3
princely	3
shirts	3
turkey	3
vulgar	3
winding	3
graduation	3
ball	3
convince	3
turning	3
paused	3
climbing	3
remind	3
beautifully	3
sank	3
facing	3
hello	3
whoever	3
moreover	3
sides	3
kerosene	3
rabbitbrush	3
shadowy	3
likes	3
outfit	3
particular	3
clay	3
marseilles	3
playing	3
gladly	3
soil	3
doors	3
convinced	3
crowd	3
burned	3
composed	3
sooner	3
dressing	3
renaissance	3
ample	3
jewels	3
farming	3
active	3
notes	3
west	3
measure	3
authority	3
stock	3
value	3
self	3
telephoned	3
roberts	3
palm	3
rubbing	3
becomes	3
prose	3
mentioned	3
frequently	3
shortly	3
golden	3
deux	3
pueblo	3
closely	3
grows	3
umbrella	3
curios	3
row	3
importance	3
gentle	3
rue	3
dwellings	3
recollections	3
sometime	3
shared	3
colleague	3
smelled	3
hog	3
forgetting	3
bleak	3
stretch	3
dine	3
sandwiches	3
theory	3
property	3
ticket	3
dozen	3
landlord	3
vanity	3
problems	3
hole	3
rubber	3
united	3
arrange	3
ages	3
receive	3
seeds	3
various	3
careful	3
archaeologist	3
disinterested	3
annoyed	3
section	3
cruel	3
cluster	3
horizon	3
ache	3
slowly	3
ice	3
brush	3
dirty	3
wiped	3
music	3
material	3
guarded	3
neednt	3
god	3
fred	3
constantly	3
track	3
decent	3
rented	3
fun	3
remark	3
linen	3
memories	3
histories	3
hazy	3
declared	3
yard	3
member	3
m	3
desert	3
month	3
abroad	3
closet	3
coast	3
spade	3
adventure	3
evident	3
wondering	3
final	3
rainy	3
ford	3
wise	3
asleep	3
commercial	3
parties	3
whisky	3
blakes	3
bedroom	3
addressed	3
filled	3
surgeons	3
information	3
magnificent	3
opening	3
chap	3
note	3
seeing	3
admitted	3
speaking	3
august	3
tips	3
superior	3
gardens	3
religion	3
opposition	3
troubles	3
pouring	3
daddy	3
shops	3
sleeve	3
within	3
instinctive	3
folded	3
dressinggown	3
finally	3
bachelor	3
lately	3
extravagant	3
beaten	3
disturbed	3
specialty	3
attitude	3
respect	3
vines	3
brightened	3
workingmen	3
woods	3
relics	3
journey	3
suits	3
silvery	3
sins	3
frowned	3
damned	3
moved	3
saved	3
adventures	3
purely	3
monday	3
dem	3
gradually	3
flights	3
stronghold	3
harvey	3
october	3
crystal	3
straightened	3
occasionally	3
dusky	3
turquoise	3
begged	3
hoping	3
sons	3
peaks	3
bench	3
prettier	3
lain	3
received	3
effect	3
mignon	3
daily	3
staying	3
rolled	3
cigarette	3
funny	3
elder	3
softly	3
happens	3
streaks	3
insupportable	3
glanced	3
conduct	3
fortunate	3
spliced	3
earlier	3
congress	3
lifted	3
cloth	3
eager	3
calling	3
miss	3
fast	3
troubled	3
curtains	3
den	3
salad	3
belong	3
laughing	3
ear	3
shoulder	3
gently	3
shook	3
career	3
barely	3
aeligneid	3
squarely	3
drove	3
miserable	3
sentimental	3
hate	3
meat	3
responsibilities	3
breathed	3
consider	3
fantastic	3
pair	3
navajos	3
holidays	3
agreed	3
model	3
berengaria	3
presented	3
pantheon	3
fastidious	3
clearly	3
wives	3
shoes	3
cinquante	3
thoughtful	3
theyd	3
fitted	3
reach	3
grateful	3
anyhow	3
dancing	3
sewingroom	3
closer	3
geometrical	3
energy	3
sensible	3
escaped	3
miller	3
emeralds	3
route	3
education	3
connected	3
breathing	3
future	3
ardour	3
object	3
actually	3
furniture	3
emotion	3
enjoyed	3
singularly	3
executor	3
profile	3
stairway	3
insisted	3
bowl	3
tink	3
cheese	3
feature	3
delight	3
mystery	3
thrown	3
skirt	3
assured	3
wonderful	3
bowls	3
poem	3
load	3
broken	3
theyve	3
shining	3
prevent	3
absurd	3
picking	3
single	3
takes	3
reasonable	3
everyone	3
implied	3
sewing	3
swell	3
justice	3
utterly	3
slope	3
courses	3
ah	3
hint	3
homesick	3
thumb	3
crew	3
absently	3
livery	3
paper	3
sailed	3
using	3
impetuous	3
excellent	3
extravagance	3
actual	3
lonesome	3
dozens	3
engineer	3
hopi	3
wheel	3
norwegian	3
forgotten	3
preserved	3
daylight	3
bixby	3
government	3
manuscripts	3
copper	3
conscience	3
protection	3
deserved	3
rivers	3
popular	3
hillside	3
commissioner	3
effects	3
blessed	3
surface	3
steep	3
equity	3
commonplace	3
curly	3
coloured	3
mark	3
elbows	3
wonderfully	3
jackpot	3
capital	3
embarrassed	3
scholarly	3
fault	3
gloves	3
dug	3
spilling	3
interrogation	3
naughty	3
conviction	3
ate	3
sixty	3
hips	3
credits	3
deeds	3
unhappy	3
newspaper	3
consciousness	3
discreet	3
crop	3
selling	3
breakfasted	3
cream	3
atmosphere	3
ledges	3
understanding	3
whose	3
shouldnt	3
blade	3
chemicals	3
played	3
buried	3
swept	3
advantage	3
cases	3
surprise	3
selfish	3
giving	3
grammar	2
indifferent	2
doorway	2
hesitated	2
bills	2
politics	2
congressman	2
pipes	2
twentyfive	2
exploring	2
simplify	2
cher	2
depressed	2
knees	2
blazing	2
pushing	2
tastes	2
tiny	2
grapes	2
pearshaped	2
tilt	2
seamen	2
wince	2
dismantled	2
pines	2
beings	2
publicspirited	2
bushes	2
useless	2
roddys	2
worthy	2
shaved	2
unbroken	2
socks	2
stake	2
july	2
plantagenet	2
economies	2
treated	2
iron	2
thorough	2
shiny	2
warmed	2
syndicate	2
necessities	2
decoration	2
uncarpeted	2
ajar	2
benefit	2
household	2
lilac	2
ridge	2
scent	2
blackball	2
gleaming	2
knife	2
child	2
souls	2
amazement	2
gesture	2
slyly	2
anxious	2
ranges	2
attic	2
doubted	2
argument	2
sewingwoman	2
parents	2
dudleys	2
richly	2
neighbour	2
stage	2
element	2
giggle	2
measured	2
gorgeous	2
winning	2
beard	2
discharge	2
existence	2
delightedly	2
companion	2
fear	2
streets	2
theologians	2
matting	2
sabbatical	2
bent	2
loss	2
aged	2
rims	2
profound	2
begins	2
amazed	2
bell	2
bulk	2
attend	2
lighted	2
dreyfus	2
master	2
shutting	2
impersonal	2
forth	2
sounds	2
dwelling	2
muscular	2
urged	2
honour	2
reward	2
planning	2
sunrise	2
hill	2
lunched	2
shrugged	2
methodist	2
cellar	2
unconscious	2
ruby	2
appointments	2
lift	2
introduction	2
season	2
ambassadors	2
curtain	2
picturesque	2
roving	2
throughout	2
sources	2
advanced	2
records	2
recalled	2
influential	2
canadian	2
countrys	2
resembled	2
balls	2
responded	2
barn	2
appointment	2
generations	2
captain	2
mothers	2
military	2
pebbles	2
mould	2
johns	2
warning	2
cows	2
waste	2
john	2
paperknife	2
windy	2
bothering	2
poles	2
polished	2
decide	2
convert	2
taxi	2
flash	2
representative	2
border	2
darkest	2
dramatic	2
pose	2
crusoe	2
mummies	2
rubbish	2
kanuck	2
association	2
degree	2
chiffonier	2
specimens	2
operation	2
fork	2
attending	2
loops	2
grievance	2
suggested	2
gambling	2
puzzled	2
dreary	2
flank	2
sagging	2
cardroom	2
yucca	2
distinction	2
engineers	2
hoped	2
necklace	2
seventy	2
ungracious	2
prohibition	2
ordinary	2
chairs	2
ribs	2
larger	2
headache	2
absence	2
beneath	2
mud	2
evenings	2
dripped	2
accompanied	2
slippers	2
thunderstorms	2
genial	2
island	2
signalled	2
drivers	2
aviation	2
workroom	2
swung	2
cheque	2
towel	2
waitingroom	2
merchants	2
dangerous	2
weariness	2
endowed	2
turns	2
genuinely	2
rosies	2
vivid	2
candle	2
haughty	2
hautespyreacuteneacutees	2
advancement	2
yuccafibre	2
sewingchair	2
touchy	2
verb	2
advantages	2
brutal	2
exacting	2
dread	2
passed	2
impression	2
quit	2
circumstance	2
owe	2
steaming	2
cleaned	2
awkward	2
archaic	2
watercourses	2
solitude	2
root	2
bitterly	2
respectful	2
meditation	2
invented	2
furnace	2
chestnutleaves	2
plausible	2
tasted	2
fail	2
masonry	2
belgium	2
strangely	2
gay	2
detested	2
crevices	2
attached	2
sole	2
greenish	2
straw	2
clothing	2
canvas	2
fifteen	2
porch	2
cried	2
politeness	2
tip	2
routine	2
lamb	2
lonely	2
pyjamas	2
gaston	2
stolen	2
surprised	2
madame	2
glow	2
clearer	2
branch	2
store	2
personality	2
mortuary	2
stroke	2
hospitalities	2
consult	2
prepared	2
doubtless	2
lack	2
compared	2
overworked	2
untouched	2
overshoes	2
waved	2
london	2
bouquet	2
painting	2
solemnity	2
wanting	2
leather	2
occasions	2
stuffed	2
kill	2
decorations	2
pains	2
exhausting	2
homesickness	2
softer	2
engagements	2
feels	2
deacutejeuner	2
beans	2
steal	2
practical	2
anguish	2
hospital	2
stucco	2
deserted	2
brows	2
robinson	2
cultivated	2
delivered	2
lover	2
soften	2
calmness	2
chiefly	2
jar	2
returns	2
choose	2
charm	2
dazed	2
discouraged	2
uniforms	2
protest	2
modelling	2
avoid	2
comique	2
experiment	2
intellectual	2
cutting	2
dazzling	2
swinging	2
sloping	2
crete	2
son	2
power	2
counted	2
sketch	2
forefinger	2
frame	2
market	2
observation	2
ours	2
depend	2
style	2
visor	2
rolling	2
pushed	2
heated	2
crumbled	2
smiling	2
stir	2
slept	2
tobacco	2
strings	2
lakeshore	2
screw	2
turf	2
dignity	2
muff	2
protested	2
protecting	2
beasts	2
advertised	2
litter	2
snakes	2
undressing	2
destiny	2
properly	2
hobbled	2
moneys	2
twilight	2
warmly	2
mile	2
taps	2
boulders	2
apologetically	2
agree	2
intently	2
match	2
frank	2
cleaning	2
bloom	2
chips	2
pain	2
velvet	2
greasy	2
delicately	2
shea	2
airy	2
forks	2
shell	2
suffered	2
conceal	2
winters	2
triumphs	2
lights	2
delighted	2
chain	2
frail	2
minna	2
shivered	2
williams	2
bluish	2
navy	2
thee	2
bending	2
poplars	2
treat	2
parted	2
handled	2
farm	2
grinding	2
symmetrical	2
sixteen	2
lantern	2
smaller	2
burning	2
broom	2
summit	2
murdered	2
perpetual	2
view	2
seriously	2
drearily	2
sprang	2
hungry	2
warmth	2
editorial	2
firing	2
misfortunes	2
faded	2
volume	2
perched	2
wheat	2
precious	2
thingshe	2
behave	2
ears	2
lets	2
taos	2
irrigation	2
skyline	2
herbs	2
sheltered	2
minds	2
snug	2
legion	2
nearest	2
telegraph	2
ashes	2
conception	2
rugs	2
bow	2
conditions	2
impulses	2
fatiguing	2
punish	2
parlour	2
obligation	2
logical	2
print	2
increased	2
mysterious	2
fireman	2
purplegrey	2
spread	2
lowered	2
entertaining	2
franc	2
secure	2
level	2
italian	2
split	2
knuckles	2
speaker	2
crops	2
insensible	2
wishing	2
destroyed	2
manuscript	2
mature	2
narrowly	2
remained	2
awfully	2
practically	2
worst	2
bronze	2
articles	2
reputation	2
spots	2
shrubbery	2
thunder	2
growth	2
fourth	2
hooks	2
apartment	2
goodnight	2
thus	2
grain	2
assortment	2
yesterday	2
aspens	2
sympathy	2
prairie	2
shame	2
colonial	2
quarrelled	2
dat	2
lightest	2
prejudices	2
lightly	2
landing	2
photographs	2
pays	2
names	2
electrical	2
crack	2
vehement	2
shrug	2
bulb	2
chains	2
reddened	2
opportunity	2
ruined	2
tinted	2
fussy	2
enemy	2
chunks	2
breast	2
similar	2
rosy	2
glare	2
sixteenth	2
pampered	2
fearfully	2
passages	2
ability	2
words	2
professional	2
snowed	2
enjoying	2
outward	2
deft	2
centre	2
judge	2
instructorship	2
mules	2
discussion	2
pretended	2
torso	2
pack	2
cheek	2
stimulating	2
female	2
conventional	2
ere	2
editorials	2
carpet	2
birdcage	2
gentleman	2
piles	2
arent	2
inaccessible	2
happiest	2
hide	2
ripe	2
runs	2
treasury	2
goethe	2
knapsack	2
ceremonies	2
suggestions	2
adored	2
roomy	2
housekeeping	2
confident	2
birds	2
faint	2
windowseat	2
sums	2
snake	2
farther	2
safety	2
irregular	2
careless	2
charge	2
customers	2
entrance	2
austrian	2
blind	2
letting	2
theatre	2
luxembourg	2
trifle	2
underwear	2
waters	2
frocks	2
gust	2
clad	2
exterminated	2
policy	2
assistants	2
manufacturers	2
appointed	2
soothingly	2
acting	2
refuses	2
defeat	2
sunsets	2
glorious	2
cramp	2
independent	2
unlike	2
hearts	2
leaned	2
grim	2
log	2
moustaches	2
pathetic	2
sewingmachine	2
extraordinarily	2
passage	2
wakened	2
hang	2
activities	2
snowstorm	2
thin	2
stationmaster	2
archduke	2
landslide	2
squeezed	2
annotate	2
pots	2
tramp	2
improper	2
events	2
protect	2
regularly	2
fighting	2
customary	2
slide	2
decision	2
excursion	2
mental	2
stair	2
waken	2
permit	2
ringing	2
wooded	2
stirring	2
platform	2
grove	2
generally	2
compromise	2
inland	2
hardened	2
struggling	2
discussing	2
talks	2
searching	2
changes	2
latter	2
forest	2
confidential	2
evil	2
claims	2
mule	2
shade	2
schools	2
tread	2
ordered	2
lively	2
funeral	2
aloud	2
fathers	2
owned	2
turquoises	2
separated	2
drawingroom	2
search	2
thursday	2
steward	2
million	2
curiosity	2
excitement	2
committee	2
armeacutee	2
shoe	2
hazelcoloured	2
overtook	2
lingering	2
listening	2
moisture	2
grandmother	2
bunks	2
burial	2
thou	2
twice	2
fought	2
faced	2
jury	2
hinged	2
lily	2
development	2
notebooks	2
luggage	2
language	2
remote	2
vague	2
chuckled	2
instincts	2
asphyxiated	2
pudding	2
oldfashioned	2
sewed	2
angry	2
encountered	2
swam	2
topic	2
himhe	2
america	2
touched	2
tended	2
fumbled	2
mattered	2
unfolded	2
cards	2
frozen	2
bound	2
commission	2
distinct	2
join	2
shelter	2
release	2
staircase	2
strove	2
farmer	2
sympathetic	2
handy	2
expressed	2
dined	2
salt	2
travelled	2
flannel	2
lands	2
periodically	2
anatole	2
interwoven	2
provisions	2
sleeping	2
gets	2
terrifying	2
woven	2
keys	2
news	2
period	2
invisible	2
repeated	2
guests	2
bakery	2
voyage	2
resolutely	2
rival	2
shrubs	2
mamma	2
rights	2
hunt	2
missouri	2
faultless	2
obligations	2
rang	2
modest	2
examine	2
packing	2
lecturing	2
orange	2
gracious	2
spending	2
wagner	2
seasons	2
orchid	2
sailboat	2
appearances	2
admiration	2
napkin	2
gifts	2
wiping	2
knelt	2
gang	2
task	2
favour	2
unevenly	2
sin	2
beat	2
arches	2
slipped	2
shot	2
unpleasant	2
main	2
accidental	2
twelve	2
dragged	2
solomon	2
tongue	2
tenors	2
dropping	2
operations	2
damage	2
crown	2
overalls	2
sensitive	2
finelooking	2
masons	2
discuss	2
belongs	2
showing	2
invite	2
legs	2
lord	2
peak	2
paying	2
sentence	2
higher	2
saloon	2
neighbours	2
conscious	2
gain	2
classroom	2
refused	2
port	2
inkblack	2
summers	2
admiring	2
arranging	2
untactful	2
summed	2
possession	2
greatest	2
harvest	2
tactful	2
trimmed	2
somewhere	2
worldliness	2
bracelet	2
flesh	2
doctors	2
acoma	2
knee	2
apparently	2
asps	2
wishes	2
ideal	2
pride	2
claret	2
noon	2
drawn	2
instrument	2
excavate	2
unquestionably	2
pursuits	2
melancholy	2
enabled	2
raised	2
inch	2
shaggy	2
security	2
tree	2
waking	2
monsieur	2
tint	2
host	2
inspiration	2
spontaneous	2
bolted	2
barney	2
accustomed	2
emotions	2
sham	2
filed	2
shout	2
stirred	2
effort	2
numbers	2
series	2
forever	2
environment	2
jumping	2
sculpture	2
soot	2
consistent	2
breathe	2
watercolour	2
kindly	2
pretext	2
awful	2
garces	2
stored	2
shortest	2
hopkins	2
panic	2
inventor	2
pages	2
apologized	2
folks	2
positively	2
exchange	2
alike	2
allowance	2
solitary	2
sending	2
explorer	2
sum	2
height	2
peoples	2
painfully	2
sidewise	2
wash	2
dying	2
deck	2
deaf	2
jewellers	2
pen	2
extremely	2
nobodys	2
served	2
ditches	2
reserve	2
caesar	2
shy	2
continued	2
quarters	2
senior	2
lyons	2
suspicious	2
rewards	2
curled	2
blew	2
returned	2
cooks	2
slab	2
mornings	2
hunting	2
streaked	2
felled	2
raising	2
dispatcher	2
sarcastic	2
dignified	2
dining	2
pull	2
relation	2
criticism	2
dollar	2
anchor	2
knights	2
delicacy	2
meaning	2
crow	2
egypt	2
heir	2
consciously	2
swimmer	2
landed	2
nicely	2
alternated	2
bundles	2
willingly	2
largeboned	2
construction	2
pump	2
abruptly	2
horace	2
sealed	2
depressing	2
seasick	2
demurred	2
gate	2
nonsense	2
beast	2
tub	2
tings	2
mummy	2
desperate	2
presidents	2
gaps	2
poets	2
considerably	2
extent	2
wakeful	2
corridor	2
devote	2
genuine	2
rag	2
scholars	2
reddish	2
hearing	2
patience	2
appreciate	2
rejected	2
mercy	2
joined	2
fairly	2
mover	2
shine	2
harder	2
instruments	2
happier	2
fray	2
clinging	2
steadily	2
fly	2
slip	2
overhanging	2
saddle	2
spite	2
tempted	2
dizzy	2
calm	2
straightforward	2
bust	2
misfortune	2
asset	2
roses	2
halfclosed	2
alley	2
strictly	2
plaintively	2
simply	2
spare	2
pears	2
promotions	2
brick	2
catastrophe	2
fooled	2
spinning	2
wider	2
record	2
underneath	2
copied	2
vibration	2
fit	2
winds	2
touching	2
wistful	2
daybook	2
patted	2
intoxicated	1
interrupting	1
blurted	1
indulgent	1
riches	1
overnight	1
pitchblack	1
trader	1
slavery	1
scholarships	1
sundays	1
appealedfor	1
quality	1
gravity	1
spilt	1
execution	1
expectations	1
amusement	1
toobelonging	1
locking	1
uprising	1
arrowsthe	1
hop	1
hammock	1
huge	1
prolonged	1
decidedly	1
sail	1
exclaiming	1
tints	1
loosely	1
steady	1
system	1
translated	1
digested	1
handbag	1
semitic	1
cheekbones	1
manhole	1
orrisroot	1
tanned	1
insoluble	1
police	1
bedhead	1
confess	1
dresser	1
purse	1
slim	1
heavenly	1
pleaded	1
sweaty	1
livelihood	1
arc	1
basket	1
convention	1
stroking	1
flapped	1
moods	1
soprano	1
players	1
halfway	1
amis	1
mercantile	1
cavities	1
hired	1
modulations	1
moist	1
admiringly	1
servants	1
dissatisfaction	1
evidences	1
displeased	1
duel	1
drugged	1
local	1
tittered	1
stick	1
mills	1
cursed	1
distract	1
defence	1
prejudice	1
darned	1
dean	1
imaginable	1
spirited	1
lunchwhich	1
inducement	1
borne	1
sprightly	1
boots	1
lasalle	1
cheerfulness	1
temporary	1
fawncoloured	1
listened	1
jokes	1
baggage	1
beating	1
divinations	1
foundi	1
buti	1
stabbed	1
trials	1
commercialize	1
screaming	1
whoopnot	1
priceless	1
weak	1
spark	1
transaction	1
bird	1
smashed	1
leads	1
naked	1
reproof	1
habitations	1
bathhouse	1
representativeand	1
exact	1
flickering	1
dey	1
stew	1
presumably	1
locomotive	1
purposes	1
cloak	1
formula	1
stuffy	1
bosom	1
relieve	1
fatheronly	1
choked	1
lieutenant	1
monasteries	1
resoundingly	1
staunchest	1
seized	1
recompense	1
advising	1
drying	1
gazing	1
cocktails	1
foretold	1
allembracing	1
awayhe	1
whod	1
sheathed	1
heating	1
himand	1
restlessly	1
tormenting	1
beauty	1
increasing	1
revived	1
pan	1
visualize	1
restaurant	1
forty	1
lakeside	1
jubes	1
ungenerous	1
folie	1
knitted	1
heavily	1
hardhandedness	1
lavish	1
meaningly	1
pressure	1
eliminations	1
joy	1
selfconscious	1
ledger	1
disengaged	1
skipper	1
rebelliously	1
amazements	1
plead	1
fivefranc	1
phase	1
stems	1
coroner	1
marigolds	1
files	1
examined	1
prospects	1
rowland	1
ceremonials	1
tests	1
homestaying	1
insurance	1
thrashers	1
bum	1
goodcheer	1
womans	1
measurement	1
respectfully	1
secondary	1
rifle	1
garnered	1
trough	1
leaning	1
surround	1
bluffer	1
flushed	1
respecting	1
paternal	1
scandal	1
judgment	1
implying	1
translation	1
polish	1
provenccedilals	1
reduced	1
singing	1
criticized	1
meek	1
solemn	1
cheered	1
tears	1
casquettes	1
reserveit	1
plates	1
unconsciously	1
undermoneyed	1
secretaries	1
halcyon	1
unchanged	1
loosened	1
limousine	1
besidessomething	1
overture	1
astonishing	1
carries	1
shrunk	1
scornful	1
conspicuous	1
balcony	1
walnut	1
boyish	1
radiant	1
courier	1
giddy	1
bossing	1
looms	1
mannerly	1
metal	1
savants	1
helmets	1
rosevines	1
shores	1
pencil	1
mesaa	1
shuts	1
exchanged	1
redfruited	1
snowy	1
blushed	1
blamed	1
jingles	1
showlooked	1
crossexamination	1
wishim	1
sewingmachinethats	1
expressionthat	1
brilliancy	1
reviewing	1
lettuce	1
tribes	1
fromyet	1
lombardy	1
reverence	1
infusion	1
goodness	1
oleanderburied	1
opens	1
alls	1
curl	1
firstrate	1
repose	1
visit	1
fasten	1
zest	1
contract	1
footholds	1
pardon	1
yearning	1
unshutting	1
opposed	1
overarm	1
diminution	1
hinges	1
defeated	1
familiar	1
experimented	1
devoid	1
melt	1
catheter	1
heapeth	1
rip	1
heroesalongside	1
maturity	1
luxuriously	1
noiselessly	1
attractions	1
visiting	1
fireblack	1
entertained	1
scarlet	1
cabinets	1
preferences	1
temper	1
hitched	1
worldand	1
laryngitis	1
uncalled	1
turban	1
desultory	1
truths	1
sparkling	1
puzzles	1
sweet	1
horizontal	1
lonesomeness	1
norse	1
wobbly	1
angelus	1
pompuosity	1
saturdays	1
ravine	1
companionship	1
tract	1
pacific	1
thinnessas	1
corncobs	1
fewer	1
ascetic	1
quantity	1
resolved	1
resting	1
ultimate	1
coats	1
crumble	1
exit	1
inoffensive	1
reckoned	1
weary	1
experienced	1
listless	1
disgrace	1
dreaming	1
sculptureand	1
enigmatical	1
aureoles	1
pillow	1
gossiped	1
answered	1
springy	1
chuckling	1
example	1
boardingplace	1
wonders	1
damn	1
resulting	1
viscera	1
businesses	1
mathilde	1
tarrying	1
boredom	1
oftener	1
walter	1
capacity	1
unburied	1
healed	1
fully	1
resist	1
shaft	1
diversions	1
cubicle	1
fulfil	1
discredit	1
confidence	1
deportment	1
altitudes	1
gully	1
caverns	1
tumbledown	1
fragrant	1
unfaithful	1
willis	1
lectureroom	1
lespoir	1
neglectful	1
plentifully	1
procedure	1
kinkoo	1
motto	1
apathy	1
ivoryis	1
melting	1
dripping	1
theirs	1
twentyodd	1
magiclantern	1
honoursyouve	1
wheels	1
sleepingroom	1
guided	1
roll	1
gibraltar	1
thawing	1
everywhere	1
mists	1
mats	1
saskatchewan	1
brunette	1
achievement	1
image	1
rejoiced	1
toenotches	1
coldly	1
structure	1
pressing	1
differently	1
chocolate	1
cruellest	1
schooner	1
candles	1
informally	1
envying	1
adoption	1
emperors	1
workingcoat	1
vanquished	1
lament	1
departs	1
separating	1
ascent	1
produce	1
repeat	1
casual	1
uncommercial	1
particularly	1
confronted	1
tricky	1
fib	1
thorntrees	1
dayit	1
proportion	1
drum	1
hocuspocus	1
decayed	1
snob	1
lid	1
touchlike	1
wellbut	1
creampitcher	1
handholds	1
wool	1
dutchman	1
chilled	1
flask	1
anxiouslooking	1
magnanimous	1
clipped	1
foundling	1
appetite	1
rites	1
fruitless	1
wines	1
comforting	1
tramped	1
teaparty	1
unattractive	1
primeval	1
resolute	1
pastthe	1
launching	1
glance	1
whispered	1
cocktail	1
sinking	1
systematic	1
episode	1
asterbordered	1
background	1
extended	1
startling	1
starts	1
liquor	1
openotherwise	1
grandfathers	1
blond	1
leathers	1
glided	1
lunchthat	1
ideaits	1
blushing	1
curiosities	1
requesting	1
springing	1
floors	1
rewins	1
clearlythe	1
unwrapped	1
campaign	1
unreasonably	1
fluent	1
singeran	1
rambling	1
trunks	1
drowned	1
conveyed	1
telephone	1
professorship	1
housekeepers	1
brotherinlaw	1
fireplace	1
childs	1
helping	1
trouville	1
luxuries	1
sapphires	1
stockings	1
gush	1
announcedmrs	1
fired	1
fruits	1
probablyat	1
overwhelmed	1
foresightprohibition	1
housei	1
heavyscented	1
stillborn	1
paths	1
prado	1
faguet	1
judgement	1
postmortem	1
pennies	1
vermilion	1
acute	1
mounted	1
shouts	1
surgical	1
bells	1
truly	1
gloomier	1
meddled	1
incurable	1
roofs	1
lucky	1
spacious	1
physicist	1
toilettes	1
impractical	1
amass	1
surmised	1
ambled	1
openly	1
halvers	1
jealoussaid	1
bellying	1
grandmothers	1
earthen	1
undesirous	1
sixtysix	1
prudent	1
team	1
establishments	1
excited	1
camped	1
terminated	1
axes	1
related	1
ridges	1
highly	1
airless	1
parthenon	1
hopis	1
fluids	1
servant	1
egyptian	1
formerly	1
outlandsa	1
eyeshade	1
tension	1
twitching	1
fatigue	1
charmingly	1
clothesshe	1
cord	1
gifted	1
purpose	1
cups	1
oil	1
unresisting	1
liberty	1
desires	1
heraldic	1
inhabitants	1
weathers	1
upbraid	1
fringed	1
femur	1
dwarfed	1
sentimentality	1
fringe	1
cookfire	1
branching	1
squeezing	1
marriages	1
virgil	1
uptwisted	1
foreseen	1
cousins	1
miner	1
treetrunks	1
advertisements	1
vehemence	1
terms	1
ruefully	1
methods	1
bleakest	1
packmules	1
happily	1
pintildeonsit	1
spared	1
receptions	1
colours	1
closing	1
mapleleaves	1
consumed	1
gardener	1
eagerly	1
cliffdwellers	1
send	1
cooked	1
mercredi	1
niece	1
nap	1
virtually	1
rosecoloured	1
grounda	1
busmans	1
groups	1
virtuous	1
royalties	1
sawdust	1
modern	1
sadly	1
stressesthe	1
clustering	1
selfsacrificing	1
upyou	1
amiable	1
physically	1
stripe	1
returning	1
carelessly	1
bearing	1
preparation	1
tenants	1
beauxfils	1
recognize	1
subtle	1
eggs	1
pine	1
coursethe	1
snuggled	1
peace	1
practicable	1
direction	1
doth	1
cordial	1
promise	1
advertising	1
helmet	1
intimidated	1
looting	1
rhetoric	1
displayed	1
eternal	1
barytone	1
couldntmrs	1
discriminating	1
reversion	1
intercourse	1
sweetly	1
earliest	1
humble	1
vistas	1
orders	1
expressions	1
smearlake	1
dreamily	1
encouraged	1
blunted	1
wisps	1
emptied	1
erect	1
behaving	1
nosethat	1
memorial	1
washing	1
manysided	1
shipwreck	1
depths	1
differences	1
fill	1
wanderers	1
sunburned	1
untying	1
revolutionizing	1
shocked	1
flowed	1
awkwardly	1
towered	1
observance	1
summoning	1
awaiting	1
precipitous	1
newer	1
coquetry	1
exotic	1
cheaply	1
charged	1
slits	1
departmental	1
descriptive	1
chagrin	1
deanship	1
sausages	1
immobility	1
repeatedly	1
wink	1
prices	1
legislative	1
chivalry	1
satin	1
financial	1
onlooker	1
tenderly	1
camping	1
freights	1
recommended	1
excavating	1
silenced	1
comparisonslike	1
commercially	1
hudson	1
careers	1
sumach	1
astronomical	1
brains	1
wretched	1
angeles	1
rolltop	1
hadhow	1
groves	1
selected	1
risenaugusta	1
cottonwoods	1
humid	1
fumble	1
zeal	1
fry	1
exercised	1
slower	1
longestablished	1
showy	1
declined	1
shrink	1
handshake	1
packages	1
sex	1
tent	1
minedrills	1
domesticated	1
medical	1
upholstery	1
fowlthe	1
depress	1
visibly	1
swallows	1
perpetually	1
amusing	1
barrow	1
nostrils	1
brake	1
ornamentsor	1
sickle	1
shallow	1
tossed	1
smelling	1
waiters	1
brand	1
occupy	1
sayings	1
prewar	1
goand	1
curls	1
focus	1
mannerswhat	1
pulling	1
disclosures	1
exuberance	1
segreto	1
noises	1
commercialism	1
splicings	1
baltimore	1
macbeths	1
saucepan	1
sweating	1
pinch	1
fragile	1
orgy	1
babylon	1
amount	1
profitindirectly	1
swore	1
hatrack	1
bumped	1
pitch	1
gripped	1
sentences	1
sneaking	1
slaves	1
orient	1
plod	1
empowered	1
swarmingtime	1
reviewed	1
stunted	1
nervousness	1
region	1
soudan	1
nowhow	1
chaps	1
rout	1
weanedaway	1
pensively	1
ripped	1
confiding	1
foretell	1
sport	1
accessible	1
grades	1
scrambling	1
lodged	1
stetson	1
waist	1
valueonly	1
borrowed	1
enduring	1
reposeimmortal	1
reminds	1
oregon	1
undetermined	1
endure	1
deepbreathing	1
graduate	1
nevadas	1
statues	1
dreariness	1
partner	1
chill	1
signboards	1
harmonious	1
nicolette	1
energetic	1
attorney	1
concluded	1
romances	1
damnedest	1
warmand	1
spanishadventurer	1
againand	1
unbend	1
latch	1
clinked	1
housed	1
movements	1
satisfactory	1
expert	1
drawingback	1
pass	1
los	1
stud	1
wicker	1
dumbly	1
hopefully	1
chop	1
deserve	1
rewardsamong	1
favorite	1
closegrowing	1
punctual	1
buckskin	1
preaching	1
talents	1
plumbers	1
harumscarum	1
blakesaid	1
opportune	1
feed	1
fluttery	1
king	1
poorer	1
dancinglesson	1
persons	1
bits	1
sable	1
rubbers	1
stung	1
gulf	1
willow	1
complaints	1
fright	1
sensed	1
geraniums	1
unworldly	1
increase	1
refrigeratingplant	1
chartered	1
absurdity	1
preposterously	1
breath	1
attentions	1
connotation	1
saddlehorse	1
quarry	1
willed	1
hardships	1
scheme	1
longnecked	1
apologize	1
antiquaries	1
crippled	1
drawers	1
memoryif	1
fluea	1
consented	1
debts	1
cup	1
writer	1
unlucky	1
baronet	1
superficial	1
burnt	1
tedious	1
obliged	1
manners	1
diaphragm	1
twentyfour	1
hors	1
presents	1
favoured	1
dust	1
reprovingly	1
compensate	1
drooping	1
miracle	1
marshalled	1
vshaped	1
skyblue	1
deserts	1
seize	1
lumpy	1
glared	1
seeit	1
wickedlooking	1
poetry	1
cathedrals	1
pecos	1
outwit	1
sooty	1
stint	1
floridity	1
reaping	1
extinct	1
sprinkling	1
strangulation	1
wistfully	1
inconsiderable	1
pasteboard	1
socially	1
typewriting	1
sittingroomof	1
tossing	1
dish	1
neglected	1
comforts	1
latinist	1
deerskin	1
docile	1
informed	1
magnify	1
paleness	1
vexed	1
brings	1
selfrevelatory	1
whisper	1
boards	1
pullman	1
comforted	1
concussion	1
housethat	1
rude	1
rabbit	1
northa	1
bethey	1
popcorn	1
coarse	1
faraway	1
warped	1
edgars	1
basin	1
doevres	1
suspect	1
waterhole	1
chronicle	1
bringingup	1
soul	1
revelations	1
smuggled	1
chancy	1
sitwells	1
violinists	1
bulkheaded	1
earned	1
auction	1
repeating	1
freshly	1
verts	1
volumeswithout	1
celebrities	1
pronunciation	1
charity	1
awkwardabout	1
refilled	1
leaf	1
angels	1
languedoc	1
oakleaves	1
untamed	1
pretend	1
haughtily	1
ledgestruck	1
century	1
frijoles	1
utter	1
sacrament	1
outlasted	1
teakettle	1
daylabourers	1
cars	1
coffins	1
regina	1
mournful	1
pintildeonsthe	1
preparing	1
clutched	1
fianceacuteeis	1
fosterbrothers	1
chacircteau	1
coordinate	1
preserve	1
lessons	1
devotion	1
impassable	1
loyal	1
adventurer	1
everincreasing	1
vacantly	1
flying	1
aim	1
abolish	1
motor	1
fruit	1
misses	1
smothered	1
disappointments	1
weapons	1
guilty	1
affectionate	1
checking	1
december	1
naturallyand	1
oilcan	1
streamed	1
citizens	1
coffin	1
straitened	1
curve	1
mistaken	1
supple	1
intact	1
fleshhis	1
dreadful	1
bathingsuit	1
honeycombed	1
negative	1
opeacutera	1
resisted	1
comparatively	1
protected	1
bosses	1
minded	1
withheld	1
fervour	1
alcove	1
sculptors	1
bergeret	1
reapers	1
conceded	1
specimen	1
secondstory	1
transported	1
grubbiness	1
gare	1
closemouthed	1
contaminated	1
furnished	1
ax	1
britisher	1
observations	1
tiptoe	1
dessert	1
supply	1
drip	1
cypresses	1
tuft	1
prowl	1
squarebuilt	1
impatient	1
edison	1
song	1
sanguine	1
unravel	1
smokingjacket	1
nuns	1
fate	1
wave	1
errand	1
tapestry	1
periodicals	1
asters	1
loom	1
riverseemed	1
nowladies	1
charcoal	1
beg	1
mansard	1
skeleton	1
thoughts	1
reasoning	1
crecircpe	1
description	1
surefooted	1
revolution	1
investigation	1
limited	1
curbed	1
nearer	1
variety	1
thingsof	1
nails	1
bulking	1
flight	1
toy	1
steel	1
housewifery	1
unalloyed	1
sprinkled	1
granted	1
strives	1
plate	1
sincerely	1
clumsy	1
sculptured	1
inform	1
exhausted	1
cowpuncher	1
chinamen	1
shocking	1
reproaching	1
passagehe	1
perspiration	1
marked	1
loathed	1
scandalized	1
placeseemed	1
cancelled	1
flagstaff	1
excision	1
innkeeper	1
parcel	1
workroomespecially	1
noised	1
uses	1
requiem	1
passes	1
lifeand	1
dangling	1
arriving	1
penalties	1
piqued	1
performance	1
againnot	1
eyesbrown	1
introductions	1
approve	1
abstractedly	1
profits	1
noisesthings	1
flattened	1
advises	1
shyster	1
waltz	1
liberally	1
hazel	1
toujours	1
incidents	1
deadkilled	1
otherhouse	1
quizzically	1
created	1
perspectives	1
rocky	1
length	1
hush	1
paints	1
sultry	1
artists	1
darker	1
proves	1
collection	1
ballot	1
scratch	1
greek	1
crumbling	1
humming	1
banging	1
chinese	1
rounded	1
dryly	1
batteries	1
observances	1
threads	1
humanized	1
mink	1
storerooms	1
jacques	1
exist	1
minutely	1
sixth	1
evading	1
oldthe	1
attended	1
flashes	1
clawhammer	1
sawdustvery	1
immediately	1
trivial	1
pierre	1
displeasure	1
awhile	1
asparagus	1
slighting	1
wisdom	1
insist	1
roundhouse	1
entering	1
attachment	1
beggar	1
aspects	1
ounce	1
doubts	1
footing	1
hampered	1
integrity	1
reluctant	1
drivingglove	1
slavish	1
disgusting	1
horsey	1
honourable	1
fared	1
ignorance	1
sorted	1
accented	1
unassisted	1
finale	1
goodlooking	1
rush	1
overall	1
methodical	1
whereas	1
oxford	1
rattlesnakesyou	1
notebook	1
rods	1
gives	1
unsuitable	1
fish	1
coax	1
scale	1
raw	1
northeast	1
thump	1
growl	1
rape	1
afternoons	1
lancet	1
mountains	1
pounced	1
causes	1
patiently	1
fostered	1
faceshe	1
freer	1
selects	1
devout	1
wraps	1
spoil	1
arrogance	1
conscientious	1
bonus	1
instruction	1
abrupt	1
fond	1
corkscrewed	1
archaeologists	1
meetings	1
dictates	1
glimpse	1
fields	1
wobbled	1
physical	1
originally	1
ravellings	1
circumstances	1
valleythe	1
wired	1
layoff	1
everlastingly	1
devoted	1
drifted	1
youthhe	1
rouse	1
mate	1
hut	1
elastic	1
leaked	1
heres	1
embassy	1
flighty	1
turrible	1
maps	1
fool	1
delacroix	1
shippingline	1
procession	1
brights	1
professions	1
rallied	1
salesmans	1
uncompromising	1
entertain	1
candlelight	1
plant	1
crevice	1
suite	1
loneliness	1
springwagon	1
select	1
suffer	1
splashed	1
regret	1
beachmy	1
haystacks	1
tighter	1
justdeparted	1
windings	1
handwriting	1
stained	1
gratifying	1
deceiving	1
pretextand	1
cones	1
excursions	1
banded	1
gestures	1
prairiedogs	1
ember	1
manipulations	1
inhabitantsnot	1
shaken	1
transferred	1
chapters	1
poems	1
dolorem	1
contrast	1
degrees	1
salads	1
festivals	1
surroundings	1
trickling	1
banknotes	1
neglecting	1
revive	1
intending	1
mistakes	1
exploit	1
marble	1
fifth	1
kinky	1
sheepskins	1
columns	1
willingness	1
respectable	1
mashed	1
circumstanceschivalry	1
goodnights	1
scrub	1
farmers	1
trumpet	1
extravagantly	1
stiletto	1
contact	1
potteryit	1
lundi	1
devoir	1
garlic	1
anythingyou	1
likenesses	1
fret	1
disregarded	1
keen	1
methodically	1
date	1
poisoned	1
parked	1
claretcup	1
providence	1
cathedralbuilders	1
channel	1
intervals	1
partly	1
squeeze	1
halls	1
throat	1
sunny	1
spacemuch	1
unannounced	1
adore	1
dared	1
cause	1
bolt	1
sauce	1
contain	1
members	1
granite	1
biological	1
amile	1
dreading	1
cots	1
prosaic	1
quitted	1
fanning	1
securing	1
speculated	1
variation	1
rear	1
terracotta	1
bigamy	1
persisted	1
beckoned	1
manylined	1
tawny	1
daylabourer	1
affectionately	1
raining	1
confessed	1
countenance	1
fussing	1
interregnums	1
masses	1
burn	1
slantingly	1
horns	1
negligence	1
hurts	1
strain	1
associations	1
features	1
doggedly	1
violetdappled	1
lintels	1
twinkled	1
sewingmachineyes	1
kindness	1
il	1
florid	1
oblige	1
continent	1
apparatusexcept	1
concealment	1
mechanically	1
shapely	1
judged	1
waterdrinking	1
repugnant	1
guiltlessness	1
vote	1
sounding	1
mat	1
schemed	1
machinists	1
expose	1
wilhelm	1
hearth	1
sheets	1
susceptible	1
trenches	1
picturesquehis	1
griefs	1
folly	1
violent	1
glassworkers	1
boxer	1
smallpox	1
luxurious	1
smoothly	1
disguised	1
principle	1
depth	1
rumour	1
omit	1
formalities	1
contractors	1
doingor	1
breakfasting	1
strongwilled	1
nearness	1
curb	1
grand	1
reader	1
win	1
inherit	1
brass	1
heels	1
woefully	1
clump	1
horridest	1
moody	1
anythingeven	1
christmases	1
ancestors	1
tricks	1
commencement	1
literally	1
chat	1
edit	1
currents	1
horseback	1
laugheda	1
cheer	1
thatand	1
arclights	1
rested	1
lawyers	1
perplexed	1
semester	1
cowponies	1
experimental	1
shawl	1
heavyhearted	1
shoulderblade	1
churchbell	1
allthe	1
upholstered	1
rags	1
interrupt	1
directed	1
wayward	1
squaredealing	1
brilliantly	1
engine	1
standard	1
frightened	1
uneasy	1
vitality	1
slightly	1
severed	1
reminders	1
boomers	1
hosts	1
ancient	1
lenient	1
fox	1
plumed	1
poking	1
eyebrow	1
jenny	1
arthurs	1
stride	1
exclamation	1
vastness	1
uncontaminated	1
equals	1
drinks	1
whinnying	1
bodily	1
walkingstick	1
games	1
aixlesbains	1
fireplaces	1
diamond	1
reserved	1
tiresome	1
continuous	1
sprouted	1
swimmersyears	1
backward	1
exercises	1
thrill	1
profession	1
sacred	1
england	1
font	1
remunerative	1
scratchy	1
tingethere	1
bitch	1
suntanned	1
disbelief	1
reverseous	1
president	1
employ	1
stomach	1
celebrated	1
magical	1
manhood	1
sheepskin	1
colder	1
passbook	1
potterynot	1
bestsuch	1
dis	1
sluices	1
knock	1
abused	1
easiest	1
desperation	1
microscope	1
mephistophelesand	1
carriage	1
manger	1
stenographer	1
helps	1
existing	1
tasteeven	1
bond	1
pendulum	1
hurtone	1
hairthe	1
unaccomplished	1
trifled	1
york	1
flush	1
unnecessary	1
implybut	1
beesting	1
agreeable	1
hawklike	1
unpleasing	1
scratched	1
wee	1
fitting	1
flashing	1
hero	1
imagined	1
ferocity	1
thrust	1
duskiness	1
impossible	1
survivors	1
grafted	1
slamming	1
participants	1
stow	1
tory	1
cripple	1
quarries	1
fiske	1
sorting	1
pot	1
rendezvous	1
dreariest	1
peculiar	1
bay	1
involving	1
escaping	1
rug	1
taketh	1
congressesappointments	1
shake	1
sleightofhand	1
disapproving	1
againa	1
stooping	1
tightly	1
tempting	1
recognitions	1
determination	1
tidy	1
forded	1
backspringing	1
importer	1
crash	1
messenger	1
anticipation	1
speeding	1
hid	1
frescoed	1
suspicion	1
savagery	1
granaries	1
tragedy	1
ring	1
scotchman	1
mindof	1
scottthe	1
brute	1
tot	1
doublecrossed	1
moccasins	1
atkins	1
candidates	1
frosty	1
halfawake	1
tod	1
acquired	1
chose	1
enlighten	1
extra	1
belongings	1
malady	1
opinion	1
heartily	1
hinted	1
wishedweve	1
enquire	1
overhead	1
spoiled	1
aroused	1
arrested	1
kit	1
yelled	1
stupefied	1
disliked	1
lovingly	1
taxpayers	1
contemptible	1
demand	1
filial	1
dashed	1
chef	1
skinned	1
idle	1
fugitive	1
yearly	1
incriminating	1
lowspirited	1
completed	1
reflecting	1
dogs	1
bridled	1
eating	1
bystanders	1
indifference	1
taupe	1
prettily	1
twilit	1
appropriation	1
scientifically	1
cents	1
gentile	1
acquisition	1
veil	1
putty	1
le	1
tassels	1
rained	1
valued	1
brim	1
experts	1
downcast	1
discomfort	1
plucky	1
unusually	1
draught	1
sympathized	1
stubborn	1
creaked	1
headaches	1
sniffing	1
agonizingly	1
grama	1
insulting	1
unsupported	1
sketches	1
ambassadorsperhaps	1
virtual	1
throng	1
excites	1
halfacre	1
insulation	1
bunches	1
masterful	1
blurting	1
hates	1
stooped	1
describe	1
mirror	1
napkins	1
hottest	1
trap	1
tales	1
clustered	1
scatter	1
abbreviated	1
earning	1
footpath	1
phyllis	1
hopeless	1
voicelow	1
rochambeau	1
welled	1
actively	1
emptyand	1
fatigues	1
sparingly	1
affect	1
matteroffactness	1
stupidities	1
dressesof	1
roamed	1
continue	1
disregard	1
mighty	1
anybodythough	1
wellrooted	1
kicked	1
satisfied	1
incident	1
intelligence	1
knocked	1
promised	1
marriageable	1
amphitheatre	1
abreast	1
purposehe	1
community	1
cocoa	1
studded	1
est	1
springs	1
floating	1
rattlesnake	1
anxiety	1
mannersthat	1
cultivating	1
digressions	1
rattle	1
lacquer	1
crystals	1
longforgotten	1
buying	1
courteous	1
browns	1
tarnished	1
apt	1
equivocal	1
humanities	1
suicide	1
methodists	1
therebright	1
injustices	1
hawk	1
parish	1
applehoff	1
confession	1
washout	1
odours	1
stingy	1
patio	1
immortal	1
lyric	1
publicity	1
berth	1
daydreams	1
resumed	1
boughs	1
die	1
idealized	1
overhe	1
houseful	1
acquaintances	1
gullivers	1
dudes	1
angel	1
churned	1
blank	1
treehewer	1
aria	1
liquid	1
hostess	1
puffed	1
kinds	1
unprepared	1
itll	1
washingtonand	1
soandso	1
wrathful	1
waterbag	1
tampered	1
stationary	1
chicken	1
blacker	1
manly	1
prompting	1
sweetness	1
trumpedup	1
figurestime	1
workinghours	1
dashes	1
quixotic	1
shelf	1
shading	1
stubbornly	1
preferably	1
hay	1
bowler	1
jumble	1
script	1
appreciative	1
push	1
comprehension	1
lovers	1
wastebasket	1
headless	1
brooded	1
perverse	1
hundredth	1
painters	1
hats	1
useful	1
secondhand	1
colouring	1
crazy	1
loveif	1
tolerated	1
feelingsit	1
flamecolour	1
sign	1
cutout	1
pamphlets	1
undid	1
cabbing	1
tin	1
handouts	1
operaoh	1
gutter	1
phases	1
perished	1
germination	1
permitall	1
meim	1
firmness	1
runaways	1
sly	1
exaltation	1
freezing	1
collateral	1
central	1
bulky	1
deliberate	1
revealing	1
gratefulness	1
earnings	1
laboratoryi	1
respectschanged	1
disappointing	1
infatuation	1
mouldering	1
liqueur	1
sunshine	1
elms	1
brittany	1
extraordinary	1
textbooks	1
bumi	1
skirting	1
district	1
frock	1
isolated	1
speedily	1
hitting	1
aright	1
forbearance	1
unfinished	1
trains	1
piercearrow	1
preparations	1
questioning	1
hasps	1
loud	1
impostors	1
vegetation	1
palaces	1
antagonize	1
ascending	1
sloped	1
vulgarizing	1
bundle	1
endedbroke	1
aa	1
rails	1
knocking	1
hotheaded	1
misdemeanourexcept	1
overstrained	1
wellschooled	1
uninterestinga	1
suspected	1
yards	1
sink	1
youngster	1
christened	1
unprejudiced	1
flooded	1
haze	1
linoleum	1
classrooms	1
goodnatured	1
centralized	1
horsetrail	1
definition	1
cuddy	1
socket	1
reminding	1
cobblelined	1
encounter	1
superabundance	1
wednesday	1
hornrimmed	1
leaped	1
cigars	1
practise	1
spartan	1
halfforgotten	1
ambitious	1
enoughnow	1
waded	1
bringing	1
adjectives	1
mesawe	1
speech	1
postman	1
passions	1
haricots	1
dyquem	1
perilous	1
womanhood	1
cultural	1
percolator	1
lakecooled	1
sam	1
ironical	1
scientist	1
tan	1
plunge	1
hardheaded	1
hoursa	1
athletics	1
roast	1
happyhe	1
drinkingglass	1
highup	1
varying	1
baked	1
unfortunately	1
slumps	1
audience	1
oak	1
lighthearted	1
mexicans	1
risqueacute	1
buttes	1
request	1
pitiful	1
weekdays	1
savagely	1
pang	1
educational	1
contempt	1
chauffeur	1
sawdustmany	1
maples	1
scheming	1
peacefully	1
flaky	1
soap	1
coward	1
tantalizing	1
spectacles	1
woodwinds	1
bee	1
cleaningwoman	1
brazen	1
cinema	1
muttering	1
gaily	1
imperfectly	1
nowolder	1
bush	1
trustworthy	1
mystical	1
lap	1
clearcut	1
ambition	1
hinge	1
saythough	1
consultations	1
alongside	1
espied	1
outright	1
matrimonio	1
experimentor	1
tide	1
prickly	1
wasting	1
site	1
traced	1
earnest	1
upset	1
baggy	1
reticent	1
wings	1
wolf	1
bluegrey	1
travels	1
exposed	1
rabbits	1
tennis	1
personally	1
settle	1
realization	1
euripides	1
supercargo	1
humanity	1
forceps	1
dome	1
lurking	1
piquant	1
pageant	1
preoccupied	1
panther	1
capitol	1
expects	1
winnings	1
puddings	1
swelling	1
fatherone	1
calls	1
referred	1
weatherworn	1
prouder	1
tucked	1
harsh	1
hit	1
undeveloped	1
doubting	1
rust	1
grassed	1
jammed	1
marrowbones	1
lowest	1
roots	1
unpacked	1
deerhorn	1
heavybuilt	1
vegetable	1
boston	1
virtue	1
blink	1
sails	1
daybreak	1
stiffened	1
cheerfully	1
values	1
notched	1
lastkept	1
skylarking	1
stab	1
airsoft	1
sticks	1
moneythey	1
tool	1
eleventh	1
plantation	1
yetthey	1
beefsteaks	1
beneficiary	1
powerthe	1
constitution	1
translate	1
sale	1
advise	1
supperthat	1
thermometer	1
plus	1
jerusalem	1
scaleto	1
envelope	1
admirably	1
themstanding	1
greengold	1
sneakers	1
furious	1
traders	1
greens	1
valid	1
corrective	1
quoted	1
page	1
identical	1
umbrellasno	1
foolishness	1
chemistry	1
sinsnot	1
flew	1
shifty	1
overhearing	1
feeding	1
farmed	1
caressingly	1
cheapen	1
restthe	1
camest	1
needles	1
posed	1
honestly	1
afresh	1
opinions	1
stopping	1
smartly	1
spoken	1
imaginative	1
settlers	1
sweep	1
canebacked	1
heartlessness	1
thisthis	1
frowning	1
loaf	1
engrossing	1
electricians	1
itsimply	1
voices	1
consuming	1
responsible	1
unshaded	1
augustaand	1
watches	1
stretched	1
breakdown	1
towers	1
beenand	1
virtues	1
pretensions	1
sulky	1
shock	1
shortened	1
termed	1
washad	1
thirtysix	1
mouse	1
stoveand	1
objection	1
yetdont	1
unreasonableness	1
wildcurrant	1
current	1
legal	1
aptitude	1
publication	1
perspiring	1
awaited	1
liven	1
darkness	1
importanceyou	1
cowpunchers	1
gamblinghouse	1
recital	1
sierra	1
interpenetrated	1
furnishedthat	1
ambassador	1
activity	1
infandum	1
chores	1
slaughter	1
sufflot	1
curtly	1
individually	1
discontented	1
beneficial	1
limitations	1
dealing	1
ostentatious	1
socalled	1
perpendicular	1
quicksilvery	1
apologizes	1
unwilling	1
loot	1
graciously	1
canned	1
sofa	1
agreeably	1
seasoned	1
shoesa	1
scribbling	1
thingwatching	1
doorways	1
dissuade	1
ached	1
poppy	1
fosterbrother	1
smokingcar	1
duchenes	1
edition	1
attends	1
longfellow	1
billowy	1
solidity	1
quarrel	1
mix	1
flannels	1
atelier	1
deliberation	1
cinch	1
weatherdried	1
unthinkablebut	1
exclamations	1
audibly	1
fare	1
cliffhung	1
lastand	1
ornamented	1
ego	1
cursing	1
suspended	1
remembers	1
disintegrate	1
housework	1
wellworn	1
controversy	1
cheques	1
noting	1
excuses	1
splinters	1
columbus	1
enable	1
overgirled	1
colourless	1
brightness	1
warriors	1
crypt	1
expanded	1
prosperous	1
article	1
clung	1
loves	1
blown	1
nourishing	1
substitutions	1
fiveday	1
shady	1
switches	1
detained	1
moccasin	1
golfing	1
transformed	1
install	1
denying	1
pin	1
bookkeeping	1
substantial	1
plum	1
handcart	1
divide	1
disclosure	1
january	1
albuquerque	1
ashesthe	1
unbecoming	1
notgo	1
method	1
titles	1
determining	1
hisa	1
declining	1
hardihood	1
saturated	1
delivery	1
enchanting	1
greentiled	1
russet	1
discontent	1
defend	1
explored	1
feared	1
pal	1
wisest	1
shone	1
dispute	1
sagebrush	1
mysteriously	1
yearsand	1
sarcastically	1
ticknor	1
laughingly	1
unread	1
plastered	1
bunkroom	1
mantles	1
handmade	1
unnatural	1
scorns	1
prepare	1
hornhandled	1
creep	1
invited	1
lookout	1
jokethe	1
holes	1
tripping	1
worry	1
graceful	1
paul	1
probated	1
defenceless	1
gratitude	1
midi	1
courting	1
barber	1
inclined	1
grasshoppers	1
rainfall	1
git	1
frightful	1
dolorous	1
sacked	1
steers	1
seated	1
borrow	1
basement	1
waving	1
journalists	1
affable	1
missed	1
block	1
blackballed	1
weaker	1
staff	1
measures	1
expeditions	1
message	1
housesand	1
escorted	1
coincident	1
strollvery	1
contracted	1
alaska	1
benefited	1
dreams	1
kernels	1
chuckle	1
tramping	1
nicer	1
brig	1
wheeled	1
populated	1
believing	1
cube	1
ranch	1
chances	1
amethyst	1
wheres	1
sentiment	1
utah	1
herald	1
surmise	1
spry	1
brushed	1
indignation	1
favourite	1
trim	1
blame	1
based	1
tap	1
amounted	1
coppercoloured	1
dawn	1
bread	1
tents	1
jerk	1
intelligently	1
argue	1
meaningless	1
relinquished	1
undergraduates	1
gossip	1
private	1
unmistakable	1
suspense	1
dunes	1
affects	1
brandy	1
mediterranean	1
glasses	1
detain	1
develop	1
tireless	1
serve	1
cobbles	1
entire	1
notion	1
timidly	1
ignorant	1
gleam	1
grouped	1
paint	1
featureless	1
noted	1
publishing	1
cashing	1
niceties	1
saladin	1
provident	1
favourites	1
scrupulously	1
motored	1
comment	1
selfdestruction	1
recalling	1
playfully	1
ablecertainly	1
freshness	1
unfriendly	1
outlined	1
compliments	1
castaway	1
heavier	1
streak	1
roundtopped	1
commonly	1
herregarding	1
ruled	1
chart	1
shooting	1
presumption	1
ingenious	1
confounded	1
theredrawingtools	1
naively	1
nourishment	1
droplight	1
langtrys	1
apples	1
goldmetallic	1
fiftytwo	1
taller	1
prize	1
examination	1
memorable	1
saidthe	1
mounds	1
conventions	1
transfer	1
profit	1
holds	1
jackpots	1
cangoitalone	1
mindbut	1
creation	1
unpractical	1
apart	1
specialties	1
wellknown	1
supported	1
keeps	1
specialists	1
quiver	1
grief	1
bumptious	1
bruised	1
instructors	1
onethe	1
aspiring	1
slack	1
accidents	1
tending	1
unsteady	1
chasm	1
kiss	1
isolation	1
courts	1
cork	1
placedit	1
fameit	1
accepting	1
inhuman	1
dexterity	1
combinations	1
spickandspan	1
defiant	1
illusedand	1
bunk	1
risen	1
shapes	1
georgette	1
doctorate	1
sauntered	1
discourages	1
gracefully	1
departed	1
metonymy	1
liveryman	1
unsympathetic	1
guide	1
responsibilitiesbut	1
surgery	1
destroy	1
curving	1
forming	1
girth	1
cramped	1
downright	1
fashion	1
test	1
erosions	1
mail	1
northwest	1
shafts	1
commercialized	1
russia	1
leggings	1
wilfulness	1
banker	1
instructor	1
fooling	1
odour	1
wearily	1
posthumous	1
workmanship	1
groping	1
beach	1
downstream	1
conductor	1
kindled	1
palmor	1
deepest	1
floridness	1
confidentially	1
ovens	1
dare	1
abonnement	1
twovolume	1
overcredulous	1
comb	1
goldenrod	1
unfortunate	1
occupied	1
frieze	1
humankind	1
refusing	1
posture	1
fence	1
crouching	1
whitewash	1
ohho	1
wicked	1
glancing	1
lazy	1
deathly	1
swathed	1
faintly	1
investigated	1
alarmed	1
oriental	1
lazare	1
botany	1
betterlooking	1
wander	1
crossingmakes	1
selfishness	1
brighter	1
patching	1
marvelled	1
panthers	1
inquired	1
colourhe	1
proudly	1
gulls	1
matched	1
deaths	1
dyed	1
grimy	1
obscure	1
unhappiness	1
flaming	1
gratification	1
missionaries	1
squall	1
heaviness	1
blackbonneted	1
cross	1
reunion	1
bottles	1
foolishly	1
convincing	1
theoretically	1
eternity	1
circumference	1
reckon	1
deposit	1
hamiltonif	1
gaiety	1
sorority	1
lucretius	1
wreckage	1
diet	1
expecting	1
salmonpink	1
plodding	1
washed	1
strengthened	1
eighteen	1
colony	1
fairer	1
parks	1
exaggerate	1
outbalanced	1
blackcoated	1
perceptible	1
undressed	1
wellits	1
cracks	1
stature	1
wellfinished	1
seconds	1
heap	1
literature	1
realest	1
faces	1
bold	1
slabs	1
extension	1
clenching	1
mild	1
exalted	1
entries	1
differentthey	1
arizona	1
fleece	1
resulted	1
comments	1
unexpected	1
suggestive	1
seventeen	1
reflections	1
naiumlf	1
ornsley	1
dislikes	1
vandyke	1
scattered	1
saddest	1
exert	1
april	1
playful	1
clearsighted	1
sawyer	1
interpret	1
rescue	1
produced	1
vienna	1
envy	1
plasterlike	1
incentive	1
postscript	1
genesis	1
rarely	1
disorder	1
critically	1
parts	1
appreciatively	1
caring	1
safest	1
crowned	1
deeper	1
detected	1
chosen	1
beforea	1
hutchins	1
collected	1
scraps	1
chivalryking	1
damnable	1
pomp	1
tableau	1
famous	1
domicile	1
succession	1
ruffians	1
goldfoil	1
ambitions	1
vitals	1
coincidence	1
laundry	1
moccasinworn	1
severely	1
composition	1
agonized	1
judicially	1
skull	1
emerged	1
hoarse	1
prettiness	1
unexplained	1
lovein	1
fulllength	1
nasty	1
scourging	1
repairing	1
phrase	1
pardeelandmarks	1
hazardous	1
double	1
themlittle	1
homely	1
riddles	1
seventeenth	1
survived	1
wedding	1
myoh	1
joyful	1
laboratories	1
shower	1
incredulous	1
spray	1
unfit	1
lunchcounter	1
chambers	1
bonfire	1
rushed	1
befitting	1
rainstorm	1
amber	1
gonethat	1
lifting	1
clerk	1
deficiencies	1
graduated	1
renovare	1
piety	1
blinked	1
hoist	1
inherited	1
sill	1
washinton	1
hinting	1
plough	1
hurting	1
factory	1
blunders	1
pit	1
transformation	1
forgiving	1
shoot	1
kicking	1
peered	1
spinster	1
skittish	1
slung	1
meurice	1
knobs	1
tenant	1
wheeling	1
unpack	1
shouting	1
destruction	1
geranium	1
excavated	1
calico	1
degrading	1
conference	1
jew	1
passesto	1
cocoacup	1
disk	1
contour	1
silky	1
mannersbut	1
relief	1
softness	1
richard	1
swiftly	1
architecta	1
accounts	1
symbols	1
lifetime	1
faceso	1
outlandand	1
spotter	1
motif	1
mess	1
adapt	1
grandeur	1
contended	1
commit	1
landlords	1
embezzling	1
topaz	1
principal	1
goods	1
conclusion	1
prefer	1
follows	1
repairs	1
sash	1
neutrality	1
direct	1
crying	1
vogue	1
stream	1
ascended	1
stupidity	1
bristly	1
piled	1
monetary	1
dinners	1
rats	1
drafts	1
filing	1
california	1
families	1
manipulation	1
command	1
brownish	1
dressmaking	1
oaktree	1
announcement	1
crocheted	1
cookstove	1
deductions	1
auditorium	1
driving	1
effective	1
closets	1
kodak	1
weeping	1
companions	1
sawtall	1
sunshade	1
moustache	1
couragebehind	1
prayer	1
grimly	1
sellnor	1
queen	1
grubby	1
cigarend	1
potomac	1
wanly	1
scramble	1
spine	1
unable	1
revisit	1
foyots	1
tremendously	1
shawls	1
irregularities	1
bubbling	1
nowadays	1
undercut	1
reaching	1
angle	1
galley	1
tipped	1
volunteered	1
concentrate	1
churchgoer	1
portrait	1
maundy	1
foolhardy	1
clock	1
sposi	1
roused	1
natures	1
purifying	1
arguments	1
glints	1
responsiveness	1
reported	1
tender	1
joists	1
announce	1
motherinlaw	1
hidden	1
population	1
resentful	1
nail	1
butte	1
shaven	1
bloomless	1
exciting	1
dame	1
footscraper	1
notre	1
jaunty	1
placing	1
leafless	1
weakness	1
potato	1
outline	1
marcos	1
midst	1
vigorous	1
occasional	1
distasteful	1
class	1
rigidly	1
flashed	1
trial	1
apologetic	1
wriggling	1
numbered	1
agricultural	1
matteroffact	1
frequent	1
nestling	1
whoopingcough	1
banter	1
freelance	1
treads	1
detail	1
scanned	1
ocean	1
tapestryhung	1
impracticalness	1
movement	1
clouded	1
prospered	1
neckerchief	1
hides	1
await	1
passionate	1
barren	1
emulation	1
uplift	1
rosier	1
proportioned	1
land	1
clever	1
sadnesses	1
jumped	1
fancies	1
longanticipated	1
renting	1
copy	1
roadbuilding	1
negation	1
digestive	1
bars	1
labour	1
chaff	1
superstitions	1
physiological	1
compt	1
entice	1
zion	1
interval	1
padlocked	1
reflective	1
bore	1
firm	1
stray	1
classmate	1
windbag	1
motherthough	1
hauling	1
brutality	1
waxed	1
uphill	1
tepees	1
homes	1
modified	1
numb	1
remedial	1
placed	1
mournfully	1
snowflakes	1
dukes	1
crumbssmoking	1
cue	1
townspeople	1
terrified	1
encouraging	1
perusing	1
sweat	1
continuation	1
impoverish	1
cactus	1
nowdays	1
pious	1
uponin	1
enthralling	1
overdresses	1
pumpkin	1
brighten	1
roasted	1
violets	1
mischief	1
flaw	1
dialects	1
unpopular	1
medeas	1
gingham	1
archaeologistat	1
clenched	1
lakes	1
fastidiousness	1
headlands	1
questionnearly	1
lesson	1
moleskin	1
temptations	1
shuffle	1
constructed	1
tactile	1
bees	1
residents	1
coins	1
lightning	1
biarritz	1
spiritlamp	1
museum	1
hideous	1
daughtersyour	1
hushed	1
tug	1
fashionable	1
rounds	1
sickness	1
beads	1
gum	1
hem	1
reproachfully	1
aside	1
ablebodied	1
grocery	1
behaved	1
sacrifice	1
incredulously	1
rimrock	1
band	1
inconvenient	1
slackly	1
tack	1
connaistule	1
approach	1
luxury	1
absorbed	1
vainglorious	1
footballplaying	1
operatives	1
dyes	1
creaky	1
youthful	1
points	1
smilingquite	1
improved	1
vehemently	1
prefaced	1
require	1
hima	1
undertaking	1
rolls	1
unhitch	1
waxy	1
dog	1
generosityand	1
withdrew	1
unaccustomed	1
barking	1
pinched	1
leopard	1
baptist	1
passable	1
backs	1
fullest	1
rodneys	1
revolving	1
tenure	1
refuge	1
waterlevel	1
loafing	1
bridge	1
folle	1
algeciras	1
ugliness	1
bourget	1
communicate	1
posts	1
straps	1
triangle	1
nerve	1
affiliated	1
playthings	1
event	1
wiser	1
shutters	1
citizen	1
architect	1
politicians	1
drawback	1
descended	1
yellowgreen	1
fortitude	1
concert	1
chelly	1
christian	1
flexible	1
charts	1
epidemic	1
selection	1
achievements	1
alighted	1
outgrown	1
imagine	1
narrative	1
lapeacuterouse	1
quelle	1
support	1
oval	1
furrows	1
feathers	1
addition	1
greenbrier	1
cave	1
accent	1
snatch	1
golda	1
succeed	1
refusal	1
memory	1
outrageously	1
puddles	1
duration	1
recognizing	1
imaginary	1
leisurely	1
schoolteacher	1
mattress	1
experiences	1
sunned	1
echoing	1
slanting	1
fund	1
defeats	1
avoided	1
reset	1
referring	1
glimpses	1
twentieth	1
retired	1
surveys	1
evade	1
hardest	1
irritable	1
carpentered	1
february	1
historical	1
cliffdweller	1
compromises	1
lonelyfor	1
bewitching	1
james	1
juries	1
smoking	1
slant	1
mostly	1
catalan	1
difficulties	1
leaves	1
dissipationand	1
engaging	1
tingling	1
littleof	1
meets	1
miracles	1
grindstone	1
heedless	1
spaniard	1
details	1
flanders	1
vergil	1
mocking	1
gaunt	1
reflection	1
deer	1
imprisoned	1
easter	1
strolling	1
solar	1
fickleness	1
lashes	1
worldly	1
requites	1
lined	1
semicircular	1
ashtray	1
mystified	1
fountain	1
bone	1
packingtidying	1
diaryindeed	1
undermining	1
diaryto	1
turkeys	1
unpopularity	1
advent	1
twists	1
violence	1
filingcabinets	1
raging	1
separate	1
justify	1
unimportant	1
boxes	1
charred	1
inclination	1
eighties	1
swollen	1
projected	1
lowspiritedness	1
anyway	1
dance	1
romantic	1
foreground	1
bouquets	1
swift	1
mused	1
magazine	1
dumpheap	1
capable	1
purchasing	1
wreck	1
calendar	1
inquire	1
horsechestnuts	1
faithful	1
humiliating	1
sing	1
invest	1
bet	1
biggest	1
recall	1
training	1
flanks	1
sumptuous	1
nowhere	1
vividly	1
relative	1
emile	1
layer	1
percentages	1
revengeful	1
flattered	1
blood	1
complex	1
invaders	1
rumble	1
supporting	1
worm	1
feud	1
card	1
trinkets	1
museums	1
persuade	1
merchant	1
insight	1
rebuke	1
purplish	1
clearing	1
middleaged	1
june	1
playhouse	1
dislike	1
catching	1
chum	1
bacon	1
pounds	1
compensation	1
increases	1
ned	1
inconveniences	1
percolate	1
magnetic	1
himi	1
nests	1
acceptedwhen	1
vanitiesyou	1
sadderandwiser	1
burden	1
chattering	1
extinction	1
dependable	1
landmarks	1
whileperhaps	1
twin	1
stamp	1
indignant	1
antony	1
anticipated	1
moses	1
diligent	1
belonging	1
tombs	1
sailing	1
decisively	1
journalist	1
sacrilege	1
suffering	1
spells	1
counterpane	1
beehive	1
investigator	1
distraction	1
strike	1
stillness	1
readydinner	1
positions	1
adopt	1
fortnight	1
repulsive	1
reservations	1
relating	1
clause	1
overcoats	1
silveriness	1
cheeses	1
needless	1
shipwrecked	1
lump	1
sneaked	1
relatives	1
laws	1
sanded	1
creak	1
corrupted	1
softlooking	1
footsteps	1
slid	1
belief	1
flattopped	1
strawberries	1
helpfulness	1
doorstep	1
slumping	1
autumnblue	1
commemorate	1
kindling	1
tomsmature	1
burro	1
twisting	1
bathroom	1
pointed	1
canary	1
missing	1
muchworn	1
horsechestnut	1
seniors	1
anxiously	1
glassknobbed	1
grudging	1
standoffish	1
consistently	1
volcanic	1
niche	1
cautions	1
anarchists	1
surrounded	1
unmodified	1
remembering	1
intrinsic	1
agony	1
gaze	1
pickax	1
sightseeing	1
mormon	1
diminish	1
unthoughtful	1
frameup	1
boats	1
pauses	1
roosters	1
pounce	1
powerless	1
housekeeper	1
lumps	1
drunk	1
misused	1
outbuildings	1
itinerary	1
earn	1
woodash	1
richer	1
list	1
spoils	1
chiselled	1
indebted	1
elaborate	1
outlandish	1
roughly	1
registrar	1
bump	1
rumours	1
smothery	1
throw	1
arouse	1
noonwarm	1
littered	1
dachshund	1
itspilling	1
austerity	1
riles	1
decisions	1
sticking	1
harps	1
institute	1
offer	1
courtly	1
spreading	1
damaged	1
animation	1
dreadfully	1
witnessing	1
arnica	1
quicker	1
faith	1
narrowminded	1
cynical	1
fragrance	1
channels	1
gown	1
twentytwo	1
crept	1
violet	1
vaugirardnot	1
amiss	1
tops	1
dullness	1
race	1
opaque	1
himselfwas	1
jonas	1
palms	1
fittings	1
thy	1
crisis	1
brakeman	1
fatfaced	1
themwith	1
youththat	1
responds	1
slips	1
usto	1
aboutuntil	1
services	1
freely	1
horde	1
appreciation	1
slabsided	1
armless	1
pharaohs	1
carpenters	1
prehistoric	1
rusty	1
generation	1
destitute	1
knowhe	1
leg	1
lowell	1
conscienceless	1
englishman	1
accompany	1
nearing	1
lax	1
starry	1
journals	1
savant	1
itmade	1
creditable	1
manor	1
fils	1
eveid	1
confront	1
plumber	1
conjugating	1
pleasantly	1
gourmet	1
shyness	1
packets	1
birth	1
cocoanuts	1
redgold	1
wroughtiron	1
porcelain	1
arrowheads	1
hollow	1
tour	1
valet	1
grotto	1
quarter	1
scruples	1
pans	1
sixthirty	1
intonation	1
clumps	1
financially	1
golf	1
grounds	1
outjutting	1
coating	1
musingly	1
walledin	1
distinctness	1
hardness	1
blossom	1
glory	1
silly	1
nursed	1
unconvinced	1
culture	1
ease	1
brahms	1
mackereltinted	1
riverbank	1
frisked	1
creative	1
stowed	1
staple	1
proteacutegeacute	1
sandspit	1
stole	1
bewilderingly	1
scant	1
adopted	1
technic	1
discovered	1
spasmodic	1
sidetracked	1
seagulls	1
qualities	1
suited	1
transformations	1
phrases	1
salaryhe	1
disconcerting	1
reliable	1
cargo	1
pity	1
ingenuously	1
casket	1
permitted	1
hammer	1
sprung	1
padded	1
jab	1
likewise	1
crumbly	1
overhung	1
suns	1
tallest	1
buttoned	1
contradict	1
passing	1
walrus	1
vain	1
centuries	1
inevitably	1
dates	1
lighter	1
darn	1
fraternity	1
remedy	1
device	1
pinetrunks	1
drawingteacher	1
bored	1
registered	1
throes	1
drab	1
wilderness	1
balance	1
matted	1
impassablesheer	1
interrupted	1
picturesquely	1
asti	1
barberpole	1
ports	1
diner	1
appliqueacuted	1
critters	1
contractor	1
toys	1
rail	1
wholly	1
thinly	1
loitered	1
cuffs	1
contributed	1
impudence	1
delayed	1
anchored	1
guild	1
exaggerated	1
generosity	1
coaxed	1
bayeuxworking	1
saignant	1
subterfuge	1
overhear	1
twine	1
formulaelig	1
skulls	1
celluloid	1
robins	1
