the	3265
and	1644
to	1608
a	1203
her	1099
was	997
she	964
in	937
of	877
he	757
had	644
his	621
on	509
i	471
you	457
it	456
with	424
that	404
for	401
at	366
mrs	327
but	317
as	316
up	283
were	280
out	279
when	270
from	267
him	263
an	256
not	253
they	234
be	224
there	217
down	211
nancy	203
blake	193
all	190
would	190
me	189
this	181
back	180
by	177
no	169
been	160
over	156
into	149
never	148
like	148
after	148
now	146
mill	144
come	143
one	141
about	139
colbert	139
till	139
them	137
came	135
have	135
if	134
could	134
so	131
old	130
their	130
good	123
is	118
house	117
who	116
put	114
went	113
my	108
here	107
said	105
little	105
long	104
got	103
go	101
before	99
or	96
very	96
which	95
see	94
girl	93
mr	92
where	85
how	85
dont	84
do	83
did	83
we	81
miller	80
well	80
your	79
time	79
its	77
two	77
way	77
some	76
took	76
mother	76
martin	76
get	75
mistress	74
room	74
place	74
know	73
morning	73
creek	73
night	73
away	72
always	72
young	71
what	71
than	70
off	70
more	68
take	67
sat	67
door	67
made	66
home	66
while	64
day	64
chair	63
through	62
knew	62
will	62
then	62
along	62
henry	62
miss	61
man	61
rachel	61
must	61
face	60
road	57
looked	57
just	56
last	56
winchester	55
people	55
much	55
told	54
brought	53
first	53
still	53
stood	53
heard	52
right	51
years	51
even	51
since	50
eyes	50
are	50
bed	50
set	50
washington	49
herself	49
de	49
every	48
aint	48
lizzie	48
any	47
yes	47
own	47
big	47
hands	46
only	46
left	46
hand	46
head	45
make	45
under	45
father	45
thought	45
behind	45
ever	45
im	44
too	44
going	44
say	44
fairhead	44
sapphy	44
called	44
something	44
kitchen	43
gave	43
can	43
ill	43
sapphira	42
turned	42
things	42
woman	42
tell	42
why	41
though	41
boy	41
better	41
bluebell	41
few	40
men	40
look	40
saw	40
often	40
himself	40
once	40
didnt	40
doctor	40
sampson	40
used	40
talk	39
table	39
kept	39
master	39
gone	38
many	38
wife	37
let	37
those	37
folks	37
black	36
em	36
country	36
days	35
maybe	35
again	35
jezebel	35
round	35
white	35
across	35
other	34
found	34
nothing	34
town	34
new	34
mind	34
blakes	34
us	34
seemed	33
sent	33
girls	33
keep	33
work	33
might	33
id	32
voice	32
soon	32
hard	32
miz	32
great	32
felt	32
poor	31
dark	31
between	31
until	31
spoke	31
run	31
mam	30
water	30
began	30
life	30
cant	30
liked	30
asked	30
parlour	30
sometimes	29
anything	29
lived	29
these	29
seen	28
tap	28
children	28
find	28
give	28
think	28
cabin	28
jeff	28
has	28
horses	27
carried	27
stage	27
upon	27
bad	27
because	27
want	27
open	27
hall	27
servants	27
help	27
sir	26
friends	26
another	26
four	26
daughter	26
boys	26
fur	26
heavy	26
cold	26
visit	26
such	26
coming	26
ridge	26
outside	26
early	26
our	26
horse	26
window	26
aunt	26
pretty	25
done	25
stay	25
winter	25
church	25
far	25
letter	25
feet	25
walked	25
oh	25
enough	25
foot	25
woods	25
family	24
blue	24
mary	24
ran	24
held	24
light	24
negroes	24
colberts	24
read	24
hill	24
husband	24
deep	23
against	23
shes	23
county	23
certainly	23
women	23
mountain	23
side	23
sit	23
kind	23
nancys	23
dinner	23
small	23
spring	23
front	23
caught	23
child	22
sitting	22
almost	22
most	22
full	22
yard	22
toward	22
without	22
lay	22
chestnut	22
high	22
green	22
laughed	22
thing	22
both	22
sleep	22
hat	21
wont	21
thats	21
supper	21
ringer	21
darkies	21
call	21
stopped	21
yet	21
summer	21
feel	21
tree	21
kin	21
red	21
shoulders	21
tall	20
dodderidge	20
together	20
breakfast	20
hour	20
word	20
farm	20
hes	20
reached	20
around	20
sure	20
yellow	20
moment	20
floor	20
windows	20
low	20
end	19
whitford	19
sound	19
send	19
ive	19
three	19
name	19
leave	19
uncle	19
glad	19
best	19
wasnt	19
rose	19
everything	19
taken	19
please	19
beside	19
youre	18
book	18
trees	18
looking	18
mothers	18
same	18
david	18
fire	18
world	18
lawndis	18
clavenger	18
carry	18
smile	18
garden	18
hair	17
office	17
among	17
afraid	17
drew	17
missy	17
meant	17
coat	17
couldnt	17
except	17
bread	17
carriage	17
hours	17
tea	17
mistresss	17
close	17
trouble	17
slaves	17
followed	17
already	17
coffee	17
fell	17
year	17
married	17
likely	17
air	17
ride	17
remember	17
post	17
company	16
nothin	16
stand	16
money	16
walk	16
drove	16
met	16
hear	16
may	16
bright	16
ask	16
fine	16
being	16
sunday	16
nobody	16
closed	16
millers	16
opened	16
clean	16
heart	16
watch	16
wouldnt	16
matter	16
given	16
standing	16
threw	15
sun	15
tills	15
ought	15
dress	15
jist	15
fresh	15
account	15
second	15
drive	15
lost	15
longer	15
negro	15
dave	15
flowers	15
real	15
baltimore	15
basket	15
died	15
speak	15
easy	15
cut	15
betty	15
times	15
whom	15
sick	15
meet	15
easter	15
should	15
hold	15
late	15
wide	14
youve	14
minute	14
perhaps	14
bywaters	14
virginia	14
loudoun	14
talked	14
arm	14
live	14
pleasant	14
week	14
known	14
each	14
use	14
youll	14
wooden	13
care	13
stayed	13
niggers	13
next	13
theres	13
rode	13
six	13
timber	13
nor	13
changed	13
war	13
michael	13
above	13
cherries	13
warm	13
body	13
matchem	13
figure	13
none	13
quite	13
ready	13
fat	13
dey	13
maid	13
alone	13
afternoon	13
git	13
meadow	13
thank	13
happened	13
jezebels	13
bare	13
scarcely	13
near	13
wore	12
happy	12
laugh	12
show	12
words	12
porch	12
hills	12
tomorrow	12
broke	12
son	12
martins	12
whats	12
course	12
talking	12
nice	12
eat	12
wanted	12
hot	12
inside	12
different	12
raised	12
getting	12
needed	12
damp	12
school	12
upper	12
service	12
themselves	12
dressed	12
fathers	12
ago	12
feeling	12
grew	12
thinking	12
arms	12
indeed	12
today	11
wait	11
wild	11
clear	11
else	11
lifted	11
anybody	11
dat	11
neither	11
slowly	11
cabins	11
captain	11
dropped	11
nigger	11
evening	11
theyre	11
neighbourhood	11
owned	11
top	11
spare	11
passed	11
believe	11
iron	11
crossed	11
flour	11
presently	11
tried	11
turn	11
allowed	11
appeared	11
half	11
strong	11
field	11
path	11
step	11
shade	11
lively	11
holding	11
north	11
reckon	11
flash	11
waiting	11
forward	10
bring	10
sapphiras	10
stop	10
covered	10
wood	10
become	10
visitors	10
learned	10
break	10
coloured	10
smiled	10
business	10
ii	10
making	10
whatever	10
upstairs	10
am	10
sold	10
english	10
square	10
believed	10
soft	10
having	10
sweet	10
mean	10
drank	10
capon	10
michaels	10
loved	10
tonight	10
families	10
preacher	10
brush	10
brothers	10
trained	10
yourself	10
became	10
trunk	10
shut	10
rough	10
death	10
slipped	10
story	10
line	10
free	10
lying	10
sister	10
love	10
pennsylvania	10
houses	10
grey	10
youd	10
sarah	9
shed	9
wished	9
really	9
god	9
knows	9
rest	9
whether	9
mate	9
hope	9
deck	9
sight	9
neighbours	9
bushes	9
everyone	9
casper	9
need	9
straight	9
mountains	9
fields	9
led	9
speaking	9
grass	9
moments	9
jefferson	9
cup	9
river	9
seem	9
darky	9
myself	9
weather	9
chance	9
helped	9
expected	9
quick	9
shoes	9
west	9
box	9
manners	9
comes	9
oclock	9
dam	9
ground	9
shining	9
season	9
five	9
surely	9
apron	9
ice	9
chest	9
large	9
later	9
says	9
softly	9
stables	9
land	9
hurt	9
plenty	9
sampsons	9
past	9
able	9
born	9
slept	9
cheeks	9
martinsburg	9
diningroom	9
henrys	9
stream	9
also	9
wondered	9
shook	9
hung	9
city	9
nearly	9
leaned	9
stepped	9
mouth	9
gal	9
hickory	9
sell	9
sing	9
breath	8
write	8
silent	8
stockings	8
taylor	8
conversation	8
anyone	8
usual	8
ways	8
iii	8
chamber	8
corn	8
paper	8
linen	8
during	8
knowed	8
seat	8
colour	8
horseback	8
gold	8
lately	8
finger	8
hayfield	8
party	8
glance	8
brick	8
clouds	8
buried	8
return	8
plain	8
suddenly	8
earth	8
handy	8
bear	8
grandmother	8
stairs	8
fast	8
wheat	8
stranger	8
fellow	8
laurel	8
farmers	8
s	8
broken	8
rather	8
tired	8
silence	8
sapphys	8
rang	8
part	8
agin	8
listen	8
nephew	8
double	8
clothes	8
bell	8
smell	8
picked	8
shirt	8
housekeeper	8
neat	8
asleep	8
romney	8
masters	8
possible	8
several	8
usually	8
position	8
fall	8
blood	8
brown	8
cook	8
running	8
seated	8
whole	8
pick	8
coach	8
seldom	8
settled	8
fixed	8
smokehouse	8
glass	8
faces	8
true	8
pale	8
don	8
carrying	8
wind	8
quiet	7
younger	7
agreed	7
daughters	7
mansoul	7
wid	7
slippers	7
common	7
gate	7
mowers	7
riding	7
smart	7
zach	7
bedroom	7
march	7
watching	7
fo	7
fence	7
someone	7
eye	7
driver	7
bore	7
spread	7
afterward	7
wet	7
property	7
goes	7
sugar	7
deal	7
manner	7
mulatto	7
chill	7
shoulder	7
leaves	7
meadows	7
downstairs	7
climbed	7
directly	7
grave	7
legs	7
broad	7
understood	7
canada	7
yonder	7
does	7
names	7
goin	7
safe	7
comin	7
yesm	7
sending	7
others	7
winding	7
yaller	7
springs	7
easily	7
busy	7
dodderidges	7
outa	7
thick	7
tied	7
hated	7
sort	7
silver	7
shirts	7
wondering	7
taking	7
mercy	7
quietly	7
susanna	7
shawl	7
speech	7
whenever	7
laundry	7
barefoot	7
marriage	7
rolled	7
lower	7
vines	7
passengers	7
built	7
farmer	7
narrow	7
caint	7
drink	7
anyhow	7
jest	7
fond	7
places	7
served	7
household	7
welcome	7
wrong	7
barn	7
important	7
honey	7
slave	7
buy	7
hadnt	7
strange	7
weeks	7
leaving	6
wall	6
naked	6
sunlight	6
letters	6
bit	6
hurried	6
ah	6
friendly	6
prayer	6
filled	6
forest	6
gourd	6
quaker	6
pants	6
trusted	6
shot	6
congregation	6
yesterday	6
marry	6
sholy	6
foolish	6
lord	6
bywaterss	6
listened	6
spots	6
pappy	6
admitted	6
flushed	6
deed	6
copper	6
walls	6
try	6
illness	6
roof	6
roads	6
albert	6
shell	6
seeing	6
skipper	6
swung	6
poured	6
startled	6
lizzies	6
everybody	6
bloom	6
brass	6
rag	6
horn	6
handsome	6
visitor	6
living	6
wish	6
missus	6
pushed	6
move	6
bits	6
start	6
ugly	6
postmistress	6
stone	6
stairway	6
voices	6
flat	6
immediately	6
settlers	6
candles	6
mans	6
tells	6
pore	6
cloth	6
remembered	6
lightly	6
teeth	6
servant	6
shaved	6
cousin	6
lips	6
leather	6
buck	6
watched	6
carpet	6
dear	6
older	6
hillsides	6
beckoned	6
within	6
cause	6
hell	6
third	6
flight	6
started	6
comfortable	6
purpose	6
rail	6
forget	6
knees	6
gogarty	6
leg	6
hed	6
glanced	6
pulled	6
boots	6
nature	6
moved	6
escape	6
bottom	6
crazy	6
treated	6
pillow	6
slow	6
forgot	6
cap	6
diphtheria	6
whitewashed	6
declared	6
washed	6
stories	6
beautiful	6
fairheads	6
begged	6
fireplace	5
fingers	5
patients	5
bushwells	5
closet	5
trying	5
rich	5
gathered	5
ole	5
whispered	5
grimwood	5
desk	5
heered	5
chairs	5
tansy	5
fact	5
struck	5
fellers	5
throat	5
excuse	5
bible	5
wheel	5
remarked	5
decks	5
needs	5
cartmell	5
special	5
working	5
joined	5
resolutely	5
stony	5
bonnet	5
exactly	5
june	5
sisters	5
pocket	5
saturday	5
cream	5
pair	5
pride	5
rachels	5
whisky	5
added	5
log	5
attended	5
throats	5
drawn	5
blew	5
apart	5
state	5
miles	5
arbour	5
pink	5
smooth	5
stowed	5
solemn	5
itself	5
soothingly	5
bein	5
painter	5
begin	5
brilliant	5
worse	5
dresses	5
backs	5
lady	5
eight	5
spent	5
frightened	5
showed	5
private	5
folded	5
honeysuckle	5
awake	5
calico	5
taught	5
virginians	5
jacket	5
belle	5
somehow	5
boat	5
roses	5
keyser	5
wrote	5
journey	5
sooner	5
harm	5
wiped	5
parties	5
seven	5
replied	5
spell	5
plate	5
pedlar	5
distant	5
mandy	5
rings	5
lace	5
glasses	5
tole	5
dar	5
treat	5
patch	5
proud	5
gals	5
nights	5
beyond	5
stick	5
heads	5
questions	5
theyve	5
rise	5
doing	5
grown	5
branches	5
blossoms	5
bethel	5
jumped	5
sang	5
sewing	5
manuel	5
sense	5
street	5
smoke	5
spend	5
news	5
change	5
food	5
serious	5
seems	5
slip	5
strangers	5
throw	5
baptists	5
mart	5
answer	5
mornin	5
act	5
communion	5
havin	5
natural	5
wine	5
entered	5
cotton	5
likes	5
somewhere	5
awaiting	5
friend	5
somethin	5
steps	5
montreal	5
gits	5
turnpike	5
hal	5
hanging	5
behaved	5
however	5
board	5
neighbour	5
wifes	5
tight	5
kindly	5
learn	5
fed	5
bushwell	5
locked	5
laid	5
lazy	5
ravine	5
agoin	5
painted	5
lift	5
springhouse	5
ones	5
comfort	5
finished	5
invalid	5
bonds	5
sheets	5
knocked	5
dirty	5
keeping	5
drawer	5
besides	5
rock	5
hardly	5
borne	5
hush	5
loose	5
pack	5
empty	5
reading	5
addressed	5
delighted	5
considered	5
cross	4
carefully	4
lot	4
ladies	4
bag	4
racing	4
blacks	4
hedges	4
cavalry	4
mighty	4
cutting	4
sea	4
pleased	4
silk	4
potomac	4
thus	4
slavery	4
twenty	4
edge	4
short	4
eager	4
cherry	4
putting	4
saying	4
grandfather	4
pleasure	4
beneath	4
cushions	4
whassa	4
dust	4
guess	4
suppose	4
fight	4
cars	4
expect	4
bridge	4
flowering	4
goodbye	4
understand	4
someers	4
limestone	4
worst	4
management	4
closer	4
marked	4
dutch	4
moses	4
crossing	4
means	4
reticule	4
cake	4
candle	4
bolster	4
driving	4
altogether	4
somebody	4
husbands	4
crying	4
backwoods	4
katie	4
pillows	4
killed	4
twisted	4
meaning	4
carelessly	4
ease	4
pallet	4
wearing	4
missed	4
rid	4
biscuit	4
dollars	4
chile	4
cast	4
orleans	4
compny	4
team	4
fetch	4
calling	4
breeches	4
dull	4
fix	4
buckwheat	4
returned	4
wash	4
alive	4
honest	4
scared	4
wonderful	4
feather	4
mysterious	4
actually	4
lines	4
song	4
freed	4
milk	4
blinds	4
thoughts	4
rule	4
carpetbag	4
grow	4
freshly	4
ankles	4
ladys	4
millhand	4
pictures	4
either	4
lights	4
baptist	4
realized	4
pass	4
stove	4
hurry	4
lilac	4
months	4
worn	4
order	4
baby	4
leaning	4
passage	4
velvet	4
astonishment	4
french	4
ferryman	4
generations	4
shall	4
tick	4
simple	4
fun	4
below	4
sharp	4
wed	4
feelings	4
corner	4
invited	4
wear	4
tooth	4
secretary	4
calls	4
reflected	4
somewhat	4
plump	4
creature	4
sorry	4
havent	4
planted	4
starched	4
looks	4
nose	4
slopes	4
hid	4
case	4
attitude	4
maw	4
confederate	4
basement	4
unable	4
funny	4
shallow	4
happen	4
native	4
price	4
doubtless	4
mare	4
patience	4
mail	4
justice	4
fallen	4
steadily	4
accepted	4
dressingtable	4
dry	4
pull	4
courage	4
foreman	4
pain	4
handkerchief	4
steep	4
favourite	4
orders	4
lil	4
reserved	4
tiny	4
certain	4
disgrace	4
entirely	4
christ	4
ceiling	4
probably	4
bound	4
laughing	4
affection	4
reach	4
doubt	4
captives	4
hillside	4
patted	4
driven	4
greeted	4
tears	4
naturally	4
shelf	4
judge	4
haid	4
washing	4
managed	4
hunt	4
actual	4
dishes	4
enjoyed	4
wrapped	4
nuts	4
charge	4
shand	4
subject	4
gallery	4
holler	4
limb	4
fair	4
idea	4
dying	4
tray	4
hay	4
frederick	4
fill	4
singing	4
bowl	4
midday	4
doorstep	4
candlelight	4
opposite	4
railroad	4
forehead	4
companion	4
warning	4
thirty	4
age	4
spirits	4
noticed	4
throughout	4
single	4
realize	4
iv	4
anyway	4
bolt	4
scene	4
interest	4
overnight	4
minutes	4
isnt	4
quickly	4
climb	4
straw	4
store	4
paid	4
farther	4
thin	4
quarters	4
fairfax	4
platform	4
keysers	4
weve	4
question	4
survived	4
wakened	4
funeral	4
spoken	4
sighed	4
plough	4
seasons	4
wheelchair	4
human	4
stays	4
doors	4
present	4
telling	4
press	4
wagons	4
favour	4
bacon	4
hisself	4
finer	4
bringing	4
estate	4
whip	4
burned	4
valley	4
aloud	4
waited	4
fancy	3
shrubbery	3
interested	3
teatable	3
offered	3
mentioned	3
stuffed	3
duty	3
wench	3
throwing	3
due	3
meekly	3
proved	3
range	3
rake	3
birds	3
brow	3
smoking	3
ironingboard	3
contempt	3
coast	3
storekeeper	3
approached	3
complete	3
rubbed	3
spirit	3
lawdy	3
wool	3
manage	3
slender	3
braided	3
strict	3
skill	3
meeting	3
showing	3
anywhere	3
runaway	3
cargo	3
soup	3
disturb	3
interrupted	3
cose	3
coffins	3
repeated	3
search	3
twilight	3
piece	3
sky	3
rains	3
waist	3
attached	3
hunting	3
bucks	3
falling	3
sigh	3
worked	3
agoing	3
flush	3
creditors	3
noon	3
untied	3
object	3
ledges	3
dreams	3
appear	3
yearly	3
flower	3
runnin	3
deeply	3
bodies	3
vessel	3
fish	3
complained	3
treatment	3
pointed	3
lonely	3
fortnight	3
daylight	3
kep	3
streams	3
intently	3
jug	3
ruddy	3
paused	3
gentle	3
clearly	3
grinding	3
earlier	3
giggle	3
dessert	3
folk	3
reply	3
coats	3
forgive	3
announced	3
famly	3
couple	3
devotion	3
quality	3
decided	3
cow	3
asking	3
race	3
oven	3
cordial	3
yo	3
stared	3
sad	3
reprimand	3
grateful	3
dream	3
voyage	3
character	3
tryin	3
intend	3
greeting	3
loops	3
cheer	3
quilt	3
broth	3
pace	3
nom	3
sheet	3
chillun	3
customarily	3
christian	3
bank	3
flourdust	3
lack	3
strength	3
taste	3
hymns	3
saddle	3
soul	3
easier	3
tastes	3
walks	3
fruit	3
person	3
satisfaction	3
scattered	3
chuckle	3
wheeled	3
unconscious	3
tidewater	3
admired	3
careful	3
courtesy	3
bout	3
ashby	3
heartily	3
heat	3
amused	3
civil	3
tongue	3
inferior	3
caps	3
ended	3
farms	3
relation	3
jolly	3
struggle	3
whispering	3
sweaty	3
although	3
hearth	3
wisht	3
overtake	3
stuff	3
reassured	3
district	3
rushed	3
leading	3
carpets	3
drag	3
stars	3
humour	3
ham	3
scotch	3
ise	3
brave	3
ailing	3
sour	3
neck	3
occasion	3
consent	3
ye	3
cigar	3
flapping	3
shown	3
graciously	3
drying	3
rosy	3
major	3
harvest	3
soil	3
rain	3
playing	3
temper	3
personal	3
sixteen	3
weary	3
mustnt	3
exercise	3
willing	3
recognized	3
england	3
supported	3
fool	3
especially	3
play	3
turban	3
daybreak	3
value	3
gravel	3
belong	3
haying	3
excited	3
doubted	3
defeat	3
slack	3
bureau	3
grim	3
preferred	3
capitol	3
alexandria	3
thanked	3
sly	3
thoroughly	3
burning	3
ironed	3
reckoned	3
gossip	3
kindness	3
mine	3
invalids	3
shelves	3
chunks	3
baking	3
furniture	3
lives	3
boxwood	3
gravelly	3
mosly	3
jacob	3
flesh	3
byroad	3
lilies	3
failed	3
widow	3
nathaniel	3
lookingglass	3
cared	3
graveyard	3
government	3
skeered	3
trudy	3
promptly	3
stable	3
touched	3
suspected	3
crooked	3
sink	3
yourselves	3
persons	3
scythes	3
reason	3
patches	3
hospitality	3
attention	3
christmas	3
jonathan	3
knocking	3
crack	3
underneath	3
dreadful	3
granddaughters	3
dreamy	3
waistcoat	3
saddlebags	3
ear	3
train	3
indian	3
pages	3
stuck	3
mount	3
keeps	3
kettle	3
placed	3
flowerbeds	3
grain	3
attractive	3
vine	3
wonder	3
chuckled	3
key	3
cowper	3
greatly	3
baskets	3
resigned	3
twice	3
straightened	3
ordered	3
hide	3
custom	3
admit	3
childs	3
trip	3
axed	3
thoughtfully	3
group	3
rising	3
uncomfortable	3
drizzle	3
responsible	3
coaxed	3
arranged	3
wheels	3
squares	3
occurred	3
cane	3
cot	3
shrubs	3
orderly	3
pause	3
confidence	3
takes	3
guests	3
shaded	3
southern	3
mammy	3
tone	3
seriously	3
curiosity	3
bundle	3
kinda	3
promised	3
revolutionary	3
sprays	3
flashed	3
charm	3
canebrake	3
accident	3
whose	3
pupils	3
habit	3
spite	3
oak	3
mend	3
dreaded	3
wants	3
dignity	3
questioned	3
market	3
curve	3
bought	3
reaching	3
dimonds	3
experience	3
cedars	3
upright	3
relieved	3
growing	3
hate	3
gay	3
dumb	3
mens	3
eggs	3
bending	3
catch	3
bench	3
ferry	3
greet	3
driveway	3
shamed	3
touch	3
starting	3
runs	3
waitin	3
lounging	3
degree	3
trade	3
arrange	3
downcast	3
selling	3
books	3
midnight	3
stile	3
chosen	3
flybrush	3
officer	3
millhands	3
candy	3
instead	3
slaver	3
walking	3
sassafras	3
ladder	3
cry	3
mark	3
hang	3
satisfied	3
quakers	3
east	3
regarded	3
hearty	3
damned	3
skin	3
curved	3
drawers	3
makin	3
worth	3
flames	3
cheek	3
hotel	3
peughtown	3
distinctly	3
handed	3
explain	3
examined	3
crippled	3
dance	3
sleeps	3
guest	3
delicate	3
hostess	3
lighted	3
ducked	3
shame	3
british	3
sticks	3
locust	3
begun	3
kiss	3
roaring	3
travel	3
limped	3
joke	3
makes	3
played	3
hymn	3
plank	3
shaving	3
tie	3
cheerfully	3
urn	3
dead	3
apples	3
excitement	3
sprang	3
dressing	3
interrupt	3
credit	3
rags	3
village	3
brightened	3
plan	3
chains	3
hereabouts	3
bent	3
loss	3
northern	3
insisted	3
holy	3
carpenter	3
hitchpost	3
grinned	3
washbasin	3
troubled	3
outbreak	3
winder	3
cousins	3
maple	3
boards	3
listening	3
ten	3
interview	3
chicken	3
sale	3
drooping	3
dread	3
beginning	3
devoted	3
worries	3
tobacco	3
deer	3
burst	3
shaped	3
offer	3
gazing	3
divided	3
hoofs	3
shivering	3
sings	3
giving	3
designs	3
seventeen	3
tossed	2
indulgence	2
duties	2
greatgrandsons	2
dinners	2
indulgent	2
secret	2
relaxed	2
middle	2
welltodo	2
thomas	2
hitchblock	2
burial	2
bedstead	2
sobs	2
behaviour	2
murder	2
eleven	2
fitted	2
weight	2
schoolmaster	2
rolling	2
maples	2
discontent	2
handkerchiefs	2
stroking	2
thoughtful	2
avoid	2
concealed	2
firelight	2
disappointed	2
plated	2
nowadays	2
tidies	2
rights	2
disturbed	2
shutters	2
beaten	2
lordy	2
striped	2
carpetrags	2
dwelling	2
companions	2
swiftly	2
rebel	2
discouraged	2
oval	2
stair	2
messages	2
lifting	2
services	2
system	2
anger	2
feathers	2
watchers	2
stole	2
tavern	2
scornful	2
sukey	2
aunts	2
verses	2
final	2
scarecrow	2
star	2
castors	2
interfered	2
scars	2
gayer	2
beds	2
angry	2
talkin	2
expose	2
shared	2
hail	2
correcting	2
squirrels	2
advantage	2
bushy	2
huddled	2
lettuce	2
vigour	2
shawls	2
posts	2
hired	2
curious	2
dew	2
imitate	2
awakened	2
rocks	2
kinder	2
flogging	2
funerals	2
frankly	2
pans	2
discarded	2
ruin	2
cure	2
moonshiners	2
unpack	2
captured	2
queer	2
proposal	2
fright	2
according	2
alike	2
soiled	2
brief	2
chambers	2
clapper	2
crystal	2
mornings	2
overboard	2
laying	2
chesnut	2
vessels	2
steady	2
oldest	2
sail	2
dropsical	2
frame	2
dusty	2
waving	2
murmuring	2
louisiana	2
turning	2
sum	2
morrison	2
ma	2
paws	2
frost	2
writing	2
warming	2
youngest	2
frozen	2
dem	2
smiling	2
purty	2
weathers	2
mildly	2
fortunate	2
bodys	2
teakettle	2
emerged	2
shrewd	2
barely	2
crest	2
veterans	2
fences	2
lonesome	2
inheritance	2
relatives	2
deliberately	2
males	2
travellers	2
alleghenies	2
conviction	2
cracked	2
comment	2
recalling	2
sensed	2
lied	2
engagement	2
cellar	2
blow	2
remembering	2
whereabouts	2
portico	2
meat	2
extravagance	2
sah	2
gittin	2
callin	2
thinks	2
counted	2
increase	2
cashmere	2
approved	2
straightening	2
fifteen	2
disclosed	2
disturbing	2
john	2
bold	2
october	2
neglected	2
mournful	2
peep	2
r	2
tollgate	2
enter	2
pipes	2
match	2
comfortably	2
injustice	2
anxious	2
crouching	2
fragrance	2
distracted	2
acres	2
sixty	2
wretched	2
wintergreen	2
sill	2
incident	2
works	2
lutheran	2
loaves	2
richer	2
darkened	2
lie	2
kissed	2
yisteday	2
trait	2
amiss	2
cried	2
hepped	2
pew	2
ajar	2
stripped	2
nightgowns	2
threatened	2
lap	2
moren	2
tween	2
advanced	2
urged	2
wicked	2
bake	2
health	2
presents	2
rivers	2
sack	2
squeaky	2
auntie	2
vanished	2
robbery	2
punishment	2
accompany	2
youse	2
pool	2
palms	2
gurgled	2
anxiously	2
spirited	2
clever	2
noted	2
faced	2
embarrassment	2
gown	2
pinned	2
merely	2
mansion	2
fellows	2
thatchers	2
bull	2
shiftless	2
gripped	2
rented	2
muttered	2
bumped	2
las	2
awkward	2
balls	2
dash	2
breezy	2
future	2
captains	2
conceal	2
turkey	2
unobserved	2
sounded	2
handles	2
meanest	2
murmured	2
underwear	2
click	2
bones	2
flatiron	2
snatched	2
energetic	2
smith	2
hollow	2
marster	2
insurance	2
gravely	2
excused	2
warnings	2
chaise	2
doorway	2
uneasily	2
dogwood	2
thinly	2
blushed	2
swath	2
scamp	2
raise	2
hidden	2
garments	2
walnut	2
fault	2
sellers	2
army	2
churned	2
garnet	2
porticos	2
gray	2
jealous	2
occupied	2
powerful	2
pig	2
notice	2
matters	2
darn	2
firmly	2
gilt	2
cover	2
backcountry	2
speck	2
thighs	2
jaw	2
station	2
prefer	2
sore	2
mud	2
abroad	2
whos	2
passing	2
stead	2
triflin	2
swept	2
breaking	2
beard	2
knee	2
blazed	2
blooming	2
trial	2
unless	2
seamen	2
building	2
mister	2
slide	2
fleecy	2
clothed	2
millpond	2
paleblue	2
arrived	2
highbacked	2
hers	2
refused	2
scapegrace	2
fit	2
graves	2
perfect	2
wandering	2
occasions	2
broadcloth	2
hundred	2
month	2
cemetery	2
dusk	2
representative	2
shy	2
misfortune	2
liking	2
parts	2
mills	2
rattled	2
feared	2
winked	2
hinder	2
shorely	2
columns	2
sunbonnets	2
hungry	2
cool	2
inland	2
dawn	2
lid	2
hates	2
fieldhands	2
gourds	2
worship	2
surprise	2
blame	2
failing	2
kicked	2
beat	2
lowered	2
strongly	2
considerable	2
hire	2
die	2
delicately	2
flavoured	2
shepherd	2
hydrant	2
finery	2
protection	2
fried	2
wave	2
highroad	2
elbows	2
loft	2
counterpane	2
dropsy	2
forgotten	2
frosts	2
fuss	2
finding	2
brushed	2
schoolroom	2
curtain	2
differences	2
sons	2
separated	2
saved	2
foller	2
screamed	2
hoping	2
cheerful	2
storey	2
razor	2
steward	2
staff	2
treasures	2
splintbottom	2
judgment	2
hams	2
interesting	2
middling	2
fastened	2
rightly	2
bursting	2
unexpectedly	2
hairbrush	2
bottle	2
dutchman	2
picture	2
serve	2
lash	2
petticoat	2
overcoats	2
meal	2
misfortunes	2
count	2
friday	2
pound	2
comforting	2
trumpet	2
level	2
pieces	2
happiest	2
roast	2
shant	2
freedom	2
suffered	2
charged	2
cripple	2
visits	2
brooms	2
stump	2
spruce	2
pipe	2
composure	2
ragged	2
hearing	2
design	2
tremblin	2
farming	2
loud	2
ball	2
indignation	2
faith	2
agreeable	2
force	2
pulpit	2
buggy	2
wagon	2
york	2
creatures	2
unhappy	2
provided	2
form	2
following	2
foreign	2
twelve	2
dined	2
powdered	2
terror	2
dropping	2
covering	2
toe	2
napkin	2
bucket	2
taylors	2
check	2
striking	2
history	2
mattress	2
amost	2
ashamed	2
indignantly	2
thrust	2
blankets	2
bawn	2
itll	2
taunting	2
cruelty	2
horsehair	2
rattle	2
swabs	2
placid	2
expression	2
shuffling	2
scenes	2
rustic	2
shone	2
parted	2
apprehension	2
trotting	2
twinkle	2
female	2
sailors	2
figured	2
milestone	2
staying	2
overcome	2
pity	2
jars	2
enjoy	2
dismounted	2
ate	2
stooped	2
rumpled	2
wasted	2
bedcords	2
clumsy	2
crouched	2
wise	2
granted	2
community	2
whipped	2
sudden	2
merrylegs	2
drownded	2
v	2
marble	2
pure	2
ledge	2
housework	2
rare	2
dripping	2
remembers	2
stout	2
thickets	2
letting	2
mouthful	2
faster	2
amongst	2
waken	2
slavecatchers	2
moisture	2
encourage	2
woodpile	2
oblige	2
vague	2
prosperous	2
least	2
gentleman	2
singular	2
sulphur	2
drinking	2
situation	2
ribbon	2
jolting	2
cooking	2
coffin	2
shades	2
rested	2
den	2
frowned	2
roll	2
trunks	2
doesnt	2
chanced	2
hello	2
tramp	2
faintly	2
frowning	2
mats	2
sharply	2
stirring	2
companionship	2
curling	2
tune	2
rum	2
wavy	2
politely	2
curled	2
granny	2
ourselves	2
psalm	2
soldiers	2
chin	2
hitched	2
indians	2
wider	2
snow	2
goodnight	2
drenched	2
height	2
sunbonnet	2
stamp	2
federal	2
earrings	2
autumn	2
written	2
countenance	2
gently	2
jeffs	2
anchor	2
deliver	2
eggnog	2
complain	2
resting	2
energy	2
burn	2
picking	2
chain	2
larger	2
dim	2
useful	2
ambitious	2
removed	2
troops	2
dairyman	2
hearts	2
teach	2
ledger	2
partly	2
dared	2
vigorously	2
bridle	2
paw	2
invitation	2
turkeys	2
puzzle	2
mouthorgan	2
stuffing	2
smelled	2
curtains	2
heres	2
branch	2
positive	2
coolly	2
turrible	2
histry	2
oughta	2
muslin	2
shore	2
quilts	2
opening	2
countrymen	2
blade	2
accomplished	2
suppertime	2
silvery	2
searching	2
supposed	2
china	2
moonshine	2
social	2
cots	2
ripe	2
respect	2
quit	2
received	2
planters	2
slight	2
trembling	2
sally	2
cushion	2
visiting	2
termed	2
shock	2
butter	2
locusts	2
befo	2
troubles	2
clenched	2
answered	2
crock	2
luck	2
han	2
goldcoloured	2
moon	2
molasses	2
caroline	2
puzzling	2
marys	2
heap	2
opinions	2
storeroom	2
hidin	2
collect	2
springwagon	2
dipper	2
handwriting	2
mellow	2
homesick	2
solid	2
stock	2
physical	2
pleasantness	2
readingtable	2
circumstances	2
robert	2
instance	2
victuals	2
blueblack	2
enjoyment	2
possibility	2
clung	2
gardens	2
oftener	2
conscious	2
dried	2
gets	2
noiselessly	2
referred	2
handle	2
frames	2
salt	2
boot	2
therefore	2
lands	2
deliberate	2
peering	2
swollen	2
granma	2
share	2
promises	2
tankards	2
guy	2
relations	2
sixth	2
hoped	2
shrugged	2
row	2
suit	2
reverend	2
deeded	2
evenings	2
orange	2
tease	2
cultivated	2
helping	2
teacup	2
irresistible	2
peace	2
clay	2
damper	2
schoolmates	2
wellenough	2
convenient	2
timidly	2
skirt	2
lit	2
cumfable	2
packing	2
cups	2
condition	2
rushing	2
lees	2
twentyfive	2
pitiful	2
crumpled	2
garret	2
puffy	2
diverted	2
extravagant	2
pivot	2
doin	2
liberty	2
giggled	2
teacher	2
molly	2
idolatrous	2
drawling	2
arch	2
bath	2
headstones	2
rafters	2
warmly	2
jury	2
pitcher	2
envelope	2
sleepingchamber	2
control	2
roots	2
released	2
nowhere	2
cakes	2
earnestly	2
draped	2
sawdust	2
languidly	2
snapped	2
privilege	2
childhood	2
training	2
animated	2
bloody	2
chimney	2
instant	2
annoyance	2
creeper	2
ceased	2
harpers	2
wrought	2
modern	2
lookahere	2
trifle	2
ducks	2
catching	2
determined	2
africa	2
guard	2
port	2
considering	2
limp	2
nurse	2
shouldnt	2
irish	2
standin	2
harsh	2
flanders	2
indoor	2
becky	2
boston	2
period	2
skippers	2
pairs	2
devilish	2
bedchamber	2
capture	2
lined	2
sleepy	2
smacked	2
nervously	2
cautious	2
pennsylvany	2
propped	2
axdressed	2
further	2
grudge	2
occasionally	2
fists	2
playhouse	2
longfields	2
relish	2
fraid	2
blush	2
worried	2
nightgown	2
tucked	2
bunch	2
ashbys	2
negress	2
archly	2
aside	2
departure	2
dairy	2
fooled	2
direction	2
intelligent	2
eyebrows	2
comfable	2
realization	2
armchair	2
victor	2
ladylike	2
portraits	2
andy	2
ointment	2
notion	2
minded	2
active	2
tightly	2
disapproved	2
parents	2
approach	2
longfield	2
tract	2
jump	2
vi	2
expressed	2
cave	2
mammys	2
mist	2
gardener	2
breeze	2
public	2
rows	2
stockade	2
ignoramus	2
halstead	2
greatgrandmother	2
indifference	2
kid	2
sign	2
accent	2
boss	2
ghost	2
stored	2
fierce	2
slaveowning	2
ox	2
generous	2
pigs	2
depen	2
agittin	2
trash	2
moss	2
halsteads	2
hats	2
hanged	2
fortin	2
slowed	2
belongings	2
trousers	2
happier	2
chose	2
taverner	2
acquainted	2
disappearance	2
alaffin	2
shattered	2
pickin	2
puts	2
bowls	2
handful	2
scuttled	2
banister	1
lusted	1
footing	1
mending	1
oughtnt	1
spades	1
figger	1
sawed	1
bunyan	1
gutters	1
fishing	1
premiums	1
shoots	1
creaked	1
wallpaper	1
perceptions	1
giddy	1
gully	1
relieve	1
persuaded	1
prospect	1
territory	1
roasting	1
tarrying	1
pembertons	1
tumblers	1
milliner	1
delight	1
racks	1
safety	1
hersef	1
preferences	1
steaming	1
marks	1
berries	1
seamed	1
attendance	1
fowls	1
stir	1
finally	1
dissatisfaction	1
nap	1
innumerable	1
flickering	1
admiringly	1
judges	1
skelter	1
evenin	1
spat	1
unbending	1
omitted	1
o	1
tenants	1
shouts	1
pressed	1
wiping	1
niggahs	1
lickings	1
belongin	1
jamaica	1
duskiness	1
jackson	1
nosed	1
gods	1
shiny	1
remark	1
nimble	1
tunes	1
berryville	1
cheerbottom	1
spoil	1
solely	1
blandly	1
squeezed	1
hatthis	1
wishfully	1
awful	1
womenfolk	1
captivity	1
briskly	1
strangeness	1
whims	1
heavily	1
journeys	1
brooch	1
pappyll	1
attentive	1
schedule	1
victorious	1
methods	1
likeliest	1
knockers	1
chiefly	1
gardeners	1
outdoor	1
recumbent	1
eldest	1
pressure	1
cowhide	1
downpour	1
waterdrops	1
sweeter	1
melting	1
strongern	1
cabinetmaker	1
seeped	1
rainy	1
irresolute	1
slavetraders	1
whereas	1
willie	1
soberly	1
signed	1
whoever	1
chairback	1
knitting	1
silvah	1
nimbly	1
gloated	1
consultation	1
grasshopper	1
disease	1
mushrooms	1
boatload	1
implied	1
wonders	1
glancing	1
steeppitched	1
fertile	1
impressivelyunless	1
daily	1
panted	1
simply	1
tones	1
armament	1
despair	1
sacking	1
dip	1
invisible	1
forty	1
journeyings	1
shimmy	1
midsummer	1
equal	1
bearing	1
peeped	1
frilled	1
yous	1
deportment	1
bizness	1
outrun	1
fawn	1
entreated	1
whitefaced	1
crepe	1
mes	1
dancing	1
refreshing	1
whimsical	1
receiving	1
mountainsympathetically	1
genleman	1
refreshment	1
scentless	1
ahead	1
lawn	1
sniffed	1
pursestrings	1
lookin	1
bellyfula	1
th	1
hearten	1
scarlet	1
invite	1
november	1
verdure	1
bandboxes	1
chatting	1
doins	1
swallows	1
belt	1
farewell	1
uncouth	1
surprised	1
buryinggrounds	1
number	1
alarm	1
splashes	1
amusing	1
stealthy	1
mudturtle	1
loveliness	1
scratching	1
convinced	1
tarpaulin	1
tallow	1
winters	1
grade	1
kickthen	1
lovelier	1
currants	1
policy	1
pulls	1
motoring	1
bettern	1
characters	1
washday	1
whisperings	1
prospects	1
revivals	1
stems	1
betrayed	1
remind	1
reduced	1
daughtera	1
ironies	1
prowling	1
erect	1
tolerant	1
deerskin	1
lake	1
brushing	1
scattering	1
booty	1
overalls	1
brake	1
govment	1
latterly	1
colonel	1
handshake	1
highly	1
decidedly	1
somehoworother	1
saddling	1
n	1
inch	1
fry	1
purse	1
poison	1
weaver	1
clotheslines	1
thanks	1
nimblest	1
transplant	1
herhad	1
hoar	1
hoag	1
questioning	1
stagedriver	1
kinfolks	1
berkeley	1
legislature	1
devilment	1
blacksnakes	1
sundays	1
smacking	1
unconvivial	1
impatience	1
dresser	1
flickered	1
fetters	1
creamwhite	1
dismount	1
brand	1
freshened	1
strolled	1
deformity	1
disadvantage	1
risin	1
stiffly	1
sifted	1
bandages	1
zinc	1
discomforts	1
houseman	1
fairly	1
tongs	1
thrusting	1
moves	1
straightforward	1
shrank	1
northwestern	1
shine	1
freshground	1
breathed	1
laughter	1
barns	1
block	1
woolstuffed	1
mannahs	1
treble	1
fluid	1
sparrow	1
spy	1
provisions	1
ribands	1
loses	1
swallowing	1
aired	1
sermons	1
battercakes	1
fumbled	1
conduct	1
related	1
carries	1
uncommunicative	1
canned	1
gingercakes	1
grimwoodsany	1
frighten	1
zealously	1
gather	1
slippin	1
amputation	1
reverence	1
terrorized	1
calluses	1
bargain	1
uttering	1
songs	1
lookathere	1
mica	1
shyly	1
drainage	1
deeding	1
jabbered	1
dotageshe	1
mantel	1
correctness	1
soprano	1
lays	1
baggage	1
jokes	1
rightful	1
owning	1
shadow	1
goodness	1
beaver	1
heathen	1
dished	1
forbidden	1
glorious	1
cheerfulness	1
rotting	1
flowed	1
proper	1
unseen	1
drawing	1
behave	1
inhabitants	1
lucky	1
naught	1
veranda	1
suavely	1
meddled	1
slighted	1
craving	1
using	1
preachin	1
meanin	1
mile	1
pea	1
unknown	1
discuss	1
vacations	1
complexion	1
foremen	1
grandfathers	1
amighty	1
battercake	1
bandage	1
joseph	1
loosely	1
wary	1
hunted	1
grudged	1
pinewood	1
doctah	1
ulcerated	1
layed	1
frowsy	1
woodframed	1
deaths	1
selfcentred	1
sewed	1
unconsciously	1
plates	1
shiver	1
tiptoed	1
grandmothers	1
mastiff	1
waddled	1
eighthole	1
suffer	1
ginger	1
cordiality	1
canvases	1
mown	1
aisle	1
icehousea	1
tinsmith	1
spacious	1
mawnin	1
deery	1
storiesher	1
circled	1
bays	1
aboutthat	1
lordly	1
foliage	1
supposedly	1
votes	1
lunchbox	1
huhhuh	1
pleadingly	1
vilets	1
billiard	1
fumigated	1
parcel	1
waddle	1
trainers	1
gentlemen	1
kenwood	1
denuded	1
alcohol	1
somebodyll	1
rush	1
goodlooking	1
sickening	1
protestant	1
hesitated	1
pushing	1
exchange	1
subscribed	1
lastlet	1
notified	1
restlessness	1
risk	1
rue	1
villain	1
sights	1
painfully	1
swarthy	1
scrambling	1
oozing	1
lodged	1
bowkays	1
bettah	1
pennyroyal	1
condemnation	1
melon	1
unusual	1
wenches	1
cordially	1
flowerpicking	1
bar	1
countrywoman	1
buyers	1
noises	1
halloo	1
whimperin	1
giffen	1
prison	1
reddish	1
acourting	1
eyelids	1
learns	1
carnalsense	1
severest	1
helpings	1
guessed	1
noose	1
asparagus	1
outraged	1
maam	1
antimacassar	1
faintness	1
sposed	1
meetin	1
boiling	1
turnoff	1
morsel	1
fade	1
beams	1
belly	1
plaited	1
nohow	1
overgrown	1
jaws	1
stein	1
passers	1
wiry	1
gardening	1
studs	1
amuse	1
sulks	1
streamed	1
nephews	1
whetstones	1
affectionate	1
comforted	1
useless	1
atmosphere	1
superiority	1
enclosed	1
bruise	1
respectful	1
hatch	1
tankard	1
lethargy	1
twostorey	1
complimented	1
bordered	1
lifetime	1
wornout	1
whither	1
ominous	1
threecornered	1
toy	1
scantily	1
impatient	1
flew	1
thrifty	1
sneering	1
preparing	1
jakes	1
handbag	1
admitting	1
swishing	1
secondbest	1
regardless	1
shabby	1
shawlpin	1
scurried	1
smothered	1
dab	1
hint	1
irontired	1
peacocks	1
fracas	1
benches	1
lose	1
mourningbordered	1
meatcuring	1
tother	1
willbewill	1
furnished	1
bookcase	1
exploits	1
devon	1
abruptly	1
wanders	1
indolence	1
rickety	1
brandied	1
shift	1
deciding	1
hires	1
malt	1
needle	1
blacking	1
enemies	1
sweeping	1
power	1
foragers	1
main	1
ponhos	1
malicious	1
accomplishments	1
risen	1
wonderfully	1
dolly	1
devout	1
dissenting	1
heralds	1
commandment	1
tickled	1
summed	1
quietness	1
howdy	1
circles	1
wellbuilt	1
dryly	1
clusters	1
unstirring	1
instructions	1
folly	1
saddlehorse	1
tender	1
adjacent	1
sandwiches	1
darker	1
waterfall	1
southerners	1
disreputable	1
avenues	1
eh	1
dusted	1
passes	1
pretext	1
delicacies	1
dealing	1
extend	1
moving	1
discussions	1
frank	1
widespreading	1
hopped	1
genlemen	1
shipping	1
intrepid	1
mockorange	1
hairy	1
recalled	1
connection	1
philadelphia	1
peach	1
rampant	1
compressed	1
writes	1
icy	1
enduring	1
fans	1
rays	1
cows	1
kalmia	1
aher	1
polished	1
ripest	1
epiloguetwentyfive	1
law	1
command	1
expert	1
influence	1
humiliated	1
repelled	1
brimmed	1
darkly	1
improve	1
shears	1
blackspotted	1
sermon	1
afeered	1
length	1
immigrantsas	1
hymnbook	1
bedrooms	1
ledgers	1
bathe	1
saviour	1
somethinga	1
whispers	1
grist	1
reconciliation	1
dampness	1
freer	1
skimping	1
bosom	1
sich	1
wheeltracks	1
continue	1
dressmaker	1
foottub	1
logs	1
unbosom	1
hooker	1
anywheres	1
manumitted	1
seas	1
measles	1
principles	1
flavour	1
danger	1
dozing	1
slyness	1
ofthere	1
uncertain	1
fauquier	1
astonished	1
hotwater	1
blazing	1
movements	1
freely	1
fleshy	1
girlbut	1
amount	1
lordll	1
mose	1
soaking	1
scolding	1
graveside	1
nostrils	1
bade	1
terrapin	1
lawns	1
persecuted	1
fourwheeler	1
wound	1
prevented	1
reunions	1
disappear	1
moreover	1
glittered	1
liberally	1
marching	1
innocent	1
rules	1
bolted	1
approve	1
gulf	1
flighthere	1
willow	1
pumpkins	1
unfolding	1
sycamore	1
folding	1
turner	1
contemptuous	1
cities	1
waked	1
stepping	1
trivial	1
finish	1
stinks	1
assemble	1
rocky	1
lingeringly	1
beckys	1
created	1
crossbeams	1
legal	1
prophets	1
scornfully	1
testified	1
flamed	1
metal	1
pronunciation	1
baked	1
epicures	1
counter	1
snakes	1
shifted	1
womans	1
feelin	1
extended	1
rainbows	1
chairbottomsif	1
presence	1
arrive	1
jonah	1
andrew	1
african	1
exasperate	1
lapsed	1
hesitating	1
card	1
squatting	1
cryin	1
starved	1
rambling	1
sling	1
mugs	1
stooping	1
grounds	1
countrybred	1
wilted	1
flighty	1
required	1
pasture	1
stubbornly	1
successive	1
waterwheel	1
fortitude	1
successful	1
fairfaxs	1
kings	1
applied	1
chew	1
accounting	1
shortlived	1
cautiously	1
questionsit	1
bands	1
distance	1
grin	1
throaty	1
railroads	1
distinctions	1
confidant	1
soreness	1
barking	1
devonshire	1
nameless	1
contract	1
bigger	1
sorta	1
quail	1
conveyed	1
paths	1
mounted	1
carpetweaver	1
crown	1
footprints	1
christianas	1
headdress	1
bes	1
shield	1
syringa	1
appealing	1
sideboard	1
ends	1
fever	1
hints	1
creeping	1
exclaimed	1
clubfoot	1
homesickness	1
fountains	1
coachandfour	1
welcomed	1
shadowy	1
confidently	1
warmhearted	1
sparrer	1
strips	1
bewilderment	1
local	1
appointments	1
eavesdropping	1
shrivelledup	1
chirping	1
bears	1
whippoorwill	1
load	1
conveyance	1
vinecovered	1
pump	1
haywagon	1
defeated	1
dragging	1
lobsters	1
permissible	1
properly	1
prisoner	1
shape	1
jeffers	1
clarke	1
reserve	1
restlessly	1
continued	1
ridin	1
bowed	1
peter	1
caughtintheact	1
familiar	1
elsewhere	1
fewer	1
vaguely	1
waits	1
shenandoah	1
festivities	1
charming	1
specs	1
georgia	1
overreached	1
settin	1
kinsmen	1
falseit	1
screaming	1
carved	1
butcher	1
storytoo	1
nephewa	1
salvah	1
denied	1
knowing	1
ears	1
bettys	1
pantry	1
gipsys	1
sternly	1
limber	1
grandma	1
agitating	1
supplies	1
markets	1
recognition	1
hardbeaten	1
inspection	1
towels	1
floury	1
hips	1
salute	1
medicine	1
assembled	1
fern	1
lunched	1
hummed	1
diabolonians	1
vegetables	1
smells	1
spikes	1
pews	1
matterof	1
mansard	1
thrashing	1
beg	1
steal	1
precious	1
blasting	1
sake	1
shied	1
forlorn	1
freezer	1
ashes	1
sunk	1
bitter	1
indecent	1
snugly	1
manager	1
evidently	1
bleeding	1
incapacitated	1
druther	1
deserving	1
burnt	1
nicesomething	1
breathless	1
complaint	1
tail	1
leavin	1
socks	1
twentyfour	1
dispersed	1
shews	1
precise	1
mas	1
confederacy	1
crawling	1
expensesthough	1
calves	1
colds	1
readiness	1
newspapers	1
scaredlike	1
haymow	1
leaf	1
pawing	1
homespun	1
strings	1
unwillingly	1
wanderingly	1
daves	1
flustered	1
bleakness	1
whitfords	1
resistance	1
spineless	1
nudged	1
flatfaced	1
virginian	1
revellers	1
thickness	1
seventies	1
bluish	1
yea	1
entertains	1
irked	1
cowerin	1
presentable	1
gloves	1
smokepipes	1
canes	1
peanut	1
general	1
shouting	1
bastard	1
handholds	1
fichu	1
knowledge	1
whichaway	1
drown	1
model	1
rhythmically	1
clasped	1
separating	1
gorilla	1
captive	1
milll	1
dashing	1
cabinshe	1
customers	1
furiously	1
emmanuel	1
sickened	1
wistfully	1
loosen	1
onct	1
farmhouse	1
thirsty	1
gobblers	1
unpronounceable	1
direcly	1
muscular	1
housekeeping	1
millwheels	1
mistressbeating	1
stirred	1
wintertime	1
austere	1
promising	1
overgrowth	1
obediently	1
produce	1
numbers	1
aday	1
possessed	1
congress	1
cobbler	1
fled	1
humility	1
crop	1
framed	1
religious	1
brandy	1
nod	1
warmer	1
slipping	1
wines	1
toddy	1
wraps	1
champagne	1
clipped	1
suspicions	1
debts	1
cholera	1
millwheel	1
steamboats	1
attic	1
howling	1
dish	1
hasnt	1
praiseand	1
outoftheway	1
mittens	1
jobs	1
todo	1
image	1
willed	1
unbecomin	1
medicines	1
operation	1
nowheres	1
twelveyearold	1
thrown	1
resolute	1
chopped	1
slope	1
independent	1
canning	1
reassuring	1
williamsport	1
chemise	1
rear	1
verse	1
icehouse	1
pudding	1
pertleball	1
suffers	1
jake	1
failure	1
mutilated	1
respectable	1
gigglelight	1
discussing	1
peacock	1
millpawnd	1
limping	1
yarn	1
shirtsleeves	1
wooded	1
afore	1
alighted	1
helter	1
motioned	1
evil	1
tappings	1
bothering	1
sobbing	1
established	1
carelessness	1
pesterin	1
untempered	1
beseechingly	1
meted	1
premium	1
rouse	1
gambling	1
procession	1
spices	1
reeling	1
abeen	1
retaken	1
stamping	1
treasure	1
sunshiny	1
leaked	1
reminded	1
plumb	1
affair	1
slaughter	1
suggestiveness	1
invocation	1
descendants	1
conferences	1
povertythe	1
whiteness	1
kindliness	1
unloaded	1
speechless	1
shrewdly	1
wavering	1
operating	1
tended	1
clove	1
wolfe	1
staggered	1
madam	1
choked	1
package	1
provide	1
steadiest	1
lawd	1
farmhands	1
neglect	1
keener	1
begot	1
axhewn	1
wire	1
roomhe	1
stubborn	1
claimed	1
ordained	1
lets	1
serene	1
feller	1
artisans	1
warmth	1
wholl	1
cat	1
seized	1
stamps	1
intense	1
discomfort	1
maryland	1
cannot	1
dullest	1
maids	1
deceived	1
restrain	1
suspension	1
franklin	1
revealed	1
elliot	1
loitering	1
buttoned	1
vomit	1
contact	1
clomb	1
addressee	1
dismembering	1
buckling	1
haingdawg	1
relented	1
housekeepin	1
longtailed	1
disapproving	1
hopeless	1
fidgety	1
hose	1
lanterns	1
mirror	1
couples	1
appreciation	1
spruceclad	1
females	1
medical	1
prolong	1
dismissed	1
overlook	1
munching	1
ridinghabit	1
aholdin	1
dough	1
effrontery	1
eighty	1
repetitions	1
hangs	1
peppermint	1
wickedness	1
unexpectedness	1
muse	1
rider	1
swallowed	1
faint	1
gait	1
amiably	1
sewn	1
backward	1
pray	1
gates	1
scuffling	1
swarmed	1
clad	1
nancyd	1
dreary	1
cattle	1
slightly	1
harshness	1
perplexed	1
considerate	1
troublemaker	1
beloved	1
economy	1
uncontaminated	1
abstemious	1
mailbag	1
nearest	1
mannerswith	1
approaching	1
odd	1
wounded	1
gallantly	1
benjamin	1
minds	1
snug	1
kink	1
cushioned	1
lissome	1
german	1
ancestry	1
ferryso	1
ringing	1
judged	1
conspiracy	1
feature	1
roun	1
unfathomable	1
undah	1
valued	1
florid	1
conclusion	1
frantic	1
eagerly	1
puppies	1
stonewall	1
madeira	1
unlocked	1
cocks	1
divinity	1
swab	1
tighter	1
splashed	1
downcurved	1
owns	1
greyandchestnut	1
loneliness	1
hit	1
concern	1
entertain	1
coal	1
finds	1
surmises	1
glistening	1
stropping	1
cather	1
disposition	1
merry	1
strongest	1
syllables	1
nominee	1
preoccupation	1
figgered	1
arent	1
sleighing	1
glimpse	1
waved	1
fatally	1
thankful	1
counting	1
bordering	1
adding	1
demoralize	1
masses	1
save	1
bokays	1
woolly	1
townsmen	1
sneak	1
divert	1
breaks	1
distinction	1
information	1
trifling	1
stalk	1
slackness	1
tom	1
sees	1
mouthed	1
shod	1
infection	1
filling	1
largely	1
silently	1
preachers	1
coals	1
gabriel	1
plea	1
sugarcakes	1
uprights	1
lungs	1
forks	1
throbbing	1
unquestioningly	1
drifted	1
nelly	1
eagerness	1
wellplaced	1
halt	1
scallops	1
sunny	1
iced	1
nominal	1
bleach	1
daredevil	1
cheerily	1
replace	1
dr	1
awhile	1
himlooking	1
anussin	1
rainbarrel	1
malady	1
shingle	1
careless	1
chickens	1
lamern	1
lent	1
campmeetings	1
dogs	1
disappointment	1
starlike	1
completed	1
genuine	1
script	1
appreciative	1
fugitive	1
coonskin	1
managers	1
add	1
dis	1
blades	1
vermont	1
churchgoing	1
melted	1
sweat	1
employ	1
foam	1
heartbreaking	1
toothache	1
contagious	1
infancy	1
flint	1
crushed	1
slatepaved	1
snowfall	1
sufficient	1
knock	1
daniel	1
pleasantest	1
irons	1
zigzag	1
storeys	1
exile	1
whimper	1
drappin	1
booksand	1
dolls	1
hoe	1
familiarity	1
gain	1
injury	1
brotherinlaw	1
scotchman	1
millhan	1
ring	1
surveyed	1
knelt	1
coral	1
dozen	1
restored	1
incapable	1
lurks	1
bubbled	1
flitted	1
separate	1
lurked	1
anyways	1
pond	1
lissomethat	1
resident	1
dippers	1
sheep	1
leafbud	1
tinkering	1
wreck	1
hole	1
disinclined	1
capable	1
postmistresss	1
tot	1
untiring	1
declare	1
fluted	1
genteel	1
extra	1
macadam	1
stiff	1
coward	1
nickname	1
outwitted	1
amazed	1
anticipation	1
comely	1
rapid	1
lick	1
contradictions	1
neednt	1
solicitude	1
hallway	1
wit	1
artlessly	1
averted	1
tolerance	1
gentlemanof	1
tollgirl	1
strand	1
bidden	1
frosty	1
sinking	1
schooled	1
fortyfour	1
irresponsible	1
injunctions	1
disappoint	1
quivering	1
breast	1
poke	1
garter	1
difference	1
miserable	1
evident	1
blackandwhite	1
wilt	1
hals	1
sweetness	1
remorseful	1
passages	1
manly	1
flood	1
fistfighters	1
glassescase	1
canvascovered	1
quantities	1
nownaked	1
culled	1
cannibal	1
zack	1
official	1
gasped	1
lewd	1
isolated	1
outward	1
enjoying	1
wes	1
yeahs	1
angel	1
buchans	1
worrying	1
suggest	1
emotional	1
skirts	1
damnfool	1
sought	1
masterful	1
airs	1
snowcovered	1
chintz	1
abandoned	1
perpetual	1
wormy	1
esteemed	1
plume	1
reproach	1
blundering	1
goldskinned	1
ess	1
hook	1
casually	1
envelopes	1
woodbox	1
achieved	1
deviltry	1
maws	1
tattling	1
barethe	1
refugefrom	1
hungrily	1
masterfulness	1
succeeded	1
spire	1
mockingly	1
anxiety	1
imagined	1
lockhearts	1
dawdled	1
falteringly	1
louisianians	1
egypt	1
ticklin	1
divined	1
blast	1
convictions	1
shows	1
aketched	1
chimley	1
golden	1
afford	1
member	1
murmur	1
toast	1
nevertheless	1
boggy	1
rug	1
sickrooms	1
puzzled	1
gratefully	1
lunch	1
peculiar	1
closely	1
dreariest	1
claw	1
dutiful	1
enmities	1
cards	1
statement	1
fourpost	1
remained	1
unfolded	1
musicroom	1
lease	1
keepsakes	1
uniform	1
buying	1
stingy	1
absently	1
hut	1
appropriate	1
auld	1
rockingchair	1
bet	1
loop	1
motives	1
lean	1
guinea	1
meddlin	1
sleeves	1
rooms	1
womenas	1
gravest	1
questionable	1
assortment	1
prettily	1
beauty	1
introduce	1
womens	1
whining	1
brooded	1
trail	1
tin	1
higher	1
morals	1
linenpress	1
yielding	1
wayward	1
sides	1
omitting	1
sneaks	1
stately	1
drifts	1
affably	1
joyfully	1
drift	1
peaked	1
regard	1
acarryin	1
multitude	1
forgather	1
cloudshaped	1
forbearance	1
looped	1
walled	1
practise	1
leaped	1
nuther	1
irresolution	1
affairs	1
entrusted	1
borrow	1
travelled	1
wonderingly	1
relays	1
grace	1
lawdamighty	1
toasted	1
caution	1
groceries	1
cuts	1
pinks	1
regular	1
onethird	1
sunshine	1
thirteen	1
astayin	1
performed	1
hundredth	1
counties	1
fireboard	1
journeyproud	1
digging	1
rabbits	1
glum	1
dutchmans	1
pauses	1
unhandy	1
overhead	1
lessen	1
base	1
dars	1
shading	1
becoming	1
yours	1
yisterday	1
youngster	1
werent	1
yards	1
beau	1
fly	1
atracked	1
stern	1
foolishness	1
saplings	1
tradesmen	1
hotels	1
delicacy	1
abolishers	1
pointing	1
armful	1
aftersupper	1
prepare	1
marbles	1
wing	1
troop	1
hangin	1
giants	1
sprinkled	1
celebrations	1
gathers	1
kinship	1
lang	1
contagion	1
dock	1
medicinevendor	1
slut	1
belated	1
deepcut	1
measure	1
nigh	1
carefree	1
tan	1
oldtime	1
renew	1
wits	1
session	1
grindin	1
prayed	1
situations	1
permitted	1
cricket	1
sloped	1
soninlaws	1
englanda	1
coatcollar	1
valleys	1
detailed	1
cuban	1
haylofts	1
chenier	1
puttin	1
rebuke	1
kittens	1
mixture	1
younor	1
halves	1
goodnatured	1
hesitatingly	1
tasting	1
performing	1
importance	1
traced	1
dassen	1
gaily	1
impatiently	1
irreproachable	1
dancer	1
combed	1
shrimps	1
lamed	1
toll	1
pockets	1
lighthearted	1
paced	1
diamonds	1
explored	1
furtive	1
sheepstealers	1
impression	1
regarding	1
strung	1
bitterest	1
lock	1
characteristic	1
streaks	1
coachman	1
overstepping	1
agot	1
muttering	1
teatime	1
speculations	1
salads	1
condolences	1
apprehend	1
wings	1
shave	1
exposed	1
upward	1
departing	1
darning	1
jellymaking	1
sarcastic	1
screams	1
space	1
facts	1
heiress	1
site	1
everybodyand	1
manumit	1
portions	1
estates	1
deliverance	1
acquaintances	1
settle	1
thumb	1
pole	1
inconsistencies	1
teased	1
measured	1
warmed	1
spot	1
correspondingly	1
clue	1
agoexcept	1
panting	1
soap	1
aloved	1
weaker	1
oer	1
embroidered	1
apickin	1
nerveracking	1
diamond	1
preoccupied	1
sleeveless	1
formed	1
blink	1
races	1
vegetable	1
briefly	1
wafted	1
unpacked	1
mah	1
towards	1
humble	1
intentions	1
scrambled	1
breakfasted	1
glasgow	1
dulled	1
selfrespecting	1
date	1
spit	1
scupper	1
strapping	1
persuasively	1
spoiled	1
bastards	1
knack	1
sawmills	1
sales	1
shad	1
spiritless	1
teatray	1
canvas	1
rockingchairs	1
sufferin	1
address	1
frown	1
haunts	1
jugs	1
bleedin	1
perform	1
wilton	1
owed	1
stronger	1
rector	1
raid	1
intoxicating	1
sho	1
greens	1
rudely	1
noisily	1
uniforms	1
forked	1
admirably	1
abolished	1
nauseated	1
devotee	1
sofas	1
wasfree	1
copperas	1
believes	1
interfere	1
raids	1
incapacities	1
cochineal	1
loaf	1
smarten	1
ninety	1
flask	1
heartlessness	1
sweep	1
butchering	1
clucked	1
fouroclock	1
disablement	1
unaccompanied	1
bluegreen	1
audibly	1
scorn	1
cheques	1
abide	1
sayin	1
soaked	1
dast	1
loves	1
goblet	1
hector	1
equalof	1
waking	1
bland	1
scold	1
ridiculing	1
reputation	1
pour	1
heed	1
whitehaired	1
yew	1
distrusted	1
plaintively	1
bill	1
states	1
scamps	1
purchasers	1
talks	1
darkness	1
paris	1
prophecy	1
isles	1
cupboards	1
solicitous	1
stretched	1
welltrained	1
diabolonian	1
housebound	1
maidenhair	1
merciful	1
bless	1
advise	1
gordon	1
indifferently	1
trimmed	1
cuddled	1
shadows	1
horrible	1
example	1
thickly	1
foxhunting	1
dreaming	1
tear	1
tobaccochewing	1
daytime	1
flag	1
smallpox	1
immigration	1
devoutly	1
candlesticks	1
cookery	1
refined	1
depth	1
issa	1
recovered	1
wherever	1
blurred	1
reassuringly	1
plentiful	1
bride	1
tamed	1
gossiping	1
underbrush	1
laborious	1
arrival	1
aknowed	1
drooped	1
emotion	1
headrest	1
pines	1
pheasants	1
unrefreshing	1
military	1
willa	1
aactin	1
assembly	1
bunyans	1
fambly	1
forbid	1
joys	1
paragraph	1
traded	1
garters	1
educated	1
pursued	1
childern	1
foaming	1
sweetheart	1
ached	1
substitutethere	1
consolation	1
fieldhandstoo	1
pastry	1
expansive	1
tribune	1
backbone	1
false	1
whiskycoloured	1
breathing	1
delirious	1
prepared	1
sew	1
evah	1
sealed	1
renewed	1
lilack	1
immense	1
loudvoiced	1
fortyeight	1
grant	1
mended	1
jolt	1
creases	1
payment	1
thirtysix	1
cleanshavenunusual	1
struggling	1
amounted	1
toothless	1
bonneted	1
traditions	1
fruits	1
cresses	1
trim	1
language	1
throttle	1
lingering	1
flights	1
titty	1
laziest	1
boardinghouse	1
stumbled	1
slaughtered	1
leniency	1
warned	1
dresseda	1
weatherboarded	1
activity	1
detained	1
inclined	1
lawyer	1
scraping	1
circling	1
courting	1
sympathizers	1
letterbox	1
respected	1
fail	1
catches	1
worry	1
raskels	1
build	1
holes	1
frontier	1
scriptural	1
ironer	1
purchase	1
airy	1
cumbersome	1
grieved	1
treacherous	1
anigh	1
lambs	1
conditions	1
candleflames	1
repaid	1
cackling	1
wuth	1
circumstance	1
sightly	1
score	1
suspense	1
stones	1
reality	1
grind	1
shady	1
confidential	1
flicker	1
objection	1
tools	1
tufts	1
warped	1
tellin	1
yankee	1
view	1
outdoors	1
barelegged	1
raided	1
patron	1
menot	1
slate	1
scream	1
sympathy	1
blunder	1
tidball	1
gangrene	1
unground	1
densely	1
hens	1
excepting	1
oyster	1
figuring	1
smuggling	1
bantering	1
crochet	1
apesterin	1
entertainment	1
tips	1
escorted	1
message	1
milling	1
acting	1
embittered	1
terribul	1
deepset	1
theyll	1
regain	1
mockoranges	1
bird	1
humoured	1
conversed	1
picnics	1
amethyst	1
visited	1
aft	1
irregularly	1
assist	1
watchchain	1
takin	1
hardpacked	1
tolerate	1
oversee	1
screened	1
palm	1
carts	1
swift	1
oath	1
steam	1
dusting	1
virginal	1
logwood	1
horror	1
snowfalls	1
quizzical	1
soleleather	1
invariably	1
supplied	1
dragged	1
spears	1
severe	1
plaster	1
ohio	1
lend	1
promptness	1
parasol	1
tweaking	1
overcoat	1
studied	1
unfortunate	1
brother	1
bleached	1
bay	1
sank	1
laurelgatherers	1
unprotected	1
record	1
heavier	1
wrinkles	1
ovens	1
rugged	1
anatomically	1
resemblance	1
wholly	1
weeds	1
cab	1
baths	1
wellknown	1
rowdies	1
crunch	1
godsend	1
dejection	1
discipline	1
housethe	1
festerin	1
refer	1
twist	1
confronted	1
centre	1
forard	1
fervently	1
injured	1
lies	1
whitfordmade	1
paint	1
wounds	1
reluctantly	1
mischievous	1
saloon	1
practised	1
resless	1
applejack	1
accept	1
cramped	1
fronted	1
remarkable	1
hemlocks	1
expressing	1
trick	1
joyful	1
park	1
desirable	1
unearthly	1
nasty	1
inmates	1
accounts	1
wove	1
amazing	1
greenish	1
corpse	1
thoughtless	1
poles	1
occasional	1
blossomsthe	1
vigorous	1
robbie	1
droll	1
inches	1
sundown	1
courteously	1
troublers	1
cherished	1
diabolus	1
guide	1
indiscreet	1
sunup	1
gallon	1
confidentially	1
boarded	1
haze	1
torn	1
checked	1
oysters	1
languid	1
circus	1
contrived	1
brained	1
pen	1
dogshe	1
travelling	1
desperate	1
anybodys	1
dassent	1
wineglasses	1
theys	1
undone	1
civility	1
heir	1
sullenness	1
kitten	1
assigned	1
knuckles	1
destroyed	1
whitepainted	1
observant	1
fashion	1
nutting	1
myrtle	1
bragged	1
trashiest	1
shin	1
toes	1
allow	1
peel	1
weedin	1
insufficient	1
himnot	1
animosity	1
gratify	1
chambermaid	1
manservant	1
brushs	1
sympathies	1
fetched	1
fervent	1
sweetlike	1
homelike	1
garrett	1
boulders	1
original	1
august	1
wanderings	1
gravy	1
preserving	1
spaces	1
trips	1
hosed	1
stalwart	1
taint	1
tale	1
toughest	1
quainted	1
necessary	1
syne	1
chiney	1
desire	1
planting	1
heaviness	1
formality	1
haytime	1
tables	1
intention	1
gratification	1
writingdesk	1
eighteenthirties	1
joked	1
crunched	1
bothered	1
whites	1
jugit	1
surnames	1
dimly	1
grandchildren	1
honour	1
ix	1
proudly	1
fluttered	1
inquiring	1
chestnuts	1
reasonable	1
instruction	1
cottage	1
sorrowful	1
critically	1
consult	1
forbiddingly	1
identify	1
someones	1
slabs	1
hectored	1
holds	1
assistants	1
dismal	1
rowed	1
suprised	1
attempted	1
mounds	1
fifty	1
wax	1
examination	1
stroke	1
pleasanter	1
scoldin	1
jonquil	1
acted	1
rescuer	1
connections	1
wellplanted	1
surprisingly	1
tending	1
troublethough	1
wildest	1
sends	1
united	1
scrape	1
slavers	1
april	1
lids	1
didn	1
tribe	1
ruse	1
brutal	1
embarrassed	1
ginnie	1
fascination	1
greyish	1
minister	1
swallow	1
carriages	1
trembled	1
littlespeaking	1
tend	1
fleece	1
frill	1
proprieties	1
thered	1
dyed	1
discreetly	1
seasick	1
battle	1
canopy	1
rivalled	1
produced	1
lovely	1
occupation	1
gap	1
wheelbarrow	1
gun	1
movement	1
preserved	1
annoyed	1
spray	1
thongs	1
sunthe	1
hardshipthe	1
lumber	1
ginny	1
stuckup	1
stability	1
longpressed	1
correct	1
selfesteem	1
warn	1
ironically	1
deserved	1
steamboat	1
scrubbed	1
surprises	1
motorists	1
blessed	1
uncles	1
rat	1
noticeable	1
entertaining	1
disll	1
disasterbut	1
effective	1
moodily	1
crane	1
alarms	1
righted	1
nobodys	1
ninetyfive	1
cornfields	1
hanks	1
tomorrer	1
factory	1
professionand	1
mahogany	1
relief	1
oldfashioned	1
jordans	1
alder	1
distressful	1
importation	1
shower	1
cuba	1
broom	1
hurriedly	1
difficultrebellious	1
wedding	1
footstep	1
growth	1
nodded	1
asll	1
idols	1
glances	1
contracted	1
slim	1
perfume	1
rigid	1
mollys	1
restive	1
faircomplexioned	1
steals	1
success	1
monkey	1
motherll	1
doctored	1
demean	1
benefit	1
unaccountable	1
flocks	1
weakness	1
south	1
inevitable	1
hairpins	1
raw	1
awanderin	1
listeners	1
blushing	1
describing	1
helpin	1
tracks	1
wheeze	1
apurpose	1
tuningfork	1
slavehunters	1
million	1
troublin	1
waxwhite	1
feels	1
smashed	1
ringleaders	1
drugged	1
maine	1
practical	1
pouring	1
printed	1
goods	1
unwise	1
calculated	1
patting	1
deference	1
weddin	1
scramble	1
signal	1
drudgery	1
reclaim	1
lighting	1
shams	1
follows	1
floors	1
nobodyd	1
frenchman	1
machines	1
louts	1
wistful	1
sunrise	1
trotter	1
garrets	1
assented	1
cornshuck	1
significance	1
patched	1
fro	1
marthas	1
drafts	1
hisn	1
darlin	1
landscape	1
kenwoods	1
nail	1
attentively	1
nocount	1
fullgrowed	1
regularly	1
shouted	1
deys	1
buryingground	1
sapling	1
pondered	1
follow	1
decencies	1
lickin	1
remain	1
inferiors	1
gentlemanly	1
husbandand	1
trundle	1
taller	1
creeks	1
schoolteachers	1
hassock	1
wara	1
pickaninnys	1
householder	1
piles	1
encouraging	1
quickwitted	1
terrified	1
sorriest	1
singin	1
pillion	1
confer	1
pleurisy	1
ornament	1
guards	1
treads	1
hazel	1
foul	1
leafless	1
reported	1
comforter	1
contemplating	1
crude	1
shoe	1
haymaker	1
paling	1
acorns	1
gradually	1
fought	1
wake	1
neatly	1
unendurable	1
possessions	1
portrait	1
livers	1
gallowses	1
vernon	1
angle	1
someway	1
tidbit	1
suggested	1
doorone	1
cue	1
arrogant	1
mournfully	1
mortify	1
laff	1
mossy	1
compressible	1
vernacular	1
ruffled	1
neighbourhoods	1
groom	1
shrug	1
firm	1
truth	1
reflective	1
kneading	1
listens	1
browned	1
interests	1
bags	1
opportunity	1
sinner	1
forced	1
quizzed	1
whiskers	1
knobs	1
enticing	1
practice	1
note	1
bearers	1
walkin	1
belongs	1
hadnot	1
ahad	1
dormer	1
sect	1
skilful	1
breakfasttable	1
partridges	1
confusion	1
eighteen	1
crossreferences	1
cart	1
pampered	1
offend	1
explained	1
copy	1
mischief	1
ridden	1
brighten	1
bedquilt	1
slats	1
obliged	1
sadie	1
rivera	1
roadbuilding	1
election	1
handsatchel	1
condescension	1
plants	1
dice	1
enlisted	1
jovial	1
mocked	1
thataway	1
damn	1
susannas	1
dweller	1
succeed	1
vii	1
chatted	1
dale	1
stretch	1
overhear	1
hunts	1
hurries	1
hardest	1
withes	1
retired	1
homeward	1
mere	1
brownskinned	1
worldly	1
yellowgreen	1
befall	1
pouch	1
descended	1
dese	1
robbed	1
dats	1
wellmeaning	1
observed	1
fust	1
darent	1
wiser	1
event	1
affliction	1
equally	1
pattern	1
buckles	1
spied	1
squat	1
oclockcame	1
serving	1
warfare	1
welts	1
predestination	1
babies	1
pestering	1
thrift	1
goodmorning	1
indoors	1
cruel	1
stagedrivers	1
festivals	1
sickness	1
gum	1
underground	1
homemade	1
destroying	1
therell	1
worshipped	1
theyd	1
sloping	1
brickfloored	1
patient	1
closefitting	1
described	1
betrothal	1
stirrup	1
jointed	1
unbidden	1
mudder	1
discovered	1
accompanied	1
dripped	1
toolroom	1
process	1
unstained	1
snoring	1
endowed	1
enticed	1
kindle	1
blackhearts	1
turf	1
powder	1
dozed	1
rung	1
heppin	1
evybody	1
track	1
alum	1
athought	1
dasnt	1
size	1
reticules	1
aready	1
jar	1
frequent	1
stare	1
distinctness	1
potato	1
glowed	1
picket	1
leap	1
tromp	1
clothespress	1
shet	1
aught	1
requested	1
predicament	1
teasingly	1
woke	1
margins	1
coachmans	1
oars	1
boughs	1
aid	1
sellin	1
unfamiliar	1
frightful	1
epidemic	1
banknotes	1
flexible	1
laundering	1
firstborn	1
abigails	1
undertake	1
various	1
blossom	1
cowpers	1
bitterly	1
untrustworthy	1
completely	1
punish	1
yell	1
spicions	1
accounted	1
carryin	1
residence	1
atlantic	1
truant	1
mealymouth	1
crowing	1
mouths	1
reconstruction	1
farmhouses	1
mountainous	1
tenderness	1
habitually	1
bend	1
draws	1
strangled	1
starred	1
horseshoes	1
bachelors	1
blanket	1
precepts	1
spells	1
traffic	1
arrangement	1
political	1
ringers	1
belonging	1
promise	1
atasted	1
carted	1
rhododendron	1
combingcloth	1
reflection	1
strolling	1
pebbles	1
fearlessly	1
authority	1
halfway	1
hayrack	1
pleasures	1
squirrelshooting	1
scarce	1
allimportant	1
strove	1
staircase	1
hurtand	1
quartz	1
insect	1
offering	1
cleared	1
tiger	1
mostly	1
roller	1
roughest	1
wallflat	1
cracking	1
injustices	1
mocking	1
apprehended	1
collars	1
rugs	1
acquaintance	1
woven	1
pillowcases	1
lashes	1
drugs	1
cobblepaved	1
mines	1
intimate	1
wringing	1
olderlooked	1
harrisonburg	1
nudiflorum	1
unlikely	1
forgiven	1
humouring	1
fires	1
thursday	1
undertaking	1
streets	1
nursing	1
facing	1
quieted	1
stinginess	1
stores	1
jet	1
unaccustomed	1
sovereign	1
vulgarrather	1
reclaimed	1
thrash	1
lawsuit	1
seamstress	1
fichus	1
blushes	1
pinched	1
hollered	1
withdrew	1
universal	1
carpeted	1
tangled	1
truck	1
suggestion	1
beaming	1
heps	1
cork	1
differently	1
viii	1
relative	1
towns	1
delightful	1
reared	1
flanks	1
widowed	1
plot	1
showered	1
eightiesabout	1
officially	1
wildfowl	1
gospel	1
summoned	1
facedown	1
deliberation	1
climbing	1
tart	1
coaching	1
proposed	1
critical	1
wishes	1
doctors	1
befooled	1
preceded	1
lard	1
potraits	1
hedgeswhich	1
tech	1
thy	1
ours	1
nancyll	1
marrying	1
concerned	1
prized	1
carpenters	1
cleaning	1
foun	1
sliced	1
surrender	1
reins	1
tablecloth	1
mo	1
beans	1
shaghaired	1
arouse	1
dens	1
slunk	1
vexed	1
elaborate	1
accumulated	1
watered	1
traces	1
postage	1
worker	1
theyselves	1
favoured	1
chief	1
gravelled	1
snap	1
forth	1
strawberries	1
morningglories	1
happens	1
coiffed	1
necklace	1
falsehoods	1
speaks	1
forbears	1
happiness	1
hibernation	1
leonidas	1
classic	1
hawhaw	1
lounge	1
exacting	1
falleth	1
seasoned	1
millrace	1
abuilding	1
appearance	1
bullying	1
rapidly	1
comfortless	1
courageous	1
pleasureloving	1
hospital	1
stoppin	1
simplicity	1
freeze	1
pillowcase	1
littered	1
espect	1
overflowed	1
snowcream	1
pressing	1
wifebeyond	1
windy	1
scrapple	1
anchored	1
cords	1
undressed	1
responsibilities	1
steeled	1
boxhedged	1
prince	1
attending	1
coaxing	1
composing	1
desperation	1
less	1
cripples	1
straighten	1
illegal	1
monument	1
understanding	1
turpentine	1
choicest	1
alarmed	1
alearned	1
hoofbeats	1
forearms	1
colony	1
american	1
alland	1
flo	1
glowing	1
worsen	1
aboutthere	1
purely	1
arnica	1
skim	1
parleys	1
court	1
mus	1
damaged	1
wretchedly	1
bowing	1
stretching	1
thorough	1
drouth	1
bespoke	1
ignominious	1
angeranger	1
inquiries	1
milking	1
expecting	1
torches	1
gaiety	1
impressed	1
sleeping	1
unmarried	1
hoodwinked	1
shrieks	1
thousand	1
decent	1
pile	1
impudence	1
dive	1
charmed	1
caspers	1
fearless	1
swing	1
liberal	1
delayed	1
game	1
unfailing	1
dispose	1
guilelessly	1
whistle	1
crumbly	1
spiderwebs	1
scythe	1
wrath	1
roofed	1
slaveowners	1
browning	1
curls	1
tinkling	1
conscience	1
cruet	1
flowing	1
spokes	1
highways	1
perfectly	1
legation	1
remedy	1
households	1
scour	1
signalled	1
cordage	1
blacksmith	1
pork	1
explanation	1
patchwork	1
banks	1
bedlam	1
coffinmaker	1
hoes	1
boil	1
tincupful	1
memorable	1
grizzled	1
wrigglin	1
pitchers	1
washin	1
meetins	1
stem	1
halfwitted	1
hep	1
selfabnegation	1
begins	1
burns	1
express	1
exempt	1
ink	1
inspect	1
busier	1
shiverin	1
hardworking	1
mock	1
blowed	1
burs	1
papers	1
leggins	1
eyelid	1
boats	1
vows	1
caredfor	1
chancel	1
flagrantly	1
cribbage	1
ee	1
encouragement	1
stops	1
ironing	1
laws	1
lump	1
cleaned	1
advice	1
butler	1
bud	1
crevice	1
stamens	1
relating	1
restrained	1
outrage	1
cupboard	1
weaned	1
horsewhipping	1
quebec	1
gooseberries	1
irishman	1
roosters	1
humiliation	1
thanking	1
livestock	1
lighter	1
cheering	1
crystals	1
style	1
vocal	1
marge	1
soliciting	1
generation	1
signs	1
nightshirts	1
reflections	1
jonquils	1
anoder	1
lame	1
neckcloths	1
seventy	1
favouritism	1
missing	1
fugitives	1
debtors	1
kinsman	1
root	1
drunk	1
discover	1
receive	1
exposure	1
lumps	1
swayed	1
savin	1
