the	4270
and	2210
to	1710
of	1585
a	1498
in	1295
he	1204
was	1165
his	980
had	809
that	748
her	745
i	704
she	680
it	673
for	595
on	496
with	492
but	462
you	457
at	452
him	427
not	418
as	394
they	350
when	344
from	336
were	332
is	303
there	275
ceacutecile	275
have	265
all	264
one	251
be	250
little	250
out	247
so	241
this	235
my	233
would	225
up	220
very	210
by	202
like	200
father	196
them	193
old	189
been	179
me	176
will	175
could	171
no	170
auclair	168
into	161
their	160
down	158
about	157
an	154
we	153
if	152
went	149
after	149
which	146
made	144
are	141
Â 	139
de	138
back	132
came	131
or	130
never	130
over	126
jacques	126
mother	124
long	124
time	121
who	120
man	116
said	115
do	114
your	114
where	112
come	112
some	109
always	108
now	107
before	104
put	104
did	102
only	101
much	101
count	95
good	94
bishop	94
more	93
too	91
years	90
see	90
last	88
great	88
than	86
day	86
house	85
well	85
what	85
here	84
go	84
two	82
even	82
home	82
france	82
monsieur	82
then	81
while	80
took	79
know	78
our	77
people	77
shop	75
madame	75
can	75
those	73
away	73
looked	73
pierre	73
door	73
quebec	73
many	72
himself	72
new	70
upon	69
life	69
again	68
must	68
began	67
brought	67
church	66
such	66
own	65
something	65
first	64
behind	64
la	63
every	63
still	62
way	62
night	62
boy	62
these	62
how	62
any	62
told	61
make	61
through	61
world	60
because	60
am	60
has	60
got	59
off	59
hand	59
perhaps	58
knew	58
saw	58
its	58
monseigneur	57
morning	56
just	55
under	55
town	55
head	55
other	55
le	55
us	54
once	54
seemed	53
face	52
winter	52
things	52
river	52
get	52
better	51
used	51
king	50
should	49
look	49
eyes	49
everything	49
bed	49
take	49
children	48
say	48
young	48
thought	48
since	47
ever	47
though	47
until	47
stood	47
why	46
saintvallier	46
cold	46
canada	46
heard	46
enough	46
poor	46
apothecary	45
hill	45
felt	45
fire	45
without	45
think	44
often	44
snow	44
sat	43
called	43
give	43
oh	43
gone	42
left	42
black	42
soon	41
another	41
montreal	41
three	41
shall	40
herself	40
child	40
found	40
kitchen	40
almost	40
same	39
rock	39
tell	39
daughter	39
family	39
most	38
asked	38
mass	38
dark	37
ago	37
charron	37
against	37
seen	37
between	37
blinker	37
kept	36
next	35
white	35
place	35
yes	35
remember	35
keep	35
light	34
kind	34
nothing	34
fathers	34
pommier	33
early	33
high	33
kebec	33
sent	33
anything	33
days	33
men	33
full	33
far	33
few	33
grey	33
carried	32
warm	32
lived	32
died	32
mind	32
dont	32
chacircteau	32
son	31
gave	31
set	31
might	31
both	31
sometimes	30
hear	30
room	30
indeed	30
hector	30
along	30
year	30
captain	28
god	28
going	28
ships	28
hard	27
auclairs	27
shoes	27
friends	27
spoke	27
laval	27
summer	27
hour	27
hands	27
woman	27
blue	27
dinner	27
euclide	27
table	26
sure	26
heavy	26
street	26
heart	26
lost	26
counts	26
afternoon	26
fine	26
across	26
lay	26
bring	26
country	26
wish	26
glass	25
feet	25
water	25
already	25
talk	25
small	25
meant	25
four	25
rather	25
cannot	25
part	25
window	24
ill	24
rose	24
holy	24
whether	24
leave	24
open	24
five	24
wind	24
fresh	24
let	24
cap	24
mademoiselle	24
front	23
woods	23
girl	23
bad	23
ran	23
certainly	23
taken	23
red	23
together	23
making	23
voice	23
evening	23
death	23
near	23
dear	23
find	23
air	22
lower	22
windows	22
may	22
wood	22
everyone	22
looking	22
among	22
forest	21
moment	21
believe	21
side	21
sick	21
given	21
grew	21
papa	21
during	21
governor	21
work	21
right	21
live	21
kings	21
else	21
return	21
whom	21
coming	21
trade	21
turned	21
wall	21
feel	21
fell	21
gold	21
slept	21
liked	21
today	21
changed	21
sun	20
large	20
except	20
beside	20
frontenac	20
held	20
floor	20
market	20
being	20
pray	20
juschereau	20
indians	20
indian	20
paris	20
beautiful	20
sister	20
foot	20
eat	19
word	19
above	19
carry	19
jeanne	19
ah	19
bishops	19
cathedral	19
each	19
sky	19
softly	19
big	19
chair	19
salon	19
scarcely	19
late	19
name	19
afraid	19
cut	19
thing	18
became	18
sailors	18
stone	18
court	18
nearly	18
candle	18
garden	18
age	18
palace	18
wild	18
suddenly	18
icircle	18
box	18
wanted	18
rich	18
catherine	18
south	18
supper	18
chapel	18
passed	18
saint	18
quite	18
noeumll	18
friend	17
sit	17
hair	17
mothers	17
houses	17
hope	17
weather	17
ones	17
soup	17
french	17
toinette	17
help	17
shore	17
tonight	17
sea	17
bread	17
forget	17
story	17
become	17
loved	16
strong	16
frozen	16
boat	16
care	16
chocolate	16
course	16
feeling	16
known	16
seminary	16
sleep	16
canadian	16
sisters	16
weeks	16
coat	16
english	16
fur	16
speak	16
walls	16
happy	16
best	16
yet	16
done	16
deal	16
alone	15
hours	15
girls	15
aunt	15
laughed	15
les	15
iron	15
brown	15
built	15
please	15
wooden	15
fellow	15
short	15
end	15
living	15
green	15
sight	15
happened	15
ber	15
sofa	15
deep	15
means	15
nobody	15
brandy	15
thinking	15
dame	15
heaven	15
shut	15
does	15
blessed	15
wine	15
inside	15
want	15
wished	15
need	15
autumn	15
returned	15
visit	15
narrow	15
et	14
within	14
watching	14
tall	14
fall	14
thick	14
clean	14
order	14
glad	14
mountain	14
toward	14
grandfather	14
watch	14
smiled	14
roofs	14
call	14
dropped	14
pigeon	14
having	14
altar	14
food	14
true	14
low	14
oclock	14
neighbours	14
opened	14
island	14
threw	13
silver	13
standing	13
matter	13
arms	13
convent	13
spring	13
mouth	13
candles	13
bitter	13
shook	13
empty	13
grow	13
antoine	13
figure	13
tone	13
notre	13
bichet	13
bell	13
women	13
sound	13
blood	13
streets	13
bear	13
placed	13
chance	13
walk	13
caught	13
growing	13
drew	13
st	13
je	13
picard	13
remembered	13
upstairs	13
present	13
change	13
cellar	13
square	13
read	12
boys	12
parrot	12
hocirctel	12
midnight	12
tomorrow	12
milk	12
dieu	12
pondaven	12
different	12
love	12
closed	12
angels	12
begun	12
pine	12
walked	12
ground	12
carrying	12
dream	12
tried	12
beaver	12
trees	12
sighed	12
six	12
sailor	12
pay	12
knees	12
presently	12
seated	12
carriage	12
mission	12
harnois	12
building	12
dorleacuteans	12
anne	12
trouble	12
sainte	12
past	11
vous	11
taking	11
really	11
close	11
cup	11
voyage	11
silence	11
duties	11
turn	11
die	11
corner	11
times	11
jesuits	11
roof	11
dressed	11
rest	11
longer	11
ate	11
beginning	11
soft	11
boxes	11
tired	11
try	11
believed	11
carefully	11
human	11
moving	11
earth	11
steps	11
anyone	11
teeth	11
west	11
faces	11
arm	11
cliff	11
beyond	11
ten	11
saintaugustin	11
master	11
months	11
bringing	11
thousand	11
letters	11
daughters	11
churches	11
apothecarys	11
school	11
grown	11
latin	11
prayer	11
pale	11
stove	11
strange	11
book	11
ready	11
second	11
reached	11
reason	11
devoted	10
rang	10
someone	10
fish	10
pour	10
curtains	10
nice	10
hung	10
future	10
frichette	10
worn	10
priests	10
usually	10
asleep	10
versailles	10
stockings	10
lawrence	10
flowers	10
half	10
vow	10
wear	10
heat	10
prayers	10
birds	10
slowly	10
bright	10
suppose	10
wore	10
diamant	10
giorgio	10
plants	10
pierres	10
stand	10
themselves	10
leather	10
desire	10
priest	10
sense	10
learn	10
kissed	10
money	10
saints	10
hot	10
nodded	10
edge	10
point	10
watched	10
sugar	10
itself	10
myself	10
outside	10
whispered	10
wondered	10
top	10
medicine	10
rivers	10
joseph	10
sitting	10
yourself	10
piece	10
trying	10
fields	10
merchants	10
yellow	10
following	9
duc	9
linen	9
less	9
wilderness	9
houssart	9
round	9
cross	9
week	9
colour	9
getting	9
saintvalliers	9
born	9
hold	9
dirty	9
figures	9
burning	9
shelves	9
comte	9
missionaries	9
upper	9
recluse	9
baby	9
health	9
finished	9
able	9
waterside	9
sorry	9
doubt	9
possible	9
devotion	9
naked	9
mamselle	9
dead	9
frightened	9
handsome	9
quickly	9
saintmalo	9
telling	9
ways	9
cabinet	9
pas	9
clear	9
lamp	9
cell	9
north	9
breath	9
wife	9
episcopal	9
stopped	9
company	9
rain	9
brilliant	9
seven	9
sail	9
explained	9
heavily	9
cobbler	9
personal	9
visitor	9
bench	9
superior	9
soldier	9
lit	9
sleeping	9
says	9
chamber	9
showed	9
maybe	9
sad	9
waited	8
seeing	8
knelt	8
sault	8
party	8
villemarie	8
lives	8
moments	8
finger	8
especially	8
murmured	8
moon	8
spires	8
talked	8
mere	8
mean	8
wonderful	8
seldom	8
wait	8
marie	8
boats	8
grenouille	8
disappeared	8
slender	8
thank	8
replied	8
parish	8
exactly	8
wiped	8
fast	8
blanket	8
orange	8
peace	8
led	8
older	8
dry	8
terrible	8
least	8
wasnt	8
grass	8
play	8
clearly	8
pommiers	8
louis	8
valet	8
majesty	8
touched	8
intently	8
awake	8
ursuline	8
several	8
idea	8
knows	8
victoire	8
taught	8
broken	8
special	8
afterwards	8
appeared	8
steep	8
gaux	8
authority	8
mon	8
conversation	8
quietly	8
fallen	8
stay	8
learned	8
hospital	8
badly	8
crossed	8
champigny	8
sacrament	8
drummer	8
cheeks	8
broke	8
neighbour	8
martyrs	8
group	8
desk	8
wherever	8
saying	8
giving	8
branches	8
remedy	8
wrapped	8
sharp	8
cried	8
wide	8
washed	8
furniture	8
forests	8
quick	8
purple	8
unfortunate	8
recall	8
fond	8
christmas	8
velvet	8
supposed	8
parishes	8
services	8
start	8
lard	8
colony	8
possibly	8
declared	8
ursulines	8
language	8
legs	8
des	8
lady	8
cloth	8
colonists	8
supply	8
sort	8
march	8
merely	7
carp	7
stuffed	7
slipped	7
interested	7
board	7
prepared	7
reacutecollet	7
ought	7
grease	7
continued	7
jacquess	7
duty	7
seems	7
entirely	7
natural	7
m	7
waiting	7
sunlight	7
delicate	7
bone	7
scene	7
soul	7
greeted	7
sold	7
remedies	7
breakfast	7
struck	7
shelter	7
whole	7
chest	7
pleasure	7
pointed	7
clothes	7
below	7
land	7
blew	7
lantern	7
ship	7
jacket	7
directly	7
savages	7
ease	7
clergy	7
virgin	7
intendant	7
fruit	7
forgotten	7
clients	7
proud	7
letter	7
agreed	7
fog	7
glance	7
governors	7
twelve	7
running	7
thus	7
fireplace	7
bag	7
bare	7
centre	7
lancien	7
form	7
didnt	7
glanced	7
content	7
rooms	7
ceacuteciles	7
middle	7
visitors	7
thoughts	7
study	7
attention	7
catch	7
either	7
followed	7
sailed	7
arranged	7
busy	7
moonlight	7
regarded	7
october	7
cloak	7
longed	7
stepped	7
begged	7
darkness	7
lavals	7
wouldnt	7
fingers	7
miserable	7
shoulders	7
nuns	7
underneath	7
cregraveche	7
grapes	7
noble	7
childhood	7
started	7
free	7
pegravere	7
presence	7
epiphany	7
dried	7
shining	7
bones	7
patron	7
tools	7
leg	7
pharmacy	7
noticed	7
prisoner	7
welcome	7
shoulder	7
ask	7
consider	7
observed	7
megravere	7
brave	7
run	7
pair	7
paid	7
spirit	7
affection	7
lips	7
apron	7
europe	7
probably	7
business	7
tree	7
courage	7
quai	7
dress	7
remarked	7
leaving	7
entered	7
swallow	7
cest	7
pieces	7
hidden	7
cry	7
reverend	7
gardens	7
bird	7
queen	7
others	7
bakers	7
remained	7
jaw	6
body	6
silent	6
sank	6
drove	6
creatures	6
grandmother	6
chin	6
livingroom	6
sous	6
poured	6
solemn	6
peculiar	6
shot	6
forward	6
medicines	6
basin	6
plus	6
climbed	6
wound	6
office	6
storm	6
pleased	6
case	6
illness	6
strawberries	6
usual	6
received	6
noise	6
fortune	6
distance	6
smile	6
flesh	6
dogs	6
disappointment	6
drum	6
married	6
third	6
sheets	6
around	6
england	6
ice	6
ledges	6
campaign	6
vast	6
important	6
certain	6
neck	6
grille	6
general	6
cannon	6
winds	6
un	6
listen	6
burn	6
goes	6
send	6
reacutecollets	6
miles	6
none	6
show	6
hungry	6
state	6
account	6
expect	6
crutch	6
altogether	6
sell	6
struggle	6
suggested	6
iii	6
lie	6
household	6
touch	6
move	6
places	6
stories	6
infant	6
daylight	6
doing	6
comfortable	6
later	6
wearing	6
deux	6
hurry	6
clothilde	6
attend	6
gun	6
fill	6
needs	6
met	6
gulf	6
residence	6
fear	6
sign	6
hat	6
spent	6
bowl	6
covered	6
real	6
custom	6
excited	6
glorious	6
crowd	6
yesterday	6
hundred	6
crooked	6
security	6
cooked	6
spread	6
ii	6
souls	6
toujours	6
suffering	6
petit	6
mountains	6
gooseberries	6
pigeons	6
sled	6
smith	6
smell	6
considered	6
confessor	6
realize	6
paper	6
fixed	6
ceacutelestins	6
news	6
minister	6
agrave	6
named	6
cave	6
recover	6
loaf	6
safe	6
likely	6
restless	6
joy	6
iroquois	6
bonne	6
breton	6
person	6
noon	6
nights	6
played	6
cordial	6
bought	6
meet	6
piety	6
animal	6
answered	6
taste	6
frontenacs	6
stop	6
rouen	6
eels	6
host	6
decided	6
leaves	6
filled	6
id	6
stars	6
talking	6
nose	6
expected	6
hollow	6
drink	6
ugly	5
spoken	5
hadnt	5
drank	5
glittering	5
missions	5
maintenon	5
clever	5
paradise	5
swallowed	5
torture	5
lake	5
beneath	5
property	5
thanked	5
meat	5
whatever	5
notice	5
service	5
seminarians	5
row	5
spot	5
lying	5
killed	5
pipe	5
bent	5
ring	5
belong	5
jeannes	5
relics	5
whenever	5
slightly	5
doors	5
straw	5
flavour	5
vegetables	5
childs	5
bushes	5
coco	5
forty	5
wrote	5
townspeople	5
training	5
suis	5
hid	5
mais	5
renaude	5
bers	5
refused	5
awakened	5
forehead	5
pots	5
visions	5
stayed	5
law	5
reminded	5
belonged	5
follow	5
fruits	5
carts	5
native	5
twenty	5
saved	5
fifteen	5
exclaimed	5
eight	5
driving	5
harm	5
pulled	5
arrange	5
realized	5
attended	5
channel	5
use	5
holding	5
jesus	5
praying	5
cook	5
sinner	5
rough	5
miracles	5
fortunate	5
fellows	5
pictures	5
power	5
anchored	5
interview	5
folds	5
rise	5
wonder	5
redoubt	5
dull	5
stronger	5
subject	5
drugs	5
espeacuterance	5
brotherinlaw	5
salle	5
mistakes	5
respect	5
lot	5
marriage	5
storms	5
enjoy	5
buried	5
tight	5
basket	5
invited	5
chabanel	5
anxious	5
bother	5
calling	5
luck	5
climate	5
abroad	5
protection	5
shadow	5
dragged	5
moss	5
sails	5
post	5
opportunity	5
jars	5
example	5
fort	5
terrace	5
horrible	5
gently	5
beau	5
wrong	5
honour	5
horses	5
congregation	5
intense	5
breacutebeuf	5
laid	5
pulling	5
cabinets	5
melted	5
couldnt	5
singing	5
glancing	5
abandoned	5
smoked	5
gay	5
drawn	5
brother	5
matters	5
andreacute	5
stool	5
lifetime	5
distinguished	5
nor	5
greatly	5
admiration	5
blanche	5
youth	5
rolling	5
stooped	5
brass	5
manage	5
surely	5
fregraveres	5
devotions	5
poverty	5
canadians	5
pretty	5
absence	5
hunting	5
charrons	5
qui	5
foreign	5
knee	5
condition	5
fleet	5
huron	5
teach	5
coloured	5
sledge	5
thrust	5
anywhere	5
fat	5
simple	5
saintpaul	5
waving	5
iv	5
cellars	5
boots	5
allowed	5
supplies	5
flashed	5
manger	5
promised	5
prison	5
tied	5
sin	5
prefer	5
nature	4
weight	4
picture	4
gladly	4
despair	4
manner	4
inquired	4
fragrance	4
slight	4
mournful	4
tongue	4
converts	4
dishes	4
muffled	4
determined	4
helped	4
hoped	4
enter	4
disturbed	4
build	4
enemies	4
washing	4
pleasant	4
strength	4
hunters	4
dusk	4
sons	4
faintly	4
thirty	4
thrown	4
kindly	4
murmur	4
flushed	4
proper	4
traders	4
hurt	4
sunk	4
avenue	4
purpose	4
bath	4
forth	4
wondering	4
scenes	4
dutch	4
disliked	4
captivity	4
thin	4
bitterly	4
tobacco	4
complexion	4
names	4
christian	4
chosen	4
boiled	4
lingered	4
treetops	4
knitting	4
roast	4
chairs	4
officers	4
murdered	4
golden	4
pushed	4
jules	4
truth	4
religion	4
humility	4
slow	4
flat	4
persons	4
gentle	4
aloud	4
en	4
pocket	4
bottle	4
rolled	4
profond	4
throw	4
jeacutesus	4
thirteen	4
stuck	4
eager	4
path	4
exceptional	4
saintlouis	4
chaplain	4
handkerchief	4
alive	4
rapidly	4
easily	4
abbeacute	4
noeacutemi	4
isnt	4
vespers	4
euclides	4
petition	4
tecircte	4
recalled	4
direct	4
powder	4
changes	4
advanced	4
shepherd	4
sleet	4
fir	4
lasted	4
ne	4
handed	4
bleeding	4
beard	4
pigs	4
wash	4
ragged	4
hectors	4
coach	4
share	4
surprised	4
reading	4
knock	4
bayeux	4
charming	4
straight	4
cruel	4
patient	4
stole	4
shirt	4
eggs	4
afterglow	4
blowing	4
november	4
mantle	4
robert	4
armchair	4
gesture	4
sigh	4
rare	4
field	4
everywhere	4
tears	4
willing	4
accustomed	4
loose	4
constantly	4
lord	4
happiness	4
surrounded	4
occasionally	4
refuge	4
froze	4
cared	4
fashion	4
thinks	4
crimson	4
arrived	4
working	4
hardships	4
fair	4
lighted	4
discouraged	4
clouds	4
showing	4
grim	4
masses	4
excitement	4
returning	4
ears	4
gathered	4
command	4
voyages	4
comme	4
tout	4
books	4
servant	4
morsel	4
spire	4
embroidered	4
canoe	4
gracious	4
broad	4
wars	4
maple	4
merci	4
playfellow	4
mood	4
recovery	4
baron	4
awl	4
roots	4
arrival	4
sorrow	4
quarrel	4
confession	4
hardly	4
serious	4
accepted	4
height	4
fence	4
salad	4
canadianborn	4
military	4
silk	4
occupied	4
cleared	4
nightcap	4
stupid	4
spiritual	4
higher	4
september	4
candlesticks	4
comfort	4
managed	4
beating	4
hospitality	4
odour	4
listener	4
havre	4
michilimackinac	4
kindness	4
landed	4
worst	4
period	4
weak	4
gates	4
harsh	4
reach	4
garonne	4
wont	4
understand	4
makes	4
companions	4
daybreak	4
sides	4
counter	4
worldly	4
chief	4
unusual	4
driven	4
receive	4
whose	4
medicinal	4
insisted	4
solid	4
covering	4
islands	4
families	4
apartment	4
edmond	4
dessert	4
snatched	4
bon	4
bien	4
birch	4
quiet	4
hospitaliegraveres	4
breathed	4
admired	4
sacrifice	4
religious	4
forgot	4
tours	4
question	4
points	4
promise	4
invitation	4
tortured	4
dined	4
draw	4
idle	4
shops	4
bolt	4
physician	4
startled	4
thats	4
unable	4
bit	4
journey	4
eating	4
accomplished	4
ocean	4
rapids	4
quarter	4
shawl	4
careless	4
mercy	4
western	4
savary	4
announced	4
sunset	4
manners	4
also	4
difficult	4
baker	4
fontainebleau	4
oui	4
wet	4
skirt	4
moccasins	4
lately	4
cooking	4
single	4
charm	4
continual	4
butter	4
ashore	4
clock	4
cures	4
mosquitos	4
dish	4
beaudoin	4
happen	4
outer	4
hearts	4
doesnt	4
alligator	4
overhead	4
habit	4
dying	4
guard	4
knit	4
begin	4
memory	4
jean	4
apart	4
goods	4
husband	4
december	4
troubles	4
gown	4
doves	4
headland	4
evenings	3
kingdom	3
handkerchiefs	3
packed	3
boughs	3
anguish	3
asking	3
twilight	3
drooping	3
overheard	3
bourgogne	3
flight	3
crowded	3
blankets	3
somewhat	3
common	3
lodged	3
campaigns	3
barely	3
repair	3
tous	3
words	3
georges	3
accompanied	3
calm	3
woollen	3
eyebrows	3
line	3
impossible	3
duchesse	3
behaviour	3
plans	3
hero	3
couple	3
daisies	3
accident	3
worthy	3
expression	3
honest	3
deny	3
friday	3
flow	3
offered	3
drunk	3
agony	3
flegraveche	3
dozen	3
restored	3
administer	3
obtained	3
dinnertable	3
teacher	3
neither	3
haze	3
strip	3
feed	3
muttered	3
measurements	3
waters	3
atlantic	3
labours	3
meeting	3
pond	3
pain	3
knitted	3
solitude	3
ma	3
retreat	3
crown	3
qualities	3
besides	3
vows	3
sinking	3
imagination	3
herbarium	3
friendship	3
seem	3
bombardment	3
favour	3
hers	3
friendly	3
danger	3
cliffside	3
lescargot	3
pity	3
rachel	3
heavens	3
partition	3
angry	3
laugh	3
protested	3
shingled	3
broth	3
search	3
difficulties	3
perfectly	3
havent	3
wretched	3
coral	3
farmer	3
listened	3
base	3
colours	3
repeated	3
que	3
centuries	3
rusty	3
estate	3
furs	3
conserves	3
doubtless	3
whistle	3
ceremony	3
happily	3
province	3
bore	3
royal	3
fright	3
spared	3
swift	3
ive	3
unless	3
stairway	3
particular	3
chuckle	3
rocks	3
shy	3
served	3
poultry	3
roadstead	3
private	3
ceased	3
hated	3
cousins	3
belongings	3
cows	3
waste	3
trifle	3
towel	3
sleeve	3
worthless	3
lonely	3
terraces	3
nurse	3
slated	3
spirits	3
changing	3
familiarly	3
compassion	3
peculiarly	3
kneeling	3
lemon	3
parents	3
meaning	3
dwell	3
sweat	3
although	3
hanged	3
wines	3
scattered	3
indoors	3
ruddy	3
staying	3
babies	3
plenty	3
grave	3
backs	3
preserved	3
relations	3
allow	3
jar	3
occasions	3
tip	3
votre	3
loyal	3
stiff	3
stern	3
reign	3
eve	3
stationed	3
plain	3
hurrying	3
languedoc	3
fact	3
port	3
cock	3
step	3
sanctuary	3
chacirctelet	3
happens	3
snowshoes	3
slid	3
audience	3
visits	3
yard	3
settled	3
generous	3
final	3
results	3
facing	3
spur	3
eagerly	3
courtyard	3
immured	3
occurred	3
falling	3
character	3
proof	3
marked	3
respectfully	3
goucircter	3
naughty	3
dancing	3
sending	3
licorne	3
constant	3
month	3
city	3
pull	3
ovens	3
experience	3
solitary	3
oak	3
mortal	3
york	3
poison	3
spots	3
consent	3
raisins	3
donneacute	3
jesuit	3
embraced	3
comes	3
threshold	3
firmly	3
patients	3
holland	3
bowed	3
diningtable	3
lakes	3
required	3
glistening	3
skin	3
willows	3
delight	3
mud	3
cherished	3
flashing	3
moi	3
vaguely	3
recognition	3
neighbourhood	3
wares	3
bedcurtains	3
feeding	3
occasional	3
respects	3
recognized	3
sunny	3
soleil	3
frowning	3
immediately	3
cant	3
guide	3
saintantoine	3
reasons	3
frontier	3
destroyed	3
heaped	3
repose	3
jerseys	3
crate	3
familiar	3
shelf	3
vigils	3
gossip	3
flash	3
careful	3
curious	3
sledges	3
clad	3
soles	3
frowned	3
rice	3
bedroom	3
permission	3
alleacutee	3
nightgown	3
rent	3
vapours	3
blinkers	3
ride	3
neglected	3
wakened	3
tie	3
nevertheless	3
plan	3
spanish	3
fifty	3
sir	3
opposite	3
rowed	3
candlelight	3
actual	3
montmorency	3
bodily	3
faint	3
fervently	3
needy	3
strain	3
irrevocable	3
added	3
hocircpital	3
flock	3
eternity	3
countenance	3
join	3
gamier	3
further	3
polite	3
fever	3
admitted	3
sadly	3
ointment	3
continent	3
cheek	3
hanging	3
gleam	3
permit	3
firelight	3
feastdays	3
waken	3
horn	3
noted	3
casseroles	3
letting	3
excuse	3
compounding	3
foundation	3
heed	3
fitted	3
nine	3
joined	3
camels	3
level	3
shouting	3
breeze	3
loud	3
faith	3
richest	3
habits	3
merchant	3
cloistered	3
spend	3
ashamed	3
charles	3
wing	3
bound	3
stables	3
kettle	3
bloom	3
keeps	3
monkey	3
utterly	3
overcome	3
temptation	3
wise	3
paste	3
larger	3
beach	3
blinking	3
according	3
stolen	3
reduced	3
contrary	3
entertaining	3
decide	3
geacuteneacuteral	3
awoke	3
cups	3
dafrique	3
explain	3
modest	3
prelate	3
aged	3
stability	3
position	3
hurried	3
history	3
comrades	3
intelligent	3
liberty	3
discussion	3
fed	3
sufferings	3
tasks	3
alike	3
affairs	3
wonderingly	3
dropping	3
lively	3
cane	3
pack	3
eleven	3
questions	3
shone	3
choked	3
creature	3
contained	3
won	3
aunts	3
smelled	3
universe	3
carrots	3
spinningwheel	3
cousin	3
mousse	3
stones	3
remote	3
moved	3
hollows	3
persuaded	3
mantel	3
twice	3
thoughtful	3
seriously	3
remains	3
lightly	3
lose	3
slate	3
hide	3
towers	3
game	3
meacutean	3
beaucoup	3
animals	3
splendour	3
awaiting	3
priesthood	3
nations	3
kerchief	3
suffered	3
ccedila	3
popular	3
performed	3
grandson	3
spruce	3
beat	3
ringing	3
masters	3
saintnicholasdeschamps	3
faithful	3
train	3
misery	3
newfoundland	3
trip	3
beaten	3
pious	3
repeatedly	3
remain	3
keeping	3
cheerful	3
lead	3
burned	3
tender	3
kettles	3
renown	3
kiss	3
escape	3
bid	3
sassafras	3
crossing	3
beckoned	3
workmen	3
knowledge	3
humble	3
mistake	3
quitted	3
crying	3
indies	3
drinking	3
apricots	3
saintcyr	3
boards	3
emerged	3
convents	3
mysterious	3
freeze	3
answer	3
labour	3
stubborn	3
kinds	3
affair	3
voices	3
sa	3
song	3
rapture	3
countries	3
sole	3
smiling	3
shaped	3
intendants	3
skins	3
valise	3
project	3
examined	3
carpenter	3
poisons	3
non	3
recognize	3
imagine	3
speech	3
crete	3
dormer	3
debt	3
guest	3
necessary	3
dreaded	3
ladies	3
irregular	3
precious	3
logs	3
considerable	3
tiny	3
bonjour	3
salute	3
brothers	3
feather	3
image	3
sensitive	3
nicholas	3
shack	3
excellent	3
handling	3
cavelier	3
cost	3
china	3
mine	3
cabin	3
medical	3
du	3
bearskin	3
stable	3
bold	3
century	3
pretext	3
miracle	3
veau	3
sudden	3
difficulty	3
fireside	3
glow	3
package	3
admit	3
procession	3
landing	3
costly	3
worse	3
rattled	3
evidently	3
physical	3
sack	3
leaned	3
protector	3
twisted	3
hesitation	3
buttercups	3
carpet	3
drowned	3
friars	3
mark	3
v	3
charities	3
nai	3
carelessly	3
lad	3
innocents	3
labrador	3
sprang	3
april	3
punishment	3
lights	3
delighted	3
floating	3
walking	3
severe	3
paddle	3
decline	3
actually	3
savage	3
fight	3
conscious	3
parted	3
rude	3
polished	2
blacksmith	2
pages	2
crept	2
bellrope	2
attendance	2
ear	2
laundress	2
theyre	2
administration	2
terrifying	2
montespan	2
explanation	2
runners	2
vineyards	2
accompagne	2
skilful	2
kill	2
downhill	2
perplexities	2
realities	2
franc	2
stairs	2
splendid	2
barbados	2
activities	2
inherited	2
guess	2
thoughtfully	2
snail	2
proteacutegeacute	2
gifts	2
casket	2
normandy	2
peeped	2
bark	2
equal	2
oven	2
secret	2
owes	2
hastened	2
wheel	2
deacutejeuner	2
arrogant	2
clink	2
remark	2
coverlids	2
whoever	2
terrified	2
plainly	2
welling	2
harmless	2
churchman	2
squirrels	2
ses	2
scars	2
belle	2
neat	2
jeanette	2
cure	2
coarse	2
recess	2
attitude	2
nexpliquez	2
assurance	2
windowpanes	2
martyrdoms	2
archbishop	2
provisions	2
amethyst	2
mortifications	2
reckon	2
bayleaves	2
strangers	2
beast	2
pharmacien	2
rash	2
government	2
workroom	2
annoyed	2
offer	2
unique	2
collection	2
season	2
raised	2
ulcer	2
watercourse	2
reassure	2
college	2
buckets	2
buy	2
hundreds	2
copper	2
dangerous	2
foolish	2
vault	2
reply	2
buckskin	2
blushed	2
snuff	2
figs	2
variety	2
poorer	2
papers	2
layers	2
governorgeneral	2
laying	2
belt	2
absent	2
writingtable	2
swiftly	2
heal	2
however	2
judgment	2
examine	2
particularly	2
marry	2
liking	2
shimmer	2
sticking	2
distant	2
treatment	2
affliction	2
greek	2
plate	2
incident	2
senna	2
vulgarly	2
slumber	2
number	2
monastery	2
dieppe	2
absences	2
legend	2
counsel	2
offended	2
cherish	2
famine	2
petite	2
gironde	2
success	2
richer	2
climb	2
concealed	2
veiled	2
sheer	2
highest	2
goodness	2
arsenal	2
trudged	2
oldfashioned	2
bordeaux	2
canoes	2
dauphin	2
saviour	2
appointment	2
stroked	2
nation	2
lilies	2
retire	2
sake	2
laudanum	2
features	2
fault	2
undressed	2
highhanded	2
chaise	2
chargeacutes	2
relief	2
catherines	2
captured	2
glare	2
dramatic	2
astonishment	2
roads	2
system	2
adopted	2
ahead	2
cares	2
lavender	2
honoured	2
se	2
lalemant	2
approaching	2
civilities	2
bladders	2
beings	2
practice	2
jewels	2
repulsive	2
stick	2
hunt	2
latch	2
somebody	2
respectful	2
signs	2
wishing	2
confess	2
steady	2
partridge	2
horror	2
brutal	2
avoided	2
passing	2
destitute	2
mer	2
anthony	2
watchers	2
shivering	2
lain	2
swept	2
gleaming	2
sacristy	2
dresses	2
unexpected	2
agatha	2
anxiously	2
pass	2
practical	2
finally	2
tend	2
indre	2
sorrowful	2
fourth	2
wigwam	2
hearing	2
vessel	2
artificial	2
moreover	2
deepest	2
sloping	2
soil	2
jogues	2
bolster	2
livelihood	2
powerful	2
roses	2
succession	2
hoarse	2
endured	2
ici	2
pig	2
sheape	2
starving	2
seal	2
dido	2
whisper	2
gilt	2
nests	2
stony	2
type	2
beasts	2
choice	2
influence	2
starved	2
comforts	2
wholly	2
value	2
fickle	2
treading	2
carignansaliegraveres	2
shell	2
knotted	2
hares	2
drawers	2
frenchman	2
piled	2
attached	2
purgatory	2
mild	2
sausages	2
engaged	2
winding	2
crippled	2
choose	2
store	2
tasted	2
tore	2
advice	2
brings	2
acquaintances	2
individual	2
blow	2
wistfully	2
outrage	2
proulx	2
takes	2
tripe	2
tower	2
hes	2
closer	2
cleverly	2
turning	2
brief	2
routine	2
cases	2
meditation	2
recalling	2
merciless	2
writing	2
rigging	2
discipline	2
thirsty	2
courtiers	2
twentyfour	2
thanks	2
farmhouse	2
confirmation	2
seine	2
owing	2
purse	2
smiths	2
deeper	2
expectant	2
bands	2
useless	2
uncertain	2
afternoons	2
violet	2
seacutebastien	2
reported	2
warehouses	2
properly	2
plays	2
sprain	2
indulgence	2
sittingroom	2
carrosse	2
musical	2
tops	2
partner	2
slope	2
lame	2
redder	2
forbidding	2
shadows	2
secured	2
chests	2
trimmed	2
beams	2
slippers	2
sprained	2
urged	2
preserves	2
seized	2
endure	2
reflected	2
woodsman	2
enduring	2
emptying	2
mexico	2
footstool	2
wicked	2
enlarged	2
eye	2
charge	2
faucon	2
gravity	2
eel	2
police	2
bellies	2
july	2
icy	2
treated	2
messengers	2
cochons	2
blouse	2
hunger	2
employed	2
possessions	2
banter	2
itand	2
uneven	2
balls	2
exacting	2
doubted	2
swing	2
pancakes	2
seamen	2
seat	2
music	2
confidence	2
leeks	2
scraps	2
weddings	2
gazing	2
accepting	2
ridge	2
imprisoned	2
thundered	2
dogsledges	2
toes	2
recorded	2
worked	2
pastures	2
solemnly	2
womans	2
shapes	2
bourgeois	2
longing	2
unpopular	2
curving	2
william	2
pork	2
ferteacute	2
interrupted	2
courageous	2
inquiring	2
caretakers	2
spark	2
lovelier	2
vestments	2
temporary	2
string	2
dreams	2
formally	2
sullen	2
direction	2
regret	2
avec	2
indicating	2
hush	2
overlooking	2
regiment	2
departed	2
remarkable	2
baked	2
auction	2
sounded	2
ignorant	2
camp	2
trifles	2
norman	2
scratches	2
difference	2
freedom	2
caretaker	2
capon	2
exemplary	2
breast	2
grieved	2
oleum	2
nourished	2
elements	2
patrons	2
seaports	2
pretend	2
nightgowns	2
smells	2
besieging	2
reproach	2
heretic	2
retaining	2
perpetual	2
finding	2
arched	2
rheumatism	2
liquid	2
roche	2
ashes	2
shrug	2
ruined	2
similar	2
rosy	2
guns	2
paul	2
upright	2
rattle	2
orphan	2
sniffed	2
outward	2
isolated	2
goodbye	2
missionary	2
official	2
worth	2
breeches	2
wave	2
tapestry	2
birthday	2
organs	2
chicken	2
sulpician	2
outline	2
congenial	2
throbbing	2
deer	2
unknown	2
mirror	2
yonder	2
struggling	2
tales	2
clustered	2
streams	2
dawn	2
hoping	2
naturally	2
lid	2
effect	2
mosquito	2
fetch	2
galleys	2
traditions	2
fearless	2
fiery	2
mort	2
helpless	2
favourite	2
ardent	2
lui	2
rhetoric	2
harmed	2
himhe	2
veil	2
satisfied	2
addressed	2
reminder	2
grant	2
indoor	2
chisel	2
missed	2
warmth	2
relentless	2
mended	2
snowing	2
convenient	2
affect	2
diocese	2
joybert	2
fishing	2
appetite	2
surprise	2
convert	2
sill	2
failing	2
comforting	2
definite	2
journeys	2
sprinkle	2
unhappy	2
advised	2
cooks	2
exile	2
scarf	2
hewing	2
trace	2
snowfall	2
earliest	2
deeply	2
baptiste	2
citizens	2
employ	2
stomach	2
refectory	2
berry	2
paler	2
floods	2
colder	2
knocking	2
sponge	2
library	2
savoie	2
cloud	2
force	2
sainterose	2
customers	2
prayed	2
explorer	2
grilles	2
becoming	2
mistress	2
eucalyptus	2
kneel	2
princess	2
ontario	2
meacutenage	2
chickens	2
directing	2
cauterization	2
arbour	2
departure	2
purchases	2
groan	2
opinion	2
selected	2
grain	2
excessive	2
former	2
bleak	2
roi	2
novitiate	2
mustard	2
interests	2
bodies	2
anxiety	2
armful	2
bourgeoys	2
fasts	2
oranges	2
shallow	2
beauport	2
amusing	2
rumpled	2
holiday	2
leaden	2
swallows	2
hopes	2
appropriate	2
solitaire	2
castle	2
framed	2
shades	2
wifes	2
greater	2
perplexing	2
befriended	2
explorers	2
italian	2
orchards	2
prepare	2
smothered	2
pot	2
spill	2
closely	2
sink	2
oil	2
frenchmen	2
reside	2
professor	2
sweetmeats	2
toy	2
suspected	2
soeligur	2
afford	2
satisfaction	2
metal	2
fearfully	2
nearest	2
salt	2
clumsy	2
longest	2
captains	2
thaw	2
loss	2
unchanged	2
scolding	2
separated	2
glasses	2
friendliness	2
daring	2
il	2
withdrawal	2
dressinggown	2
borax	2
venison	2
resting	2
flew	2
averse	2
smouldering	2
pillow	2
rising	2
assisting	2
tirez	2
angrily	2
reckoned	2
believes	2
regency	2
viper	2
phipss	2
minds	2
finishing	2
double	2
tarnished	2
lodging	2
consecration	2
fewer	2
understood	2
rapid	2
sweet	2
evils	2
chirurgien	2
fatiguing	2
haunch	2
shepherds	2
reserved	2
saintlaurent	2
stretched	2
harder	2
profession	2
blown	2
sacred	2
smoke	2
alpine	2
delicately	2
smaller	2
smoothed	2
boyhood	2
pulverized	2
pays	2
blind	2
presented	2
poorly	2
confessed	2
au	2
sweets	2
shoemaker	2
devoutly	2
begging	2
ailing	2
drop	2
escaped	2
orderly	2
embrace	2
enjoyed	2
ivy	2
june	2
snows	2
breathe	2
fate	2
boatmen	2
perpendicular	2
education	2
shellfish	2
pills	2
cassock	2
bottom	2
satisfy	2
fantastic	2
dainties	2
laughing	2
reverse	2
bites	2
sheltered	2
perished	2
sixteen	2
wealth	2
frogs	2
unavoidable	2
faster	2
reserve	2
scorn	2
chanced	2
doctor	2
heads	2
pewter	2
heels	2
trained	2
tapers	2
tomb	2
theirs	2
stuff	2
loves	2
rode	2
entertained	2
soldiers	2
unclean	2
nervous	2
gives	2
throat	2
chagrin	2
listening	2
basement	2
happenings	2
geography	2
hallway	2
miraculous	2
subjection	2
intended	2
withdraw	2
flute	2
especial	2
swung	2
spices	2
breviary	2
fulfilment	2
crime	2
mans	2
believing	2
portion	2
im	2
glimpse	2
eaten	2
gather	2
intervals	2
luckily	2
overcame	2
distressed	2
farmers	2
surroundings	2
lifted	2
curtain	2
periods	2
heavier	2
parrots	2
satin	2
languages	2
flourish	2
meal	2
feast	2
breakfasted	2
pillar	2
grows	2
laurentian	2
oils	2
snowstorm	2
farewell	2
tended	2
heavenly	2
grandsons	2
asthma	2
fecircte	2
looks	2
coals	2
customary	2
ledge	2
gervaise	2
stations	2
terraelig	2
moneyand	2
malouins	2
uneasy	2
confidently	2
opening	2
connecting	2
triangular	2
knowing	2
pressed	2
highway	2
cheese	2
preferred	2
veins	2
stores	2
towns	2
save	2
conventional	2
rested	2
shouts	2
stock	2
elm	2
counting	2
african	2
flour	2
quarrelsome	2
montreacuteal	2
disposition	2
steeples	2
ordered	2
appointed	2
extended	2
entertain	2
cherry	2
plant	2
cove	2
loneliness	2
eacutecus	2
appeal	2
buildings	2
echoing	2
view	2
minutes	2
statue	2
remarking	2
protect	2
beg	2
enemy	2
blasphemous	2
italy	2
nous	2
christ	2
politely	2
probable	2
thickset	2
notes	2
london	2
staring	2
ankle	2
pilules	2
ideas	2
pick	2
gods	2
absorbed	2
beads	2
entering	2
buttons	2
eased	2
pontchartrain	2
indisposition	2
distracted	2
equerries	2
guarded	2
sleepy	2
ridges	2
unvarying	2
date	2
paintings	2
harmony	2
breathing	2
perplexity	2
fasting	2
settlement	2
lenfant	2
freezing	2
queens	2
instructions	2
lucky	2
offering	2
trappers	2
terms	2
downpour	2
meadow	2
wistful	2
lilac	2
proved	2
bishopric	2
absolute	2
fashionable	2
bricks	2
mates	2
notary	2
instead	2
expensive	2
palm	2
cocircteacutes	2
suit	2
pleasures	2
constructed	2
patronage	2
filling	2
hilltop	2
dowry	2
paroisse	2
herbs	2
belly	2
falls	2
plutarch	2
staircase	2
vos	2
vive	2
girlhood	2
neglect	2
measured	2
lovers	2
wipe	2
reflection	2
thirtysix	2
turkish	2
inscription	2
concerning	2
wishes	2
complained	2
knifegrinder	2
swinging	2
nostrils	2
traffic	2
dreadful	2
conspicuous	2
release	2
rabbit	2
paving	2
battlements	2
dollier	2
orangetrees	2
consecrated	2
sales	2
progress	2
chabanels	2
india	2
coachhouse	2
struggled	2
stir	2
geneviegraveve	2
islanders	2
hip	2
tenants	2
sale	2
public	2
possession	2
pontoise	2
shown	2
sickly	2
choret	2
minute	2
daily	2
skill	2
youthful	2
sorrows	2
arrogance	2
sing	2
studious	2
renaudeleliegravevre	2
pearls	2
fogs	2
melancholy	2
commanded	2
rhone	2
bronze	2
summers	2
dog	2
fortifications	2
bearing	2
patience	2
doorway	2
travel	2
sixty	2
beer	2
francs	2
sailing	2
novices	2
groups	2
shrugged	2
prey	2
venerable	2
fires	2
patiently	2
evidence	2
task	2
shouldnt	2
referred	2
shout	2
astonished	2
stands	2
regular	2
quicker	2
cobblers	2
succeed	2
brood	2
ventured	2
spare	2
shallop	2
shipped	2
plot	2
coasting	2
jewelled	2
bleed	2
hontan	2
chose	2
northern	2
partout	2
rochelle	2
converted	2
predecessor	2
approached	2
echoed	2
protected	2
frosty	2
lincarnation	2
walled	2
wreath	2
taper	2
hay	2
rue	2
casson	2
becomes	2
retirement	2
establishment	2
wiping	2
altered	2
brightened	2
stretch	2
honey	2
convey	2
gets	2
jumping	2
insolently	2
tightly	2
eh	2
rows	2
expressed	2
compared	2
receiving	2
remind	2
chunky	2
rabbits	2
revenues	2
priez	2
marsh	2
vi	2
civilized	2
vessels	2
trousers	2
space	2
niagara	2
massive	2
shave	2
director	2
sheep	2
salads	2
counted	2
softer	2
observing	2
action	2
curtsied	2
opinions	2
slanting	2
goal	2
hangings	2
pride	2
ax	2
blueberries	2
drip	2
resolutely	2
penances	2
judged	2
portraits	2
superiors	2
dipped	2
veneration	1
gloomy	1
kindling	1
insistenturgent	1
wrongs	1
accuses	1
lays	1
generally	1
squeezed	1
setting	1
wives	1
rendered	1
o	1
flowingback	1
bind	1
valueseem	1
jolly	1
depended	1
booths	1
devolved	1
storytelling	1
screwed	1
poplars	1
gutters	1
dripping	1
blazed	1
leurs	1
miss	1
alarmed	1
unseen	1
repentance	1
awful	1
somewhere	1
weed	1
unassorted	1
engrafted	1
outofdoors	1
blossoms	1
niece	1
vintage	1
shaking	1
dumb	1
spy	1
quebecthe	1
loving	1
serge	1
rosevines	1
lilacs	1
undiscovered	1
puppys	1
cataraqui	1
coldest	1
healing	1
companionable	1
antagonistic	1
wire	1
theories	1
crumb	1
cultivated	1
stabilitatem	1
regardez	1
scratched	1
pretendants	1
elle	1
tones	1
parchment	1
adorning	1
pearl	1
connaicirctre	1
dormered	1
mineral	1
throne	1
divin	1
mourns	1
shocked	1
blaze	1
diverts	1
flowed	1
awkwardly	1
corded	1
barefoot	1
luncheon	1
mgr	1
chastised	1
singular	1
evenno	1
twowheeled	1
beaverdams	1
denied	1
gums	1
requested	1
drunken	1
almoner	1
saddened	1
intervened	1
disengaged	1
remainder	1
ripe	1
libraries	1
countrywoman	1
scratching	1
closing	1
admire	1
uncomfortable	1
ordain	1
horehound	1
jamaica	1
imposing	1
perceacute	1
greaseenough	1
songs	1
fumbling	1
grandquite	1
dauphineacute	1
sentretenir	1
peer	1
carved	1
copperred	1
untraditionalwhat	1
sticks	1
pasnon	1
intimidated	1
southward	1
failed	1
mushrooms	1
twinkling	1
inquiry	1
interminable	1
muchno	1
methods	1
thingtranquillity	1
shores	1
endless	1
crew	1
iris	1
stocking	1
palatable	1
deportment	1
dogsledging	1
beds	1
increasing	1
witty	1
fascinating	1
widows	1
sore	1
midsummer	1
tapping	1
restlessly	1
engraved	1
succour	1
cubicle	1
gamebag	1
steeppitched	1
goats	1
bywords	1
alphonse	1
whispering	1
ravish	1
beaverskins	1
passion	1
preparation	1
distressing	1
avons	1
reentrance	1
dot	1
squares	1
applauded	1
lustrous	1
phrase	1
distress	1
snails	1
idol	1
marshy	1
sift	1
servants	1
lettuce	1
wakefulness	1
adverse	1
rosecoloured	1
bears	1
loosened	1
leacuteglise	1
bake	1
wrappings	1
roasting	1
fully	1
address	1
elbow	1
wept	1
unreal	1
accept	1
capacity	1
loathsome	1
liege	1
sunnybut	1
engagement	1
twentyodd	1
conduct	1
block	1
linger	1
quebecoh	1
clouts	1
himsuch	1
retold	1
quarrelled	1
indiscriminate	1
haunt	1
joachim	1
snowshoeing	1
tent	1
pieuse	1
waylaid	1
arabic	1
correspond	1
stocks	1
perpetually	1
eelfishings	1
trusted	1
pontmarie	1
corpus	1
feuds	1
burgundy	1
carries	1
shrunk	1
bandages	1
magpies	1
sifted	1
baskets	1
spares	1
cord	1
walnut	1
conquerors	1
queer	1
revolted	1
cradle	1
bacchus	1
extinguish	1
supplie	1
frail	1
chestnut	1
grandfathers	1
enormous	1
leacutetude	1
bewilderment	1
prescribed	1
ash	1
efforts	1
machine	1
wharf	1
christianized	1
regally	1
repugnant	1
embarked	1
anchor	1
lhut	1
rupture	1
impulse	1
vexed	1
abuses	1
inhabitants	1
infuriated	1
apiece	1
powers	1
stark	1
wreck	1
decapitated	1
labelled	1
diver	1
indisposed	1
trusty	1
marguerite	1
couriers	1
landward	1
apparatus	1
tadousac	1
himthough	1
occupants	1
deathbed	1
mary	1
guests	1
insides	1
victims	1
alterations	1
nest	1
footpassengers	1
happening	1
cabins	1
herhad	1
forms	1
lawful	1
quagrave	1
grapevine	1
wheatfield	1
whistling	1
pretence	1
correspondence	1
sinners	1
henry	1
cot	1
overrunning	1
facethe	1
highly	1
playfulness	1
loosed	1
deacutelicieux	1
fumble	1
bogs	1
cupboard	1
nook	1
quickening	1
sommes	1
hewed	1
regulating	1
fathomless	1
screamed	1
reverence	1
convinced	1
curl	1
cease	1
proposition	1
packages	1
scarlet	1
manwhen	1
illfavoured	1
swollen	1
poplar	1
displayed	1
berniegraveress	1
stops	1
conceptions	1
dropsical	1
behave	1
foliage	1
false	1
astronomical	1
pensionnaires	1
sumach	1
rainy	1
themand	1
tract	1
myrrh	1
sinless	1
formerly	1
pleasing	1
peck	1
recommended	1
price	1
snowy	1
sparrows	1
competition	1
claim	1
encrusted	1
dustier	1
progressed	1
shrunken	1
emanations	1
struggles	1
shorter	1
nasal	1
hew	1
gathering	1
thralldom	1
lac	1
executioners	1
helmet	1
leaning	1
serviceable	1
facenever	1
visible	1
plums	1
entombment	1
navarre	1
discoveries	1
admission	1
flutter	1
eyesockets	1
griefs	1
shyly	1
playmates	1
indianfighter	1
diminished	1
fatal	1
perpetuam	1
using	1
cellule	1
unassailable	1
arose	1
intangible	1
horrified	1
downhearted	1
ties	1
needed	1
untasted	1
childishly	1
fold	1
usor	1
sacristan	1
exhibited	1
terribly	1
rhythm	1
befell	1
everchanging	1
whichever	1
admiringly	1
treacutepasseacutes	1
mixed	1
robust	1
medium	1
lavish	1
bienaimeacute	1
chambre	1
gracircce	1
irreverent	1
prices	1
picked	1
pint	1
wheatharvest	1
maintain	1
feudal	1
shopthere	1
administrative	1
original	1
powdered	1
intercourse	1
liquorice	1
flagstones	1
thence	1
dignified	1
thoroughly	1
defeating	1
prints	1
worship	1
postbags	1
exhaustion	1
betrayed	1
remembrance	1
hare	1
chiding	1
ruining	1
shred	1
assure	1
poplartrees	1
clambered	1
dreamily	1
uncared	1
hall	1
avail	1
seaport	1
historic	1
lyon	1
slightest	1
illsmelling	1
civil	1
gloom	1
spacious	1
candied	1
waterbarrels	1
buzz	1
tailors	1
putting	1
hateful	1
illuminated	1
addresses	1
related	1
winters	1
explainby	1
discuss	1
preacuteserverai	1
shameful	1
worry	1
slip	1
ducks	1
lowered	1
spite	1
shanty	1
schooling	1
misfortunes	1
sport	1
loath	1
wordsit	1
marking	1
sheathed	1
sawdust	1
epilepsy	1
darned	1
expecting	1
waterway	1
englishmans	1
stoke	1
bandage	1
contemptuous	1
monasteries	1
pupil	1
expense	1
eldest	1
bloody	1
louves	1
seacuterieuse	1
dean	1
jerkshe	1
childbut	1
backwalked	1
myselfbut	1
cunningindeed	1
sundays	1
cats	1
awkward	1
casserole	1
pitch	1
frenchwomen	1
painfully	1
prove	1
inventory	1
teaching	1
toulouse	1
anybodynot	1
messieurs	1
haresand	1
eccentricity	1
bellclapper	1
central	1
wedge	1
countrywomen	1
exclaiming	1
reviewed	1
wages	1
needles	1
gallantry	1
abruptly	1
weariness	1
largest	1
daythe	1
retchings	1
pat	1
dispatchcase	1
clothed	1
epidemics	1
demand	1
movements	1
noting	1
trappe	1
cheap	1
apparently	1
rhubarb	1
furnished	1
uncertainthough	1
amount	1
dairy	1
assumes	1
pitchdark	1
miserably	1
assures	1
yokes	1
parcel	1
clanloyalty	1
tonti	1
fade	1
birdlike	1
overgrown	1
natureenthusiastic	1
doubts	1
bite	1
stuffs	1
unblinking	1
priegravere	1
jeu	1
uncurtained	1
till	1
apprehensions	1
repent	1
thorn	1
irresolutely	1
relaxed	1
seined	1
complaints	1
folding	1
dayschool	1
shepherded	1
honourable	1
ecclesiastical	1
sincere	1
michel	1
grandeur	1
sighted	1
himselfit	1
goodlooking	1
seventyeighth	1
bank	1
nord	1
madagascar	1
lofty	1
audiences	1
disgusting	1
abridged	1
overjewelled	1
fingertips	1
selfconsciousness	1
poorest	1
stretching	1
chastity	1
revoir	1
whiter	1
wandering	1
diet	1
strengthen	1
doublejacques	1
alcohol	1
likes	1
reminds	1
pleases	1
admitting	1
agomany	1
pretensions	1
parisfew	1
page	1
unconscious	1
sausage	1
lacking	1
stumps	1
confronting	1
bleacuted	1
embroidering	1
hysterical	1
coffee	1
sniffling	1
fortyseven	1
laced	1
add	1
ordinarily	1
restlessness	1
warrant	1
preyed	1
fishmongers	1
unevenly	1
tranquilles	1
churchyard	1
severance	1
beautify	1
beseech	1
pushing	1
hesitated	1
granted	1
steel	1
predecessors	1
rijswijk	1
threecornered	1
satisfactory	1
meoutside	1
incurable	1
armour	1
drama	1
phips	1
unwind	1
christs	1
liniments	1
lescargots	1
skirts	1
sixth	1
formal	1
admits	1
range	1
frankincense	1
loading	1
cemetery	1
deserted	1
twentytwo	1
chapter	1
celebrated	1
storehouse	1
uncomplaining	1
cav	1
hint	1
compass	1
babyhe	1
retorts	1
luxuriant	1
statues	1
actor	1
rosecolour	1
footman	1
chacircteauoften	1
garlands	1
thirteenth	1
chevriegraveres	1
affectionate	1
chill	1
disappointments	1
unworthy	1
substance	1
siena	1
liftyou	1
sets	1
smirched	1
map	1
bethought	1
lardwhat	1
grateful	1
pet	1
mecircme	1
communicated	1
haircloth	1
midday	1
lime	1
cardamon	1
innocent	1
homefigures	1
meanspirited	1
tidings	1
drums	1
rays	1
spoons	1
doctorsgave	1
profits	1
thrashed	1
exterior	1
spendingmoney	1
rental	1
picnic	1
shake	1
talents	1
numbers	1
maid	1
scrubbing	1
canadienne	1
toinetteas	1
saluted	1
beaverdam	1
rocky	1
created	1
greeting	1
joining	1
annoyance	1
plaisirs	1
porte	1
crosseyed	1
paces	1
deserve	1
unpacking	1
footgear	1
incidents	1
unceasingly	1
besought	1
ruder	1
unsteadfast	1
venetians	1
abscess	1
commendable	1
sharpen	1
coronet	1
preservation	1
symptoms	1
darker	1
flashes	1
intrepid	1
enterprize	1
blazing	1
lids	1
greetings	1
couleur	1
horseshoe	1
frames	1
hayloft	1
jug	1
exist	1
patting	1
easier	1
promises	1
advance	1
threads	1
pink	1
daysthe	1
conceals	1
booth	1
vapour	1
ox	1
pondavens	1
missionsa	1
halo	1
arriving	1
furious	1
directions	1
tenth	1
preserve	1
peas	1
reproduction	1
writes	1
sounds	1
announcing	1
dealing	1
nephew	1
neighbouring	1
considerate	1
mend	1
inflicted	1
distances	1
appealed	1
assemble	1
rains	1
shrink	1
nepotism	1
examiners	1
autumnal	1
oars	1
raptures	1
spoil	1
fortified	1
vanity	1
guessed	1
beacuteret	1
penniless	1
dismissal	1
magistrates	1
mortified	1
afterwardsoh	1
feared	1
laflamme	1
bloodletting	1
happensthe	1
elected	1
nieces	1
conscientious	1
scolds	1
heroism	1
luscious	1
crumpled	1
sensed	1
sunbeams	1
billows	1
bar	1
anchorchains	1
hairy	1
frank	1
interlacing	1
impertinent	1
thither	1
spreading	1
curtained	1
vaulted	1
draughts	1
attentions	1
reddish	1
featured	1
clusters	1
relied	1
overcrowded	1
fleshy	1
adventure	1
coaches	1
jusquaux	1
feelingly	1
hautbois	1
vineyard	1
altarcloths	1
onceand	1
brow	1
prodding	1
richly	1
lunivers	1
eacutetait	1
reverberations	1
embark	1
expert	1
coaxingly	1
burial	1
dressingcabinet	1
trivial	1
disinterested	1
seas	1
snowcovered	1
fastened	1
philosopher	1
cunningly	1
returns	1
swim	1
futurethe	1
delivered	1
tropical	1
operations	1
saturated	1
cartier	1
deergut	1
casement	1
girdled	1
didfor	1
enlist	1
novel	1
cruelties	1
mercies	1
uninteresting	1
novice	1
bootshe	1
folk	1
depends	1
helpful	1
otter	1
exhausted	1
heartless	1
attending	1
gleams	1
variations	1
dashed	1
homesickness	1
deserving	1
trunks	1
soldierpriest	1
mugs	1
chegravere	1
changeda	1
pitches	1
tu	1
grunting	1
apple	1
insolent	1
tastes	1
pageants	1
congested	1
inconsiderable	1
rubbing	1
apparel	1
bow	1
birches	1
distaff	1
interlocking	1
studies	1
saturdays	1
coughsyrup	1
furthered	1
decanters	1
consciousness	1
scarred	1
reste	1
subite	1
dispose	1
timid	1
bolstercover	1
wit	1
tendres	1
rate	1
consulted	1
sustained	1
seventeenth	1
fatherinlaw	1
troops	1
preceded	1
plundered	1
arriveacutes	1
vellum	1
devez	1
contradictions	1
commerce	1
sagamite	1
pairs	1
disbanded	1
ordinaire	1
louvre	1
statesman	1
boastful	1
defiantly	1
tedious	1
fishermen	1
leacutecole	1
terrors	1
guarding	1
text	1
detestable	1
instigated	1
banner	1
independent	1
perfectlyhis	1
himwas	1
murdering	1
snowblindness	1
glided	1
break	1
popes	1
marketing	1
domus	1
tang	1
threatened	1
substantially	1
alongevery	1
starts	1
shortness	1
busiest	1
hostilities	1
saintignace	1
jelly	1
startling	1
goldcoloured	1
curling	1
capitals	1
crackling	1
nestling	1
youthkilled	1
berries	1
wereof	1
meanwhile	1
theft	1
repentant	1
painful	1
halfwittedand	1
garbage	1
impoverished	1
paddles	1
ours	1
poisoner	1
elegance	1
partageant	1
unattractive	1
yardarms	1
eyean	1
applied	1
loads	1
detaining	1
uncle	1
dreaming	1
caen	1
preacutefegravere	1
savez	1
forever	1
ainsi	1
divest	1
indecencies	1
vehicles	1
adventurers	1
wooddoves	1
fail	1
vital	1
earrings	1
deliver	1
crunch	1
summerduring	1
hardy	1
timidity	1
stupor	1
emptied	1
firearms	1
cheered	1
melt	1
quil	1
snowthen	1
eccentric	1
barhe	1
snapped	1
possess	1
bitumen	1
journeacutees	1
anyhow	1
onearmed	1
overjoyed	1
holes	1
quantity	1
bristles	1
adventurer	1
placards	1
basketwork	1
bigger	1
keenly	1
seclusion	1
object	1
foul	1
incomparable	1
recommend	1
estranged	1
lav	1
himfor	1
regulars	1
starhow	1
curled	1
defeated	1
apathetic	1
hinges	1
unbelievers	1
bretagne	1
lombardy	1
shopping	1
seashells	1
dressmakers	1
coughing	1
disaster	1
male	1
downs	1
waistcoats	1
ends	1
pardon	1
handthough	1
lesprit	1
fix	1
headdress	1
blackberry	1
discourage	1
indecency	1
riches	1
fais	1
follies	1
nearer	1
peur	1
levels	1
longsuffering	1
preliminary	1
pumpkins	1
faraway	1
precipitous	1
responsibility	1
torturer	1
entrance	1
promenade	1
ingratitude	1
crowsterrible	1
questioned	1
heavyit	1
delicacies	1
owned	1
needful	1
vaudreuil	1
incredibly	1
crouching	1
nausea	1
storeys	1
rites	1
sauveur	1
kick	1
flask	1
interposed	1
seek	1
conversion	1
comforted	1
toi	1
bristling	1
divided	1
gummed	1
intend	1
faggots	1
chastise	1
truly	1
spelled	1
increased	1
walks	1
overtaken	1
misshapen	1
noseand	1
matteroffact	1
youhe	1
almondshaped	1
blocked	1
hautesavoie	1
sureness	1
sugared	1
loyalty	1
aromatic	1
crabs	1
amuse	1
delicious	1
florentine	1
reacutepondre	1
caves	1
meditating	1
clanging	1
sofabut	1
parsley	1
wounded	1
theres	1
lizards	1
aixenprovence	1
prenez	1
thread	1
patch	1
suggest	1
montmort	1
outraged	1
teaches	1
greybewildering	1
freshly	1
ravenous	1
games	1
petits	1
headway	1
nailed	1
bending	1
prejudiced	1
modegravele	1
nails	1
ironmonger	1
waves	1
oneself	1
lowand	1
rarely	1
match	1
deserts	1
seize	1
normandie	1
countryout	1
parishioners	1
luxuries	1
confident	1
resolute	1
pointon	1
bellyband	1
shelters	1
braver	1
tourmente	1
impertinence	1
biting	1
surly	1
petroleum	1
remembers	1
obediently	1
repeat	1
spray	1
exercise	1
theirsin	1
reprovingly	1
directors	1
management	1
paths	1
meagre	1
forbade	1
conceit	1
acknowledge	1
liqueurs	1
rumble	1
opposition	1
pareacute	1
steal	1
challenge	1
trait	1
sirops	1
fired	1
button	1
r	1
rubbed	1
halfcircle	1
produce	1
ordained	1
maicirctre	1
bled	1
nave	1
mens	1
dreama	1
stroking	1
livings	1
caring	1
sagacious	1
incredible	1
leadcoloured	1
equipage	1
tailfeathers	1
containing	1
strangersall	1
plaicirct	1
prescribe	1
playfellows	1
grimness	1
rooted	1
questioning	1
againtoward	1
exquisite	1
obliterating	1
joke	1
saintsulpice	1
grip	1
vimont	1
precipitate	1
openly	1
drown	1
themsee	1
reflections	1
merits	1
sweetsmelling	1
characteristically	1
bedrooms	1
loosen	1
salubrious	1
shuffled	1
landingplace	1
darkened	1
questce	1
lumber	1
haughtily	1
undignified	1
scornful	1
outright	1
boyish	1
reservation	1
peaks	1
charitable	1
haybarges	1
members	1
providence	1
pinched	1
personstalk	1
partly	1
searching	1
streetand	1
franceand	1
surfeit	1
dared	1
sloop	1
forelock	1
cause	1
kitchenthe	1
courtwhere	1
relic	1
dattes	1
committing	1
crowns	1
publish	1
detest	1
extravagances	1
croon	1
faults	1
basse	1
trundlebed	1
grants	1
portaufoin	1
outskirts	1
rear	1
snorting	1
rite	1
pins	1
bonnet	1
eacuteleacutement	1
countess	1
nurses	1
achieving	1
drops	1
doorhe	1
enterprises	1
arent	1
agoand	1
directed	1
guides	1
merry	1
purchaser	1
forbear	1
source	1
transferred	1
polealready	1
originally	1
leader	1
briars	1
breeding	1
commend	1
portages	1
effects	1
aube	1
deos	1
pitifully	1
saintaugustins	1
copies	1
degenerate	1
cherishes	1
drifted	1
consolations	1
worries	1
frocks	1
mask	1
respectable	1
deathchamber	1
peeping	1
abbeacutes	1
perched	1
appreciation	1
overeat	1
pharmacist	1
suitors	1
dreamed	1
lanterns	1
spinach	1
wagonyard	1
strawlined	1
henceforth	1
coma	1
deliberate	1
patronize	1
nativity	1
renew	1
carriers	1
twentyor	1
flushedhis	1
courteously	1
ideals	1
draughty	1
roamed	1
continue	1
trois	1
otherand	1
disregard	1
pickings	1
mighty	1
kicked	1
provide	1
vipers	1
overlook	1
prolong	1
knocked	1
gales	1
reconnaissez	1
suffers	1
apparaicirct	1
navigators	1
galling	1
indecent	1
neglecting	1
drumcall	1
stair	1
soir	1
provisionssmoked	1
shirtsleeves	1
bells	1
marble	1
yarn	1
hardened	1
grimace	1
thigh	1
established	1
courtas	1
ridiculous	1
pecking	1
mockery	1
inhaling	1
meddlesome	1
recueillir	1
steadfastness	1
garlic	1
sweeping	1
loitering	1
recreation	1
size	1
representation	1
protest	1
seaweed	1
keen	1
surface	1
dipping	1
regarde	1
tea	1
shine	1
confirming	1
theatric	1
xiv	1
stirring	1
shapely	1
vengeance	1
marketwomen	1
sweep	1
rounds	1
firkins	1
method	1
snug	1
sounding	1
sparkling	1
folded	1
cabinetwork	1
owni	1
vague	1
prodigious	1
padua	1
mischievous	1
stride	1
eighty	1
mourrai	1
amongst	1
brooding	1
pleadingly	1
beaupreacute	1
widow	1
expose	1
beaverand	1
refer	1
moisture	1
faithless	1
woodpile	1
twinkled	1
tormented	1
thingshe	1
lodger	1
christmastime	1
infirm	1
saltshaker	1
grand	1
blois	1
tyrannical	1
vehement	1
windowcurtains	1
poem	1
rum	1
cantorbeacutery	1
blurred	1
recuperating	1
inquiringly	1
beeches	1
perhapsat	1
detached	1
handiwork	1
sufficiency	1
cardinal	1
detailed	1
bois	1
forgiven	1
contradicted	1
chain	1
ape	1
glitter	1
feud	1
shuddered	1
compagnons	1
suitable	1
uncharted	1
drooped	1
europeans	1
eyebrow	1
plumed	1
occasion	1
hook	1
communication	1
neuillant	1
monsters	1
storeroom	1
brilliantly	1
conserved	1
carousing	1
vitality	1
amuses	1
usefulness	1
coverlid	1
breaks	1
kerchiefs	1
seaward	1
log	1
upholstered	1
squarerigged	1
limitation	1
beautyeverything	1
voyait	1
goodwill	1
select	1
suffer	1
gut	1
splashed	1
suppers	1
proceeded	1
bourgeons	1
barber	1
roughing	1
sees	1
lungs	1
skybut	1
forgetfulness	1
tricks	1
limbs	1
punk	1
tramp	1
tranquille	1
weekly	1
feront	1
frame	1
sharply	1
sadness	1
grassy	1
backward	1
delay	1
oise	1
font	1
figuier	1
grenouilles	1
noticing	1
quitteacute	1
repute	1
respectability	1
throwing	1
fighting	1
townsmen	1
prisons	1
shriven	1
driver	1
chat	1
shipmates	1
sap	1
cheer	1
unlocked	1
ecstasy	1
nearness	1
recollection	1
bretons	1
throbs	1
perplexed	1
disant	1
handwriting	1
thaws	1
cargo	1
admonition	1
handbell	1
extra	1
completed	1
indulge	1
sipped	1
afflicted	1
farther	1
notch	1
tontithat	1
creditors	1
soldered	1
jump	1
misunderstand	1
boast	1
commodious	1
pleated	1
shiver	1
anticipation	1
sweethearts	1
likestrong	1
tilted	1
dealings	1
jour	1
rally	1
stooping	1
neednt	1
tempting	1
prairies	1
bury	1
arrive	1
sobered	1
saddle	1
eyesthe	1
messenger	1
cottonvelvet	1
declivity	1
hinted	1
cloves	1
recollet	1
fortress	1
undo	1
nipissing	1
daniel	1
lowgrowing	1
courtyards	1
infancy	1
tuttut	1
spasm	1
forage	1
unsteadily	1
culte	1
detect	1
permanence	1
emptiness	1
adviser	1
discretion	1
rim	1
colonist	1
rome	1
spoiled	1
bandbox	1
advisability	1
kit	1
vanquished	1
fools	1
lovingly	1
seriousness	1
glittered	1
performance	1
eagerness	1
martyrdom	1
extremely	1
situation	1
buckskins	1
rugs	1
lands	1
derived	1
await	1
jail	1
seamed	1
cleanliness	1
therefore	1
consumed	1
earthenware	1
fortyfour	1
illfated	1
usand	1
savoirfaire	1
feverishly	1
mug	1
drawing	1
distasteful	1
preacutefeacutereriezvous	1
jai	1
allimportant	1
feathered	1
paradis	1
mounting	1
shiny	1
chabanelah	1
insect	1
stamped	1
laquelle	1
meets	1
unfortunately	1
grindstone	1
lecture	1
bloodshot	1
occupies	1
mouton	1
foxglove	1
hole	1
roomseldom	1
rewarding	1
francea	1
represented	1
importunities	1
executed	1
packing	1
morts	1
acircne	1
timidly	1
active	1
herthey	1
anglais	1
halfbare	1
soins	1
scholarship	1
unceasing	1
exiles	1
halfloaf	1
davoin	1
desires	1
summon	1
inquire	1
perverse	1
easygoing	1
upstairsthe	1
inward	1
agree	1
overcast	1
cronies	1
heto	1
sallow	1
lowroofed	1
arch	1
straits	1
fitness	1
effulgence	1
unspending	1
kneebreeches	1
errands	1
thinned	1
gratifying	1
maria	1
pharmacie	1
strictest	1
warmer	1
aeligneas	1
juschereaus	1
shrilly	1
sugarand	1
cruelly	1
diseases	1
haybales	1
gentians	1
togetheryou	1
soninlaw	1
wretch	1
thenand	1
grief	1
melody	1
asafoeligtida	1
cruised	1
articles	1
succeeded	1
facei	1
accusation	1
veritable	1
squandered	1
nearby	1
thirtyfifth	1
archidiacre	1
crystals	1
professional	1
friendless	1
gasped	1
blames	1
squalls	1
flickering	1
stopping	1
fee	1
elixirs	1
bunches	1
ourses	1
creaked	1
differentas	1
horsemen	1
regretting	1
dullest	1
rhythmic	1
mortars	1
rained	1
flooring	1
gunshot	1
subjects	1
lets	1
ait	1
frosts	1
sideon	1
virginia	1
hilly	1
pictureframes	1
blank	1
courteous	1
apologies	1
utmost	1
undertaken	1
crags	1
shrinking	1
authoritative	1
oppression	1
elbows	1
throng	1
summit	1
illtempered	1
witness	1
rectangle	1
giorgios	1
lunch	1
ministrant	1
privileges	1
spouting	1
foil	1
mannerdouble	1
poulet	1
confused	1
sunshine	1
smoothly	1
agreeable	1
shows	1
dazzling	1
memories	1
fatsquare	1
ceciles	1
gratefully	1
descended	1
terrestre	1
liveries	1
torches	1
bedtime	1
refuse	1
doubtfully	1
flush	1
peers	1
wagon	1
bald	1
poecircle	1
cask	1
brooms	1
ascribe	1
rendezvous	1
venise	1
lace	1
grangefrontenac	1
armchairs	1
fuyait	1
loop	1
odours	1
split	1
birchwood	1
deprive	1
rightthe	1
aside	1
stifle	1
disorders	1
puzzled	1
fiercest	1
joint	1
carboys	1
est	1
thoughtand	1
annes	1
gravez	1
dinan	1
victoireand	1
chesthe	1
brooch	1
tisanes	1
doses	1
selfforgetful	1
overtones	1
consecrate	1
shapeless	1
confide	1
act	1
halfclad	1
sleeves	1
azure	1
apt	1
buds	1
attract	1
downright	1
recovered	1
pretended	1
parting	1
bequeathed	1
sympathy	1
lookingglass	1
stately	1
monastegravere	1
bluntly	1
ending	1
ascend	1
allthis	1
skulls	1
dread	1
strawtopped	1
discharged	1
eyefull	1
relies	1
outlook	1
thembut	1
delightful	1
tonics	1
drifts	1
simplehearted	1
failings	1
provided	1
shipments	1
guessing	1
brightly	1
sunday	1
cloudshaped	1
gutter	1
grieve	1
moods	1
regard	1
handful	1
vivid	1
selfinflicted	1
invaded	1
suppuration	1
inclination	1
guardian	1
sacraments	1
westward	1
neverending	1
hundredth	1
elms	1
brittany	1
proffered	1
bred	1
greygreen	1
haughty	1
shifts	1
personally	1
celestial	1
sturdy	1
locking	1
seventh	1
paved	1
urge	1
push	1
reward	1
availed	1
undertakings	1
playing	1
rind	1
outtiring	1
amazed	1
drumsticks	1
shutting	1
manon	1
seaman	1
marvellous	1
candlestand	1
appreciative	1
begrudged	1
abbeys	1
stated	1
agreacuteable	1
pulpit	1
daysin	1
bigoted	1
werent	1
appetites	1
yourselves	1
shortly	1
funny	1
pile	1
beneficial	1
circular	1
halves	1
sober	1
mixture	1
ball	1
spiritwith	1
solidly	1
science	1
dusky	1
overstrained	1
situated	1
yearsand	1
explorations	1
snore	1
borrows	1
grandsonwas	1
unnatural	1
decade	1
creep	1
graciousness	1
peacocks	1
romantic	1
halffacing	1
wed	1
solitariness	1
sentinelled	1
kittens	1
uncalculating	1
slopes	1
radiantly	1
afforded	1
rumoured	1
introduced	1
shortstolen	1
accomplish	1
concluded	1
clearlystanding	1
leacutegumes	1
sensibility	1
edmonds	1
woodcut	1
majestys	1
jagged	1
fun	1
brethren	1
tureen	1
chewing	1
cardboard	1
privations	1
deathsentence	1
imprimezle	1
request	1
uncooked	1
conversed	1
swarms	1
valleys	1
cheeksnot	1
rectangular	1
stump	1
sloped	1
crust	1
fortunes	1
permitted	1
quack	1
leading	1
caution	1
carpets	1
snowshoesjust	1
unicorns	1
cairn	1
rebuilt	1
pockets	1
beckon	1
extravagant	1
thirst	1
irreproachable	1
pickled	1
impatiently	1
paraphernalia	1
costume	1
unserviceable	1
squirrel	1
contempt	1
traced	1
furtive	1
woodsupply	1
moulting	1
curse	1
canvas	1
sanguine	1
informing	1
edict	1
sullenly	1
makeshifts	1
entre	1
barbersurgeons	1
soap	1
coward	1
cryi	1
skyline	1
merchandise	1
intercession	1
exists	1
strapped	1
perpetrated	1
admiring	1
prevent	1
healthy	1
mystical	1
screams	1
furled	1
inadequately	1
salts	1
obtain	1
turnips	1
core	1
cobbles	1
outcast	1
overshadowed	1
stiffnecked	1
twigs	1
lap	1
rainwater	1
heiress	1
saracens	1
doorstep	1
vineleaves	1
exposed	1
reappearances	1
coastinghill	1
happythough	1
eacuteblouicirc	1
reappointment	1
applies	1
thumb	1
damp	1
raingrey	1
rayonnant	1
vindictive	1
goodnight	1
skya	1
nightfall	1
leggings	1
serpents	1
tease	1
twentyfourth	1
undivided	1
wastes	1
slide	1
mischances	1
burst	1
splendidly	1
fool	1
wafted	1
vegetable	1
deliberated	1
recantations	1
sweaty	1
hills	1
antagonize	1
mirrors	1
inwhen	1
destined	1
motioned	1
speedily	1
compliment	1
exchange	1
schoolmates	1
grace	1
salutaire	1
ni	1
voua	1
sticky	1
agents	1
sly	1
unkindly	1
startleddeath	1
handle	1
apostles	1
formed	1
citydweller	1
poisoning	1
interior	1
raid	1
fears	1
detention	1
owed	1
notched	1
unevenness	1
faible	1
perform	1
dignity	1
mischance	1
monde	1
argumentative	1
entrusting	1
purified	1
poets	1
rudely	1
wedged	1
curiously	1
privacy	1
defeat	1
feigned	1
expects	1
diplomacy	1
calls	1
weatherworn	1
tucked	1
howled	1
horns	1
barbersurgeon	1
peeling	1
ce	1
homeless	1
result	1
waterfront	1
matthias	1
gateway	1
knowsthough	1
sorrythere	1
colic	1
advantageous	1
massacres	1
cherries	1
mindmore	1
chemist	1
purchased	1
cobbled	1
flicker	1
wracked	1
merciful	1
outburst	1
windowsill	1
appears	1
corridors	1
sacks	1
stinging	1
scrutiny	1
beforehad	1
interfere	1
transmutation	1
francethe	1
ransom	1
desired	1
reproved	1
olivegreen	1
strappado	1
conveniences	1
forced	1
peacutecheresse	1
unwashed	1
reprend	1
ambroise	1
disposal	1
salue	1
recovering	1
theatrical	1
wasted	1
cureacutes	1
enjoyment	1
mellow	1
bourgognethe	1
helper	1
doorjamb	1
current	1
turbid	1
homesick	1
alight	1
tapestries	1
gunpowder	1
quicksilver	1
dormers	1
splits	1
parc	1
delicatenot	1
precocious	1
awaited	1
sealed	1
career	1
spoonfuls	1
gain	1
muslin	1
physicians	1
conflagrations	1
bandaged	1
fables	1
distrusted	1
distrustfully	1
quarters	1
broadbrimmed	1
braved	1
sagacity	1
pharmaciens	1
punishments	1
busily	1
shrubs	1
admirably	1
sewing	1
steeple	1
doorways	1
clasped	1
hyssop	1
facea	1
solidity	1
extent	1
furniturenow	1
celebrate	1
humour	1
singe	1
locks	1
scrollbut	1
blackened	1
emperor	1
yoke	1
debated	1
sarcastic	1
rumour	1
cunning	1
hearth	1
susceptible	1
palely	1
leacutegyptienne	1
chairclaws	1
rocktop	1
heap	1
despairsuch	1
thinrather	1
adieu	1
answering	1
divine	1
acceptable	1
backbone	1
laterhe	1
fare	1
crystallized	1
tune	1
rainbow	1
backwardness	1
elegancies	1
unbuttoned	1
quill	1
appointing	1
vases	1
militia	1
dressingroom	1
knowthey	1
shed	1
omit	1
twentythree	1
vividness	1
mitre	1
streaming	1
consolation	1
hyacinthcoloured	1
ourselves	1
strangling	1
wallsmade	1
thief	1
pharmacies	1
blueberriespoor	1
joys	1
reposez	1
graciously	1
adept	1
slimy	1
overhanging	1
tightened	1
atelier	1
hillsides	1
southern	1
carve	1
shoot	1
russet	1
coldframes	1
lasts	1
ailment	1
depraved	1
rosetree	1
delivery	1
chagrined	1
wheat	1
texts	1
brushes	1
degree	1
indeedbut	1
rye	1
stall	1
distilling	1
counterpane	1
noiselesslybeckoned	1
creases	1
density	1
servingwoman	1
brushed	1
trim	1
martyr	1
martyrscoming	1
sailorit	1
key	1
impudent	1
nobles	1
tiresomebut	1
pastoral	1
despondently	1
heartthat	1
surprising	1
sacrilege	1
snowwhite	1
honneur	1
temporal	1
ville	1
reddened	1
compose	1
alexander	1
lief	1
rainfall	1
renewed	1
pear	1
judge	1
ulcers	1
smudge	1
leek	1
accord	1
cleanly	1
prying	1
gaillac	1
quivered	1
divined	1
cruelty	1
crisp	1
procured	1
conditions	1
lambs	1
vomiting	1
baking	1
january	1
downtastes	1
snowburdened	1
conserve	1
rheumatic	1
tumbled	1
rustic	1
cornmeal	1
faithfully	1
handled	1
graceful	1
aloneas	1
dauphinoisalways	1
denounced	1
stiffen	1
exaggeration	1
ruinous	1
troublesome	1
founded	1
lapothicaire	1
nephews	1
treasury	1
shunned	1
silvery	1
othersequal	1
tells	1
stealing	1
surgeons	1
magnificent	1
neglects	1
fiercely	1
founding	1
stormbound	1
tame	1
todaywe	1
confidential	1
pry	1
europebut	1
vertu	1
smoulderingit	1
reality	1
souland	1
vigorously	1
pails	1
greed	1
nicer	1
overtures	1
ignores	1
occurrence	1
favourably	1
ledger	1
wrung	1
stepmother	1
antoinette	1
stumbled	1
bakings	1
avant	1
strayed	1
plymouth	1
entire	1
riding	1
privant	1
remorseful	1
printed	1
decision	1
babys	1
carvingknife	1
fanatical	1
artless	1
warned	1
policy	1
agate	1
deepset	1
cognac	1
measures	1
giant	1
message	1
storey	1
enclosed	1
resignation	1
absentminded	1
despotic	1
imitate	1
boottops	1
inaudibly	1
mediterranean	1
detain	1
successor	1
ordnance	1
springlike	1
symmetrical	1
landlord	1
chiefs	1
treasure	1
footmen	1
gate	1
unappetizing	1
jersey	1
toinettes	1
destroy	1
wellordered	1
pen	1
backwards	1
cloister	1
adrift	1
folks	1
kindred	1
desperate	1
defiant	1
codfish	1
unopened	1
changeable	1
pinewoods	1
unmake	1
vocation	1
dishwater	1
battered	1
courts	1
bootsa	1
discourse	1
unattended	1
womanshe	1
highbacked	1
acceptance	1
balmy	1
gothic	1
beset	1
arabian	1
quickness	1
iroquoisthough	1
inferretque	1
thighs	1
ina	1
firewood	1
muchi	1
rapt	1
loveliest	1
awfulness	1
coughsyrups	1
grasshoppers	1
darkskinned	1
vicinity	1
streak	1
cemeteries	1
reform	1
picks	1
cover	1
torn	1
strongly	1
respected	1
specifics	1
record	1
misfortune	1
aching	1
scholars	1
easy	1
bringingup	1
mobile	1
uniform	1
farms	1
kindled	1
ages	1
lend	1
wilfulness	1
regent	1
ajar	1
fencer	1
humiliation	1
tarpaulins	1
leafless	1
sustain	1
daughterinlaw	1
hazel	1
nobly	1
ornament	1
dash	1
nuts	1
wills	1
landscape	1
muzzles	1
ecstasies	1
churchbell	1
movement	1
ceux	1
flocked	1
shoe	1
mansion	1
quincetree	1
portrait	1
accusing	1
abandonedly	1
calliegraveres	1
guardianship	1
purely	1
newlycompleted	1
faced	1
retreating	1
fought	1
gradually	1
campagnarde	1
fatheri	1
understands	1
cling	1
induced	1
conciliatory	1
clouded	1
dozens	1
class	1
punish	1
fainter	1
inflammation	1
persil	1
criminals	1
gable	1
accounts	1
irreclaimable	1
musing	1
capricious	1
unfolded	1
requires	1
preserving	1
capacitya	1
poles	1
heated	1
hides	1
delivering	1
ignore	1
ventures	1
skullcap	1
dimple	1
votive	1
supremacy	1
inches	1
disastrous	1
unobserved	1
ditch	1
hostile	1
esteem	1
scanty	1
goalthe	1
midst	1
commonly	1
swamps	1
oath	1
autopsies	1
openyou	1
lavenderwater	1
sheaf	1
crowned	1
interweaving	1
voyagei	1
proprieties	1
founds	1
manual	1
carriages	1
sliding	1
autrecomment	1
rowdy	1
fascination	1
seventeen	1
solution	1
retiring	1
previous	1
voilagrave	1
envy	1
jealousies	1
unslung	1
brownishlilac	1
upthe	1
robe	1
wards	1
realizing	1
safeguarding	1
boil	1
gratified	1
lovely	1
rescue	1
lounged	1
apprise	1
plunder	1
seventyseven	1
volatile	1
wanderseemed	1
palais	1
halfowner	1
bends	1
cobblestones	1
unrolled	1
recruiting	1
august	1
indicate	1
vines	1
dormitories	1
haycoloured	1
rockset	1
greet	1
godless	1
thirtyfour	1
sympathies	1
horse	1
skippingropefew	1
grinned	1
frailness	1
liqueur	1
oily	1
untouched	1
tapped	1
inspiriting	1
compatible	1
committed	1
subdued	1
mildly	1
courtier	1
hopeful	1
interest	1
nightand	1
grandparents	1
spaces	1
benches	1
deftly	1
agent	1
comment	1
twist	1
pines	1
retained	1
bespoken	1
seventyfour	1
unloadinguntil	1
ministers	1
steadily	1
balances	1
wellknown	1
disease	1
thirtyseven	1
necessarily	1
admirers	1
neckerchief	1
confronted	1
dreary	1
porteress	1
scrupulously	1
grasped	1
clumsily	1
wrinkles	1
paristhough	1
neglectful	1
breaking	1
practised	1
ensure	1
wounds	1
selfabnegation	1
stoutly	1
council	1
graces	1
amazingly	1
complimented	1
lodginghouse	1
desert	1
clattered	1
huge	1
genial	1
owe	1
acted	1
war	1
taller	1
galley	1
disturbing	1
angelsthe	1
hereabouts	1
tact	1
overbearing	1
licence	1
hulls	1
salonso	1
casks	1
confessions	1
motherhoodoh	1
elmtree	1
hayfield	1
moselle	1
written	1
reproachful	1
violins	1
amused	1
sends	1
furnishings	1
welcomed	1
workin	1
sits	1
tending	1
otherwise	1
turks	1
influenced	1
halfopen	1
livers	1
churchthey	1
halfman	1
principal	1
painted	1
dolefulit	1
stripping	1
aimed	1
petty	1
permanent	1
toiling	1
alert	1
sighs	1
pushoff	1
lighting	1
behindthe	1
foresaw	1
vision	1
undertook	1
starwhite	1
flap	1
shuttered	1
noonday	1
assented	1
incalculable	1
lines	1
countingroom	1
repairs	1
coppers	1
crystal	1
talent	1
icicles	1
beautya	1
barbarians	1
closest	1
needle	1
apparelled	1
hasp	1
masculine	1
implements	1
turns	1
hobble	1
discontent	1
noses	1
main	1
milkweed	1
correct	1
slippery	1
tunnels	1
soiled	1
instructing	1
inquiries	1
thongs	1
awe	1
medicineand	1
egg	1
brutality	1
dangers	1
dapollon	1
stranger	1
thingshaving	1
immensity	1
woolly	1
irregularities	1
moustache	1
brownish	1
seeds	1
nipissings	1
anew	1
dwelling	1
teething	1
husbands	1
conceptionone	1
assorting	1
greatest	1
gros	1
shoresnothing	1
crucifix	1
interval	1
sil	1
write	1
preach	1
fuss	1
reluctance	1
kitchena	1
cuff	1
thronged	1
halfway	1
hither	1
movable	1
quarrelling	1
speaking	1
basins	1
hebrew	1
evena	1
million	1
ass	1
farnham	1
seeped	1
arranging	1
considers	1
algeacuterie	1
borne	1
vigour	1
elegantly	1
bows	1
affected	1
dose	1
itit	1
unshuttered	1
bakery	1
frockwhatever	1
exact	1
buttermaker	1
softened	1
tossed	1
dispensed	1
epilogue	1
indifferent	1
scolded	1
rule	1
knot	1
bedposts	1
governorship	1
herseemed	1
educating	1
flocks	1
east	1
vogue	1
benefit	1
stream	1
administered	1
european	1
relit	1
citron	1
funerals	1
fasted	1
coatpocket	1
castellated	1
summoning	1
spending	1
trustfully	1
butterwoman	1
apparition	1
acts	1
governmental	1
thrice	1
slum	1
shovel	1
dwellingquarters	1
sleeps	1
serve	1
ablaze	1
speacutecial	1
nonsense	1
disbursements	1
goldwork	1
cart	1
attractive	1
thunder	1
ny	1
handsomely	1
wildly	1
flimsy	1
sur	1
swooped	1
reine	1
confusion	1
indefatigably	1
impulses	1
weeping	1
brilliance	1
mournfully	1
strips	1
roasted	1
encircling	1
godspeed	1
unbutton	1
thananywhere	1
cabine	1
farseeing	1
gliding	1
veils	1
sob	1
haygrass	1
replying	1
mourning	1
jumped	1
wigwams	1
impersonal	1
digestive	1
escort	1
numb	1
outlive	1
te	1
circle	1
announce	1
consideration	1
coureurs	1
missionarys	1
shouted	1
regularly	1
population	1
meantoine	1
settling	1
exciting	1
workwanted	1
wilful	1
rustflakes	1
meekness	1
waterhe	1
accessible	1
partisans	1
decencies	1
latio	1
virgins	1
chez	1
piles	1
sorest	1
pinnacle	1
geese	1
prospecthe	1
flattering	1
purplegrey	1
reorganize	1
ginger	1
themselvesand	1
longedfor	1
threat	1
upsomething	1
pleasanter	1
doorsand	1
realm	1
defend	1
fifth	1
wagons	1
wallhangings	1
hasty	1
conference	1
huntingthey	1
scraped	1
pretences	1
charlatan	1
tirelessly	1
eaves	1
fidelity	1
longexpected	1
cliffs	1
radiant	1
chilling	1
browto	1
hurriedly	1
alcove	1
strongholdscattered	1
wagonmaker	1
perfume	1
visiting	1
appartement	1
coins	1
designs	1
contracted	1
enrich	1
melts	1
breacutebeufs	1
survived	1
starvation	1
beforehand	1
safety	1
wedding	1
unpack	1
raleigh	1
sobs	1
boiling	1
cured	1
firm	1
excursion	1
shame	1
henri	1
bolsterslip	1
crafty	1
guttural	1
twittering	1
ceiling	1
ruffled	1
hermitage	1
unbecomingly	1
waxed	1
fails	1
cage	1
aumocircnier	1
frozenbut	1
halfdead	1
transformation	1
pineclad	1
vermin	1
unparalleled	1
soothingly	1
belongs	1
note	1
peered	1
calomel	1
nowadays	1
fruittree	1
granulated	1
frenchified	1
frescoes	1
practicala	1
safest	1
incomprehensible	1
tortures	1
sheath	1
society	1
pouch	1
forefinger	1
cough	1
yellowgreen	1
moral	1
impurities	1
individuality	1
spun	1
surmounted	1
ou	1
evade	1
hardest	1
nasty	1
liquide	1
february	1
austria	1
dispatch	1
gift	1
disappointed	1
catholic	1
oval	1
enlarge	1
concert	1
plunged	1
amour	1
ordinary	1
uttermost	1
dusty	1
cool	1
wooded	1
grottoes	1
event	1
shutters	1
avoue	1
decorations	1
continuous	1
trampled	1
masteror	1
sleepingchamber	1
decomposition	1
shells	1
intimement	1
crusts	1
community	1
knotty	1
fourteen	1
camomile	1
stared	1
dragging	1
comethe	1
dirt	1
goldsmiths	1
conducive	1
sip	1
poisoned	1
stroll	1
provence	1
endwise	1
accent	1
snatch	1
survey	1
strengthening	1
vii	1
inability	1
equally	1
gruel	1
roar	1
blanches	1
joyful	1
pillows	1
experiences	1
quelle	1
support	1
catholics	1
dispositionthere	1
starve	1
commanding	1
impress	1
interfered	1
mosquitoes	1
pontigny	1
archatheist	1
champlain	1
disregarded	1
aid	1
champignys	1
sequestered	1
rapping	1
bitterness	1
aprons	1
northward	1
snoring	1
volumes	1
plainer	1
unswerving	1
mill	1
enfant	1
publicly	1
banks	1
wan	1
nectarines	1
brebeufs	1
unkept	1
fridays	1
seasons	1
mistresses	1
punished	1
corals	1
younger	1
measure	1
accompany	1
relating	1
stomachache	1
housekeeper	1
smashing	1
objects	1
everybody	1
loaded	1
evil	1
mantelpiece	1
reverie	1
pontneuf	1
demoralized	1
flowering	1
frenchborn	1
outgrown	1
actions	1
washerwomans	1
smoky	1
dye	1
peculiarities	1
winning	1
clearer	1
stare	1
manand	1
chemisesthey	1
specially	1
prayerbooks	1
confided	1
german	1
clumps	1
drug	1
imperious	1
completely	1
unguarded	1
prolonged	1
plausible	1
contrarybut	1
pleasantly	1
destroying	1
approach	1
gum	1
louiss	1
destination	1
canadanothing	1
africa	1
nursing	1
piping	1
bachelors	1
relapsed	1
coeligur	1
sickness	1
bales	1
gatekeepers	1
decisively	1
grubsack	1
festival	1
overflow	1
harelip	1
nostalgia	1
sage	1
nowsometimes	1
garccedilon	1
viii	1
saffron	1
reflectionthey	1
flattered	1
crois	1
naiumlve	1
crag	1
plumage	1
curves	1
catching	1
cobblepaved	1
drowning	1
unemployed	1
sullenness	1
glory	1
burden	1
axhe	1
sheet	1
strict	1
coast	1
monotonous	1
selfimportant	1
candelabra	1
novelty	1
waythat	1
reconciled	1
contented	1
brier	1
sacredly	1
jealous	1
mocking	1
flanders	1
covers	1
troop	1
ideasor	1
cotton	1
tenderness	1
propped	1
explosion	1
christendom	1
dependable	1
truthful	1
secular	1
student	1
christi	1
humiliating	1
disagreed	1
treating	1
befall	1
meddle	1
housewhich	1
italianindeed	1
filth	1
lugubrious	1
disciples	1
sumptuous	1
varicose	1
vowed	1
cucumbers	1
starfish	1
earthly	1
finer	1
oldest	1
complaint	1
kitchens	1
welcoming	1
revolving	1
cotonnier	1
sledrope	1
rotten	1
skull	1
paused	1
intent	1
withdrew	1
grange	1
soups	1
powders	1
malouin	1
suppurated	1
residents	1
receding	1
lightning	1
rings	1
lashed	1
strongsmelling	1
quarrels	1
saintpeacutetronille	1
pure	1
domenica	1
serving	1
scored	1
guardhouse	1
dispatches	1
demeanour	1
unfastened	1
retraced	1
expiation	1
dedicating	1
deadly	1
ruins	1
fagon	1
gout	1
gripped	1
appletree	1
transact	1
untidy	1
dispense	1
flanks	1
paying	1
report	1
proposed	1
capture	1
throughout	1
persuade	1
misplaced	1
woodcarrier	1
properties	1
finest	1
renamed	1
wellworn	1
overlooked	1
forgive	1
drift	1
waxy	1
beauteacute	1
warning	1
distractions	1
card	1
doctors	1
redgold	1
inland	1
attack	1
intelligence	1
clamour	1
citybred	1
unendurable	1
sentinel	1
fixing	1
glowing	1
squinted	1
revenge	1
quality	1
calmness	1
meacutetier	1
donc	1
connaissez	1
privately	1
roughly	1
changedhoarse	1
creating	1
coughsirops	1
flint	1
suffocation	1
lined	1
nun	1
effected	1
devoured	1
proceeding	1
caps	1
differentalmost	1
disposed	1
hiding	1
wisp	1
betray	1
bespoke	1
currant	1
altars	1
twitter	1
underwent	1
standstill	1
dishtowels	1
favoured	1
peep	1
presents	1
annihilation	1
blotted	1
vein	1
race	1
quit	1
comfortless	1
advancement	1
accommodate	1
armies	1
salutary	1
outstretched	1
heroes	1
thebais	1
courtesies	1
pinchand	1
pains	1
conquered	1
sprawling	1
protegravegent	1
subsisted	1
beans	1
tablecloth	1
loaves	1
drawer	1
slips	1
works	1
undressing	1
costs	1
sins	1
unrelated	1
prized	1
concerned	1
gaiety	1
comfortably	1
warmhearted	1
saintly	1
napkin	1
ix	1
wayto	1
existence	1
matched	1
proprietor	1
vacant	1
bothered	1
planning	1
wrinkled	1
tar	1
burdens	1
fortifying	1
sanded	1
mulberrytrees	1
fowl	1
bottles	1
peter	1
cottage	1
failures	1
intensely	1
peel	1
bereavement	1
crest	1
attired	1
feverish	1
aux	1
mode	1
blithely	1
satisfactionceacuteciles	1
boomed	1
settlements	1
shape	1
croix	1
views	1
walter	1
opposed	1
unwrapped	1
flames	1
gurgled	1
providing	1
cast	1
mould	1
seconds	1
herbteas	1
unstable	1
lyonwhat	1
interesting	1
intention	1
tactfully	1
spiced	1
crews	1
reacuteveillonmusic	1
impracticality	1
elaborately	1
construct	1
prince	1
officer	1
saplings	1
offers	1
overwrought	1
oriental	1
benefits	1
turpentine	1
discovered	1
abashed	1
elsewhere	1
wellsheltered	1
sont	1
detail	1
warmly	1
regardezmoi	1
churchbells	1
thatched	1
beetroot	1
fourpost	1
distinctly	1
dearest	1
overbut	1
perfect	1
hammer	1
scapegrace	1
somehow	1
shoemakers	1
tablier	1
panes	1
amazement	1
chips	1
laboured	1
warehouse	1
departures	1
ownsince	1
greener	1
himthe	1
jutting	1
reliable	1
nom	1
rewarded	1
station	1
infirmities	1
blooming	1
cracked	1
overcautious	1
bored	1
tallest	1
flowing	1
glories	1
jolie	1
suns	1
agomemories	1
ghosts	1
schools	1
anges	1
exaggerated	1
philomegravene	1
prefers	1
openedthough	1
blinding	1
regarding	1
rope	1
domestic	1
halfwitted	1
garrison	1
buttoned	1
ave	1
suited	1
undoing	1
packets	1
beautifully	1
woodgrown	1
begins	1
burns	1
politics	1
follyif	1
transfer	1
coaxed	1
impudence	1
noel	1
tread	1
fontaine	1
taxes	1
busier	1
outrageous	1
furnish	1
terminate	1
neverresting	1
capital	1
potatoes	1
catechism	1
philosophers	1
commonplace	1
destiny	1
weaned	1
adopt	1
recline	1
bulk	1
contentedly	1
bud	1
loyauteacute	1
yearfive	1
superficial	1
doze	1
navires	1
lump	1
passengers	1
corrected	1
masonry	1
travellers	1
ita	1
domine	1
trustful	1
stillness	1
miraclesbut	1
limpid	1
cet	1
septentrional	1
shadowy	1
harpshaped	1
decent	1
sprig	1
infrequent	1
poultices	1
earlier	1
regularity	1
bewildered	1
relatives	1
sombre	1
housetops	1
existed	1
forts	1
whileand	1
endeavoured	1
punctual	1
portecochegravere	1
seventy	1
inferiorsseemed	1
beautyhis	1
clerk	1
searchingly	1
observation	1
vain	1
signified	1
lighter	1
orphans	1
kebeca	1
conclusion	1
thoroughfare	1
lieu	1
cream	1
goose	1
converse	1
curiosity	1
groaned	1
hermits	1
appear	1
soit	1
crushing	1
discover	1
storehouses	1
rejoice	1
remembering	1
monasteryseven	1
apothicaire	1
uncertainty	1
missing	1
infinite	1
