the	3591
of	2033
and	1923
to	1722
a	1287
in	935
his	849
i	764
he	674
that	614
as	555
you	542
was	518
with	508
for	496
which	477
it	459
my	399
be	383
by	363
at	363
said	350
this	338
but	334
on	329
or	323
had	317
him	315
her	309
is	308
have	307
not	303
from	285
me	255
your	235
if	230
were	213
will	205
who	195
they	189
their	189
no	188
so	177
are	175
ye	173
an	171
been	167
hobbie	160
all	159
o	145
we	141
what	139
them	138
one	131
she	129
when	128
can	125
would	122
upon	121
such	118
now	117
earnscliff	115
some	115
do	112
our	110
has	109
am	107
sir	106
vere	104
man	99
than	99
mr	98
there	97
out	96
like	95
any	94
more	93
ratcliffe	91
may	91
wi	90
ellieslaw	89
its	89
up	89
own	87
project	87
should	87
dwarf	85
then	84
about	83
very	83
other	82
us	81
young	81
shall	80
must	79
miss	77
without	74
time	74
father	73
think	72
could	71
well	71
say	70
himself	70
those	70
most	69
only	68
hae	68
hand	67
take	67
whom	65
being	65
into	63
before	63
let	63
where	62
frederick	61
isabella	61
these	59
elliot	58
mareschal	58
old	56
after	56
gutenbergtm	56
even	56
see	55
come	55
country	55
work	53
much	53
under	53
answered	52
seemed	52
elshie	52
did	51
ill	49
having	49
yet	49
though	48
friend	48
great	47
thou	47
wad	47
sae	47
against	47
house	46
grace	45
first	45
westburnflat	45
auld	45
back	45
friends	45
made	44
through	44
never	44
little	43
while	43
down	43
off	43
party	43
make	43
good	43
left	43
ever	42
day	42
continued	42
know	41
part	41
how	40
many	40
replied	40
heard	39
here	39
castle	39
exclaimed	38
right	38
far	38
thee	37
door	37
poor	37
horse	37
again	37
tell	37
heart	37
life	36
nae	36
weel	36
lady	36
rather	36
works	36
leave	36
over	36
name	36
two	36
cannot	35
head	35
nor	35
just	35
days	35
might	34
men	34
each	34
last	34
same	34
way	34
person	34
morning	34
theres	34
purpose	33
means	33
place	33
ane	33
thy	33
long	32
called	32
seen	32
whose	32
every	32
better	31
keep	31
another	31
mind	31
full	31
power	30
best	30
still	30
ower	30
gutenberg	30
thought	30
daughter	30
form	30
side	30
black	29
hear	29
solitary	29
soon	28
night	28
fear	28
speak	28
family	27
electronic	27
nature	27
among	27
human	27
since	27
hes	26
thus	26
give	26
terms	26
look	26
gentlemen	26
ken	26
between	26
ay	26
return	25
mine	25
stood	25
away	25
tower	25
langley	25
common	25
moment	25
few	25
too	25
done	25
go	25
set	24
something	24
three	24
present	24
brought	24
nothing	24
came	24
sure	24
small	24
foundation	24
feelings	24
thats	24
till	24
world	24
state	24
voice	24
word	24
fathers	24
use	23
within	23
least	23
towards	23
ony	23
themselves	23
mother	23
either	23
received	23
muckle	23
eyes	23
lang	23
frae	23
found	22
evil	22
fair	22
thing	22
help	22
recluse	22
child	22
myself	22
returned	22
why	22
placed	22
however	22
meet	22
appearance	22
e	22
already	22
body	21
mair	21
short	21
hands	21
answer	21
indeed	21
once	21
gave	21
find	21
rest	21
opinion	21
company	21
lost	21
neither	21
david	21
cause	21
dear	21
ere	21
evening	21
forth	21
carried	20
looked	20
moor	20
years	20
large	20
open	20
length	20
wish	20
round	19
spot	19
information	19
een	19
light	19
farther	19
ain	19
true	19
others	19
less	19
garden	19
around	19
until	19
put	19
often	19
hut	19
words	19
license	19
agreement	19
free	18
arms	18
companion	18
sort	18
both	18
ise	18
chapter	18
figure	18
also	18
blood	18
bit	18
stone	18
took	18
although	18
assistance	17
home	17
wild	17
passed	17
fortune	17
general	17
sake	17
cousin	17
neighbours	17
strong	17
during	17
gentleman	17
states	17
character	17
heughfoot	17
looking	17
care	17
does	17
almost	17
rode	17
hobbies	16
hope	16
object	16
mysell	16
yourself	16
hast	16
stand	16
lucy	16
cottage	16
trust	16
send	16
want	16
hard	16
gear	16
times	16
ground	16
dinna	16
twa	16
end	16
account	16
dwelling	16
natural	16
manner	16
landlord	16
somewhat	16
strange	16
unless	15
god	15
canny	15
scotland	15
consent	15
aid	15
act	15
mucklestanemoor	15
went	15
course	15
face	15
donations	15
near	15
laird	15
taken	15
alone	15
folk	15
strength	14
held	14
horses	14
receive	14
live	14
pretty	14
gie	14
race	14
perhaps	14
tone	14
law	14
air	14
follow	14
honour	14
followed	14
always	14
sister	14
thinking	14
sisters	14
thae	14
chapel	14
entered	14
ask	14
gate	14
approached	14
border	14
enough	14
observed	14
ready	14
deep	14
get	14
persons	14
letter	14
given	14
ilderton	14
companions	14
read	14
conduct	13
kind	13
believe	13
besides	13
break	13
maun	13
task	13
distance	13
canna	13
visit	13
art	13
forward	13
concerning	13
along	13
puir	13
mony	13
bonny	13
save	13
certain	13
violence	13
literary	13
fellow	13
labour	13
archive	13
faith	13
respect	13
sheep	13
access	13
call	13
feet	13
copyright	13
impossible	13
added	13
hame	13
lay	13
opened	13
tales	12
armstrong	12
circumstances	12
paid	12
path	12
stones	12
public	12
apartment	12
seek	12
gang	12
mean	12
justice	12
copy	12
matter	12
half	12
im	12
things	12
mankind	12
land	12
hour	12
third	12
appeared	12
retorted	12
doubt	12
says	12
unfortunate	12
woman	12
became	12
english	12
step	12
saw	12
hill	12
bride	12
itself	12
close	12
conversation	12
singular	12
several	12
deer	12
bairn	12
love	12
deil	12
used	12
misanthropy	12
considerable	12
humanity	12
laws	12
hastily	12
presence	12
taking	12
author	12
known	12
therefore	12
hout	12
sight	12
instantly	11
otherwise	11
following	11
expression	11
laugh	11
misery	11
pressed	11
heaven	11
supposed	11
retreat	11
grey	11
usually	11
whole	11
bad	11
simon	11
suddenly	11
turned	11
road	11
draw	11
notice	11
scene	11
cut	11
seems	11
fire	11
case	11
sense	11
broken	11
pursued	11
twice	11
remember	11
honest	11
subject	11
need	11
ebook	11
paragraph	11
wealth	11
edward	11
beyond	11
marriage	11
property	11
hours	11
war	11
f	11
degree	11
baith	11
charge	11
frequently	11
sent	11
troth	11
next	11
advanced	11
dead	11
government	11
direction	11
likely	11
desperate	10
sit	10
rose	10
seem	10
tale	10
holding	10
turn	10
doing	10
trademark	10
formed	10
dark	10
number	10
private	10
suspicion	10
living	10
cattle	10
benefits	10
deformity	10
window	10
sun	10
size	10
saying	10
second	10
guests	10
brothers	10
united	10
yoursell	10
gude	10
nearly	10
pity	10
yell	10
herself	10
business	10
society	10
considered	10
endeavoured	10
refund	10
expressed	10
beside	10
features	10
advice	10
engaged	10
interest	10
table	10
servant	10
compelled	10
thanks	10
sword	10
grandmother	10
died	10
former	10
parts	10
union	10
shame	10
marked	10
waste	10
cast	10
sometimes	10
resolved	10
insult	10
yes	10
above	10
associated	10
gloomy	9
prevent	9
four	9
friendship	9
forgotten	9
dr	9
learned	9
kinsman	9
protect	9
grave	9
affairs	9
heath	9
himsell	9
late	9
aye	9
lord	9
shed	9
phrase	9
danger	9
contrary	9
began	9
deceased	9
idea	9
agree	9
hence	9
support	9
journey	9
hasty	9
die	9
accept	9
abroad	9
hold	9
walls	9
news	9
got	9
money	9
red	9
personal	9
behind	9
hell	9
creature	9
countenance	9
express	9
seeing	9
maybe	9
amang	9
gentle	9
argument	9
kens	9
asked	9
expected	9
fee	9
death	9
sate	9
earth	9
appear	9
son	9
mans	9
five	9
bring	9
narrow	9
story	9
enter	9
bridle	9
rising	9
ae	9
show	9
miserable	9
deeply	9
necessary	9
hundred	9
crossed	9
remained	9
silence	9
bless	9
settled	9
powers	9
grannie	9
dog	9
reason	9
owner	9
entirely	9
afforded	9
judge	9
women	9
ride	9
presented	9
wont	9
mode	9
efforts	9
chance	9
peace	9
hath	9
space	9
beneath	9
awa	9
swords	9
safe	9
lower	9
kept	9
wife	9
hideous	9
various	8
addressing	8
heads	8
misshapen	8
farmer	8
ot	8
clear	8
tears	8
gratitude	8
hills	8
bound	8
ladies	8
fate	8
pleasure	8
age	8
piece	8
edinburgh	8
mauley	8
sair	8
order	8
ritchie	8
distant	8
told	8
foot	8
political	8
proceed	8
skill	8
brow	8
willie	8
raise	8
aweel	8
broad	8
whether	8
worthy	8
single	8
iron	8
mortal	8
sudden	8
easily	8
obliged	8
unable	8
sitting	8
permit	8
devil	8
force	8
naebody	8
happy	8
measures	8
syne	8
possible	8
lot	8
vulgar	8
permission	8
low	8
become	8
readily	8
provide	8
soul	8
proceeded	8
opportunity	8
memory	8
veres	8
habitation	8
collect	8
inhabitants	8
yours	8
moved	8
truth	8
king	8
domain	8
remain	8
influence	8
wadna	8
sympathy	8
patron	8
attention	8
question	8
feeling	8
siller	8
usual	8
winna	8
hair	8
quite	8
none	8
lack	8
fall	8
sufficient	8
rendered	8
aware	8
touch	8
kend	8
occasion	8
lad	8
narrative	8
directions	8
reply	8
trouble	8
makes	8
communication	8
carrying	8
including	8
neer	8
hermit	8
unhappy	8
generally	8
mounted	8
track	7
because	7
affected	7
maiden	7
command	7
assist	7
copies	7
cumberland	7
tomorrow	7
mareschalwells	7
threw	7
quiet	7
rushed	7
really	7
please	7
caught	7
individual	7
retired	7
play	7
share	7
minutes	7
wore	7
raised	7
ought	7
nevertheless	7
ebooks	7
speaking	7
nearest	7
new	7
advancing	7
people	7
james	7
animal	7
courage	7
obtaining	7
disposition	7
lads	7
real	7
wanted	7
spirits	7
mention	7
apparition	7
different	7
turf	7
injury	7
extremity	7
consider	7
distributing	7
betwixt	7
elshender	7
removed	7
hardly	7
happiness	7
promised	7
served	7
bear	7
temper	7
cried	7
jacobite	7
suspicions	7
coming	7
else	7
joined	7
escape	7
attached	7
thank	7
refused	7
rate	7
according	7
future	7
beings	7
together	7
consciousness	7
eye	7
making	7
prisoner	7
begone	7
altar	7
native	7
uncouth	7
fell	7
stopped	7
neighbour	7
winter	7
below	7
mischief	7
committed	7
promise	7
employed	7
wise	7
offence	7
intended	7
bosom	7
meanwhile	7
deformed	7
section	7
led	7
condition	7
effort	7
ca	7
chief	7
addressed	7
disgust	7
actions	7
gandercleugh	7
apparently	7
comes	7
ruffians	7
repeatedly	7
instead	7
immediate	7
happened	7
foreign	7
immediately	7
ten	7
early	7
surprise	7
possessed	7
nancy	7
simple	7
na	7
attendants	7
pass	7
disposed	7
powerful	7
thereof	7
wonder	7
rank	7
occasional	7
instant	7
succeeded	7
observe	7
entertained	7
numerous	7
vain	7
robber	7
extended	7
pardon	7
probably	7
shelter	7
rough	7
period	7
imagination	7
offering	7
england	7
uncommon	6
wretch	6
secure	6
truly	6
service	6
high	6
preserve	6
limited	6
motives	6
possess	6
point	6
freedom	6
agitation	6
youth	6
leaving	6
dreadful	6
carry	6
wrang	6
proposed	6
possession	6
scarce	6
motive	6
calculated	6
hopes	6
luck	6
female	6
chair	6
assumed	6
met	6
change	6
willing	6
strict	6
roof	6
shut	6
watched	6
armed	6
intimate	6
glance	6
fled	6
whispered	6
authority	6
exercise	6
regarded	6
written	6
exhibited	6
prepared	6
ancient	6
worth	6
named	6
plain	6
situation	6
moss	6
wisdom	6
conference	6
dwarfs	6
cost	6
elliots	6
spoke	6
favour	6
virtue	6
fixed	6
entrance	6
security	6
sound	6
utmost	6
example	6
pace	6
favourite	6
siccan	6
huge	6
spurs	6
start	6
joy	6
mansion	6
curiosity	6
introduction	6
daylight	6
bloody	6
mutual	6
weapon	6
offered	6
interrupted	6
additional	6
lambs	6
regard	6
spirit	6
dame	6
intrusion	6
felt	6
domestics	6
superstitious	6
brown	6
sequestered	6
particular	6
manor	6
apprehension	6
filled	6
produced	6
wizard	6
particulars	6
distribute	6
latter	6
glad	6
tall	6
remarkable	6
style	6
displayed	6
hasna	6
younger	6
matters	6
important	6
observation	6
pointed	6
brother	6
john	6
bred	6
defence	6
supplied	6
horror	6
servants	6
occupied	6
lift	6
speed	6
room	6
tax	6
independence	6
composed	6
windows	6
distribution	6
perish	6
date	6
ruined	6
preternatural	6
extraordinary	6
blow	6
deepest	6
gallant	6
fit	6
mingled	6
volunteers	6
difficulty	6
requested	6
notwithstanding	6
pair	6
chiefly	6
wars	6
principal	6
revenge	6
habits	6
ordinary	6
providing	6
glen	6
braw	6
food	6
naething	6
violent	6
comply	6
loud	6
laid	6
goats	6
safety	6
stock	6
wait	6
particularly	6
chase	6
swear	6
anything	6
wasna	6
passion	6
knowe	6
understand	6
web	6
resolution	6
water	6
obtain	6
drew	6
whisper	6
breath	6
shes	6
heavens	6
harry	6
gold	6
fully	6
knew	6
arose	5
sincere	5
flung	5
required	5
yere	5
pledge	5
gathering	5
pattieson	5
agreed	5
stands	5
indifference	5
attend	5
sic	5
reached	5
anxious	5
tonight	5
willingly	5
lies	5
expense	5
dress	5
accompanied	5
disappeared	5
affectionate	5
winding	5
gratified	5
anyone	5
humble	5
lawful	5
approaching	5
writing	5
bringing	5
six	5
rendezvous	5
whatever	5
forget	5
haill	5
able	5
fight	5
dying	5
compliance	5
mountains	5
theyre	5
burnt	5
except	5
wha	5
feel	5
alarmed	5
sides	5
emotion	5
driven	5
altogether	5
speech	5
existence	5
informed	5
threatened	5
places	5
doors	5
cover	5
relief	5
angry	5
nearer	5
mirth	5
liquor	5
address	5
posted	5
fine	5
suppose	5
gods	5
fiend	5
similar	5
farewell	5
utterly	5
firm	5
search	5
supernatural	5
ear	5
advance	5
waur	5
sirs	5
alike	5
replacement	5
throat	5
secured	5
write	5
comfort	5
eagerly	5
sullen	5
enterprise	5
year	5
receiving	5
bauldie	5
families	5
pillar	5
proposal	5
settle	5
increasing	5
thoughts	5
directed	5
bide	5
wolf	5
press	5
impatiently	5
confirmed	5
marauder	5
walked	5
venison	5
variety	5
building	5
mute	5
guide	5
wretched	5
ears	5
blithe	5
heir	5
quarrel	5
earthly	5
excellent	5
hearing	5
performing	5
freebooter	5
beg	5
game	5
belief	5
parish	5
girl	5
bitter	5
hateful	5
harm	5
bid	5
especially	5
dearest	5
geese	5
fears	5
incensed	5
superior	5
stir	5
questions	5
listen	5
shepherd	5
shrill	5
green	5
mysterious	5
shot	5
protection	5
extreme	5
returning	5
midnight	5
stout	5
surely	5
sustained	5
betters	5
onything	5
wark	5
davie	5
destined	5
indicated	5
repeated	5
principles	5
effect	5
seat	5
advantage	5
elshies	5
meeting	5
ii	5
serve	5
pieces	5
medium	5
determined	5
hersell	5
restored	5
clean	5
steep	5
seated	5
rude	5
storm	5
active	5
restraint	5
jedediah	5
themsells	5
thousand	5
complain	5
haud	5
suffered	5
neighbourhood	5
supper	5
neck	5
moderate	5
intercourse	5
bridegroom	5
going	5
ballad	5
daughters	5
rise	5
displaying	5
enclosure	5
affection	5
pause	5
events	5
vengeance	5
killbuck	5
ruin	5
bell	5
collection	5
anes	5
understood	5
afraid	5
confidence	5
haunted	5
treated	5
provided	5
aside	5
castleton	5
despair	5
season	5
constructed	5
mad	5
cruel	5
moments	5
marry	5
abode	5
gazed	5
thine	5
slowly	5
fairly	5
grate	5
hush	5
discovered	5
moreover	5
romance	5
gone	5
undertaking	5
broke	5
excess	5
wide	5
pay	5
frenzy	5
cleishbotham	5
shouts	5
remote	5
religion	5
concern	5
tomb	5
utter	5
considerably	5
shape	5
romantic	5
spoken	5
ways	5
extent	5
deal	5
bank	5
front	5
enjoy	5
remaining	5
freely	5
management	5
dangerous	5
accordingly	5
unco	5
c	5
knight	5
necessarily	5
disguise	5
match	5
prepare	5
rash	4
insisted	4
assurance	4
shade	4
malignant	4
philosophy	4
lass	4
villains	4
straight	4
legend	4
content	4
cam	4
pit	4
objects	4
preceding	4
wearied	4
wind	4
rent	4
disdain	4
prove	4
protest	4
patrick	4
hermitage	4
stories	4
monument	4
agony	4
longer	4
site	4
friendly	4
explanation	4
darkness	4
incident	4
views	4
sentence	4
bond	4
eagerness	4
animals	4
peter	4
irregular	4
melancholy	4
description	4
soft	4
inmate	4
taller	4
extremely	4
accompany	4
impress	4
saddle	4
shaggy	4
lassie	4
reduced	4
alarm	4
guest	4
raising	4
excuse	4
confusion	4
brain	4
occasioned	4
mercy	4
dye	4
vaulted	4
included	4
equally	4
goods	4
prevail	4
reivers	4
betrothed	4
harmless	4
requirements	4
knowledge	4
twilight	4
source	4
predominant	4
isabellas	4
fees	4
teeth	4
motions	4
preserved	4
haste	4
line	4
drank	4
sentiments	4
parents	4
dogs	4
actually	4
communicated	4
loose	4
murder	4
scattered	4
accounted	4
ratcliffes	4
direct	4
interview	4
distributed	4
repeat	4
heavy	4
christian	4
plunged	4
format	4
creating	4
failed	4
lively	4
fashion	4
request	4
bag	4
weak	4
located	4
instances	4
lamp	4
proportion	4
thrown	4
arranged	4
insurrection	4
members	4
learn	4
awe	4
thyself	4
hag	4
closed	4
dared	4
amends	4
white	4
listening	4
killed	4
stranger	4
custom	4
entitled	4
delivered	4
affair	4
covered	4
praise	4
bottom	4
accessible	4
peaceable	4
weeks	4
email	4
isabel	4
turning	4
doubted	4
ghaist	4
wee	4
repose	4
wall	4
supported	4
granted	4
token	4
desert	4
villain	4
drawing	4
occur	4
youi	4
bolts	4
antagonist	4
surrounded	4
difference	4
enemy	4
lived	4
embarrassment	4
contact	4
lighted	4
cold	4
gae	4
discover	4
dick	4
wallace	4
horn	4
consequence	4
commanded	4
final	4
kingdom	4
peculiar	4
beasts	4
apt	4
ignorant	4
west	4
lose	4
represented	4
yesterday	4
meantime	4
rapidly	4
ample	4
beauty	4
eneugh	4
try	4
indignation	4
thrust	4
secrecy	4
loss	4
remorse	4
separate	4
scott	4
causes	4
wildest	4
becomes	4
earnscliffs	4
copying	4
motion	4
whats	4
enquiries	4
title	4
strangers	4
fact	4
possesses	4
names	4
dell	4
guess	4
perceive	4
column	4
displeasure	4
mere	4
damages	4
horsemen	4
famous	4
exclaiming	4
assisting	4
borderer	4
termed	4
destroyed	4
whistle	4
motionless	4
wood	4
constraint	4
pursuit	4
materials	4
increased	4
infancy	4
adversity	4
recesses	4
attachment	4
holder	4
residence	4
afterwards	4
detail	4
funeral	4
domestic	4
league	4
taste	4
scruples	4
addresses	4
hall	4
sportsman	4
suitor	4
sought	4
generation	4
severe	4
aught	4
sleep	4
bought	4
supply	4
warst	4
philosopher	4
meaning	4
wine	4
herd	4
mission	4
devotion	4
consumed	4
passing	4
lands	4
signifies	4
villainy	4
accepted	4
deemed	4
original	4
complying	4
completed	4
ideas	4
dressed	4
constant	4
mark	4
supposing	4
throw	4
status	4
believed	4
dare	4
misfortune	4
distress	4
wrath	4
torn	4
fallow	4
chased	4
bed	4
apology	4
overcome	4
produce	4
catastrophe	4
humour	4
shadow	4
outcast	4
struggle	4
rich	4
reiterated	4
preparations	4
fatal	4
claim	4
inferior	4
online	4
guardian	4
applicable	4
lying	4
propose	4
connexion	4
obey	4
moon	4
conspiracy	4
letters	4
wedding	4
kinsmen	4
labours	4
grant	4
attempt	4
assembled	4
estates	4
recollection	4
keeps	4
charged	4
bread	4
language	4
greatly	4
recovered	4
fast	4
independent	4
drawn	4
higher	4
respects	4
editions	4
traditions	4
chanced	4
distinct	4
master	4
smile	4
greater	4
grief	4
spring	4
false	4
centre	4
contempt	4
weary	4
insanity	4
unwilling	4
printed	4
researches	4
height	4
slaughter	4
connected	4
bargain	4
giving	4
desired	4
bare	4
autumn	4
excepting	4
mile	4
ourselves	4
demanded	4
comfortable	4
suitable	4
hide	4
alternately	4
choose	4
permitted	4
wishes	4
suppliant	4
ah	4
compassion	4
legal	4
aloud	4
folly	4
lucky	4
tear	4
health	4
glass	4
thickness	4
adieu	4
links	4
walter	4
view	4
hearty	4
objection	4
orders	4
official	4
ambitious	4
win	4
text	4
yon	4
vex	4
gree	4
sole	4
twenty	4
deed	4
witch	4
glove	4
arrival	4
acquainted	4
intrude	4
brandy	4
wouldst	4
struck	4
regular	4
dropped	4
history	4
progress	4
using	4
leading	4
reiver	4
visited	4
passions	4
hackburn	4
kindness	4
rejoined	4
collecting	3
military	3
recover	3
confinement	3
painful	3
timid	3
sprung	3
consult	3
monk	3
protected	3
hinted	3
choice	3
sigh	3
quarrels	3
smiling	3
muscular	3
forms	3
nought	3
idle	3
ceremony	3
preceded	3
stepped	3
assure	3
slightest	3
bold	3
hate	3
acquired	3
privations	3
religious	3
ellieslaws	3
fortunes	3
eyebrows	3
warld	3
brings	3
urged	3
paying	3
spare	3
outlaw	3
glancing	3
require	3
faintly	3
dingle	3
bleak	3
collected	3
gathered	3
b	3
beautiful	3
gallop	3
atween	3
formerly	3
attendant	3
genuine	3
qualified	3
bitterness	3
flower	3
civil	3
scots	3
unusual	3
ignorance	3
liberties	3
admirer	3
introduced	3
distorted	3
allowances	3
starting	3
gratify	3
chosen	3
nights	3
suffer	3
monks	3
broomy	3
obtained	3
p	3
spak	3
gained	3
flock	3
join	3
enquiry	3
goodhumoured	3
performed	3
rural	3
avoided	3
frame	3
reader	3
recovery	3
carlisle	3
narratives	3
enclosed	3
river	3
leaf	3
riders	3
getting	3
promoting	3
breach	3
fingers	3
ingenious	3
lend	3
mistaken	3
district	3
pleasing	3
anither	3
excited	3
prospects	3
college	3
jock	3
folks	3
fairest	3
feud	3
asking	3
vessel	3
desirous	3
fie	3
sons	3
sooner	3
worst	3
relieve	3
conjuror	3
sayst	3
remains	3
reluctance	3
idiot	3
easy	3
victim	3
alarming	3
kin	3
breaking	3
temporary	3
occurred	3
male	3
ventured	3
judging	3
formidable	3
liability	3
terror	3
acted	3
safely	3
waiting	3
furnished	3
bog	3
welcomed	3
kye	3
homeward	3
zeal	3
husband	3
sincerity	3
maintained	3
youngest	3
sell	3
wwwgutenbergorg	3
diabolical	3
hurried	3
mild	3
devise	3
check	3
fragments	3
doubtful	3
boots	3
blaw	3
injured	3
dislike	3
annaples	3
afford	3
accommodations	3
sports	3
naig	3
sorry	3
urge	3
showed	3
bar	3
gradual	3
pride	3
superstition	3
recorded	3
book	3
startled	3
cheeks	3
partner	3
fail	3
arisen	3
volunteer	3
shouldst	3
capable	3
hinny	3
unjust	3
picture	3
riding	3
movements	3
lifted	3
garrison	3
suppress	3
woo	3
cankered	3
feudal	3
extricate	3
qualities	3
circumstance	3
inn	3
abune	3
sharp	3
authors	3
slight	3
awakened	3
relations	3
unlawful	3
bairns	3
residing	3
palfrey	3
pile	3
fredericks	3
halted	3
kiss	3
royalty	3
adviser	3
unexpectedly	3
obligation	3
moving	3
plunging	3
deadly	3
visible	3
vexed	3
waking	3
vindicate	3
amounted	3
overhung	3
treachery	3
fellowcreatures	3
guided	3
estate	3
hurry	3
thirty	3
serves	3
generosity	3
opinions	3
christy	3
occasions	3
smoke	3
shouldna	3
forgive	3
meal	3
withdrew	3
disarmed	3
ensuing	3
finally	3
mentioned	3
candle	3
lips	3
defective	3
lately	3
credit	3
reasonable	3
lover	3
tools	3
tired	3
tenor	3
proved	3
adventure	3
erected	3
noise	3
affliction	3
adam	3
expect	3
addition	3
dew	3
daft	3
manfully	3
issued	3
anywhere	3
trow	3
delight	3
deny	3
retain	3
silly	3
defect	3
guilt	3
edifice	3
stane	3
surprised	3
demand	3
strongly	3
pursue	3
bees	3
avarice	3
poverty	3
cure	3
dumb	3
acting	3
approach	3
moors	3
built	3
absence	3
damage	3
corner	3
derivative	3
rights	3
sacrifice	3
square	3
walking	3
lives	3
gun	3
warranties	3
brawl	3
wing	3
gently	3
injustice	3
distracted	3
wed	3
imprecations	3
extensive	3
laughing	3
maunna	3
remembered	3
cease	3
offer	3
clouds	3
suit	3
user	3
scent	3
minister	3
sorrow	3
obliging	3
kissed	3
lie	3
board	3
yeomanry	3
pains	3
nameless	3
tribes	3
cleared	3
ties	3
horrible	3
knife	3
wert	3
blue	3
hubert	3
amaist	3
sober	3
wooden	3
pool	3
st	3
subordinate	3
goat	3
gather	3
incapable	3
burn	3
goodnatured	3
astonished	3
stature	3
experienced	3
evidence	3
didna	3
intention	3
wrongs	3
fancy	3
commission	3
peaceful	3
designed	3
bent	3
contents	3
attempted	3
interposed	3
fa	3
benefactor	3
gentry	3
gane	3
charlie	3
setting	3
minute	3
attended	3
saved	3
guard	3
naturally	3
resentment	3
announced	3
belonging	3
immense	3
indignant	3
gaun	3
madness	3
donate	3
shoulders	3
vice	3
defend	3
aff	3
foresaw	3
doubtless	3
neighbouring	3
nurse	3
ferocity	3
facetious	3
burden	3
ours	3
learning	3
doun	3
coarse	3
kilt	3
coast	3
apartments	3
cruelty	3
sneer	3
weather	3
level	3
disclaimer	3
rustic	3
malice	3
goodly	3
kinswoman	3
madman	3
endeavouring	3
admittance	3
decent	3
alleged	3
strike	3
wound	3
liberally	3
disposal	3
hint	3
inch	3
resistance	3
moorland	3
fain	3
relative	3
crime	3
uttered	3
spit	3
married	3
dixon	3
lights	3
hunter	3
upright	3
necessity	3
jealous	3
disobey	3
bestow	3
delay	3
grund	3
bushes	3
breakfast	3
parent	3
beginning	3
sustaining	3
grasp	3
mens	3
ruffian	3
success	3
beast	3
confined	3
foundations	3
expenses	3
advantages	3
calls	3
deference	3
quietly	3
elder	3
proud	3
granite	3
abandoned	3
prudence	3
werena	3
sustain	3
reserved	3
totally	3
sorrows	3
outside	3
queer	3
brook	3
inconsistent	3
exact	3
amusement	3
tarras	3
nails	3
glanced	3
paragraphs	3
respectable	3
correspond	3
unrelenting	3
conveyed	3
solid	3
queen	3
dinner	3
months	3
walk	3
odious	3
pleased	3
keeping	3
mrs	3
limbs	3
destruction	3
converse	3
goes	3
iii	3
devils	3
dagger	3
pretended	3
refreshment	3
dispersed	3
females	3
dry	3
possibly	3
wheen	3
assuming	3
satisfied	3
judgment	3
effectually	3
escort	3
fergusson	3
counsel	3
intellectual	3
solemn	3
shegoats	3
wildly	3
rider	3
ascii	3
furious	3
fortunately	3
havena	3
parental	3
bustle	3
wyte	3
interference	3
providence	3
eager	3
frighted	3
leaves	3
cunning	3
offended	3
proof	3
bodily	3
considering	3
terrified	3
spread	3
audience	3
hearts	3
cat	3
main	3
therein	3
crooked	3
smuggler	3
presbytery	3
greatest	3
gliff	3
suppressed	3
seldom	3
allow	3
monster	3
born	3
protestations	3
absent	3
children	3
mountain	3
resumed	3
involve	3
bloodhound	3
borders	3
kindly	3
sufferer	3
standing	3
plunder	3
southward	3
started	3
persecution	3
assembly	3
sufficiently	3
consideration	3
fury	3
sacred	3
mental	3
procure	3
ashes	3
trade	3
delighted	3
speerings	3
internal	3
derived	3
settlements	3
alliance	3
exposed	3
construction	3
ran	3
acknowledge	3
equal	3
steady	3
depends	3
needs	3
south	3
propitiate	3
payments	3
slackened	3
thicket	3
followers	3
ont	3
stream	3
gestures	3
dreams	3
sport	3
rage	3
rents	3
file	3
sunk	3
articles	3
disturbed	3
carline	3
alive	3
interval	3
breast	3
bottle	3
band	3
warrant	3
wight	3
receipt	3
concealed	3
sharing	3
inform	3
fearful	3
imprisonment	3
dilemma	3
earl	3
intentions	3
farmers	3
opposite	3
examined	3
entity	3
conscious	3
goodwill	3
build	3
shaking	3
arrived	3
chains	3
assigned	3
forced	3
peat	3
lap	3
bogle	3
endure	3
paths	3
equipment	3
forming	3
destroy	3
precincts	3
creatures	3
athegither	3
meditation	3
cry	3
appearances	3
further	3
obeyed	3
certainly	3
effects	3
worship	3
across	3
horseback	3
catholic	3
gloom	3
perceived	3
terrors	3
apply	3
mass	3
belonged	3
changed	3
harsh	3
due	3
blast	3
volume	3
ilka	3
districts	3
hounds	3
brief	3
dull	3
talk	3
transaction	3
threaten	3
travellers	3
elapsed	3
possibility	3
limitation	3
shine	2
sinister	2
jeddart	2
spurred	2
tabernacle	2
leathern	2
handsome	2
job	2
mortality	2
s	2
lieu	2
latin	2
display	2
senses	2
bouk	2
cases	2
needed	2
coat	2
la	2
eagle	2
outline	2
alternative	2
middle	2
bulk	2
pulled	2
reckoning	2
deerstalking	2
reception	2
childmy	2
royalties	2
aperture	2
leagued	2
divide	2
adopt	2
befallen	2
robbers	2
intricate	2
whereof	2
courtesy	2
wilson	2
herds	2
innocence	2
masters	2
yoursells	2
mock	2
conceal	2
chield	2
queens	2
figures	2
statuary	2
anxiously	2
skaith	2
excepted	2
passenger	2
morn	2
practice	2
refuse	2
scoffingly	2
sum	2
bribe	2
plighted	2
remove	2
affluence	2
fishing	2
scenes	2
obscurity	2
note	2
fastness	2
sensations	2
douglas	2
shone	2
earlier	2
lump	2
maist	2
partake	2
sportsmen	2
forgie	2
hisht	2
halyards	2
appears	2
personage	2
liberation	2
ascetic	2
apologize	2
whiles	2
turret	2
wyliecoat	2
busy	2
heathy	2
falling	2
volcano	2
voluntarily	2
sanctity	2
highest	2
pays	2
cripple	2
yonder	2
root	2
hunted	2
betrayed	2
calling	2
respected	2
despise	2
hesitated	2
dont	2
conviction	2
popular	2
richard	2
degrading	2
soothsayer	2
confess	2
maniac	2
vivid	2
characteristic	2
punishment	2
compact	2
indulging	2
hermits	2
devices	2
vanilla	2
capital	2
unnecessary	2
ease	2
ceased	2
policy	2
latterly	2
osmond	2
resembling	2
ance	2
registered	2
auldwarld	2
wet	2
labouring	2
restoration	2
remedy	2
thomas	2
pocket	2
retract	2
apprehensions	2
complaints	2
leyden	2
venture	2
stare	2
bucks	2
engage	2
rules	2
goblin	2
attacking	2
term	2
halbert	2
purposes	2
tongues	2
attributes	2
nomine	2
bizarre	2
asleep	2
inflame	2
commands	2
earnest	2
secret	2
trees	2
studded	2
detaining	2
gown	2
metropolis	2
sine	2
objections	2
gardengate	2
subsequent	2
patch	2
peculiarities	2
greyhound	2
machinations	2
literal	2
conceit	2
jested	2
event	2
frightful	2
wiser	2
solicit	2
scheme	2
fash	2
needna	2
architect	2
repelled	2
gift	2
voluntary	2
vanity	2
securing	2
deservedly	2
resist	2
behoved	2
restrictions	2
obvious	2
queries	2
laughed	2
risk	2
adopted	2
subjected	2
gross	2
plenishing	2
scandalized	2
tempest	2
opens	2
frank	2
feels	2
ho	2
pounds	2
neighbourly	2
catholics	2
encouraged	2
begin	2
saunders	2
reality	2
dispositions	2
morbid	2
fulfil	2
malignity	2
limits	2
arise	2
sombre	2
drink	2
cup	2
whatsoever	2
hunting	2
spectacle	2
loon	2
unto	2
services	2
supposition	2
blame	2
exaggerated	2
argued	2
scornful	2
hitherto	2
hastened	2
obligations	2
muttered	2
wrung	2
whisht	2
hugh	2
prodigy	2
generations	2
anonymous	2
probity	2
partners	2
leechcraft	2
exempt	2
wilderness	2
destiny	2
dangers	2
justly	2
depart	2
demon	2
argue	2
beams	2
assume	2
justifiable	2
fur	2
attempting	2
supplementary	2
pastoral	2
fed	2
onehalf	2
unfit	2
struggling	2
heather	2
defended	2
calm	2
somebody	2
motioning	2
computers	2
gotten	2
tells	2
happiest	2
applause	2
etext	2
manage	2
pleugh	2
charges	2
teaching	2
rod	2
blacksmith	2
lodge	2
disarm	2
accursed	2
leaders	2
listened	2
signal	2
worricows	2
ditch	2
morasses	2
knowing	2
unlimited	2
ardently	2
knows	2
amount	2
incur	2
hat	2
perpetrated	2
daythe	2
groom	2
consulted	2
top	2
stonewalls	2
classes	2
contending	2
stick	2
knives	2
move	2
consisted	2
restore	2
abhorrence	2
treaty	2
greyhounds	2
persuasion	2
scabbard	2
prayer	2
shared	2
peasant	2
useless	2
unbounded	2
firmly	2
hares	2
value	2
discharged	2
reported	2
girls	2
conferred	2
deathbed	2
unwelcome	2
beware	2
files	2
hattock	2
elect	2
roughlooking	2
threats	2
legs	2
natures	2
scowling	2
jest	2
fill	2
apart	2
impulse	2
drop	2
propensities	2
extravagance	2
fault	2
run	2
infatuated	2
rapine	2
amid	2
william	2
resided	2
playing	2
paper	2
rein	2
admitted	2
reward	2
souls	2
amongst	2
owns	2
hobbler	2
fourandtwenty	2
mood	2
peelhouse	2
excluded	2
execution	2
confound	2
httpwwwgutenbergorg	2
cabbages	2
skin	2
broadsword	2
passengers	2
modern	2
notyou	2
horseman	2
wadset	2
grasping	2
knocked	2
critical	2
mothers	2
warning	2
available	2
stage	2
quarter	2
plan	2
stop	2
vindicating	2
convent	2
price	2
comrades	2
imperfect	2
refuge	2
horns	2
selected	2
revenging	2
wench	2
contract	2
embarrassed	2
withdrawn	2
snuff	2
oer	2
reflected	2
ewes	2
astonishment	2
impoverished	2
stroke	2
exercised	2
shrunk	2
plot	2
reuse	2
waited	2
successfully	2
enabled	2
keys	2
theyll	2
frighten	2
bowels	2
loophole	2
massive	2
disgrace	2
agent	2
derwentwater	2
spear	2
cracks	2
thatits	2
april	2
inward	2
refreshed	2
happier	2
breaks	2
steps	2
mechanics	2
changes	2
tolerably	2
absented	2
weep	2
dimensions	2
roses	2
expressing	2
electronically	2
clans	2
joyful	2
big	2
exchange	2
compliment	2
speedily	2
imposed	2
giggle	2
grew	2
control	2
caution	2
arises	2
accounts	2
premature	2
stupid	2
nihil	2
blude	2
successively	2
jedburgh	2
unabashed	2
french	2
tongue	2
past	2
illuminated	2
dd	2
travelling	2
harassed	2
phenomenon	2
sullenness	2
seized	2
louder	2
sending	2
post	2
putting	2
month	2
ascribed	2
kirk	2
presenting	2
plight	2
saddled	2
glasgow	2
marks	2
prevailed	2
sled	2
attendance	2
barren	2
gars	2
references	2
presently	2
scottish	2
indistinct	2
lurking	2
forcibly	2
wrong	2
humphrey	2
witness	2
hanging	2
advantageous	2
contemptible	2
inexpressible	2
current	2
working	2
marauders	2
subsided	2
noted	2
momentary	2
flesh	2
graces	2
apprehensive	2
inexorable	2
outby	2
prejudice	2
resemblance	2
pertness	2
toad	2
consultation	2
causing	2
spite	2
convulsive	2
marshy	2
executing	2
merely	2
substance	2
tancred	2
disna	2
leader	2
leads	2
permanent	2
frequent	2
shelves	2
entreaty	2
elevated	2
critics	2
detested	2
danced	2
dread	2
talking	2
concerned	2
jumped	2
situated	2
int	2
beam	2
suld	2
befell	2
administration	2
cheer	2
fourth	2
kith	2
dedicated	2
yea	2
clever	2
annual	2
soothed	2
accomplishments	2
plate	2
whortleberries	2
expecting	2
related	2
booty	2
reverted	2
lesson	2
wrecked	2
directly	2
indulgence	2
kings	2
wearing	2
sternly	2
gien	2
manners	2
authentic	2
separately	2
borrowed	2
clavers	2
hunters	2
attending	2
tones	2
fix	2
conceived	2
abomination	2
grounds	2
conscience	2
boiling	2
callants	2
keb	2
mould	2
yourselves	2
truce	2
earthquake	2
sat	2
slain	2
saft	2
loaded	2
duties	2
spoils	2
affecting	2
indications	2
takes	2
salvation	2
darkening	2
keeldar	2
liked	2
recluses	2
secluded	2
occasionally	2
lea	2
ringleburn	2
pledged	2
temptation	2
statue	2
reins	2
fasterns	2
preparing	2
coldblooded	2
assiduity	2
convince	2
beauties	2
cleaning	2
strikes	2
murrain	2
charity	2
allowed	2
puts	2
distinguish	2
resounded	2
italics	2
delicacy	2
noti	2
retreated	2
irritated	2
realm	2
domesticated	2
savage	2
deceived	2
continent	2
application	2
unnatural	2
paroxysms	2
wifes	2
poison	2
durst	2
century	2
wether	2
pale	2
kirkwhistle	2
eyeing	2
symptom	2
lists	2
assisted	2
indicate	2
dropping	2
march	2
drive	2
based	2
arches	2
greet	2
laughter	2
snatched	2
alteration	2
spectators	2
enjoyments	2
deeper	2
countries	2
portress	2
annaple	2
resembled	2
gesture	2
leg	2
bars	2
tame	2
wideopen	2
blithely	2
pushed	2
gowd	2
extract	2
gaed	2
animated	2
regularly	2
irritable	2
studies	2
beneficial	2
carena	2
becoming	2
whenever	2
subdued	2
rolled	2
sensibility	2
courtier	2
result	2
ware	2
battlement	2
thirsty	2
ago	2
erect	2
arm	2
model	2
blawn	2
exclusion	2
prohibition	2
kingdoms	2
bluid	2
baronet	2
banner	2
accelerate	2
telld	2
scaffold	2
mentioning	2
desire	2
slave	2
consented	2
concept	2
stay	2
baffled	2
debts	2
fellowmen	2
vegetables	2
attach	2
gar	2
unreasonable	2
diminution	2
ascending	2
writer	2
aunt	2
defiance	2
reports	2
worms	2
attracted	2
masked	2
warlike	2
witnessed	2
edwards	2
perilous	2
faces	2
tender	2
obscure	2
deprived	2
prolonged	2
obedience	2
admit	2
romans	2
recollecting	2
goodhumour	2
accomplish	2
decrepit	2
skilful	2
constrained	2
proprietor	2
relieved	2
mischance	2
spreading	2
concluded	2
solitude	2
injurious	2
wussing	2
gravely	2
surmounted	2
positively	2
wherefore	2
pools	2
superiors	2
departure	2
familiar	2
embrace	2
fooled	2
sold	2
warlock	2
lothian	2
minded	2
federal	2
elsewhere	2
enquire	2
replace	2
books	2
acceptable	2
comprehend	2
divine	2
treasure	2
deaf	2
inclinations	2
graeme	2
contain	2
compared	2
protestant	2
solidity	2
errand	2
fairy	2
passage	2
copied	2
entering	2
remonstrances	2
consolation	2
disappearance	2
discontented	2
dyke	2
literally	2
thatched	2
traversed	2
fray	2
absolute	2
accommodation	2
concluding	2
weeping	2
sinking	2
visitor	2
honourable	2
boy	2
blackened	2
aspect	2
clamorous	2
education	2
special	2
outer	2
fantastic	2
fierce	2
exit	2
drove	2
dutiful	2
costs	2
loaning	2
strewed	2
giant	2
guilty	2
paces	2
favourable	2
issue	2
eventful	2
computer	2
gnome	2
forgiveness	2
serious	2
thoughtless	2
mak	2
framed	2
bower	2
summons	2
acquiesce	2
insurmountable	2
admitting	2
confer	2
milk	2
crown	2
httppglaforg	2
mistress	2
unintentionally	2
thingand	2
copsewood	2
plots	2
species	2
mana	2
intrigues	2
flanked	2
celebrated	2
gnashed	2
measure	2
disconsolate	2
mutchkin	2
powny	2
closely	2
dreaded	2
descended	2
wherever	2
professor	2
stenhouse	2
toast	2
satisfaction	2
travel	2
sad	2
consultations	2
burst	2
anticipated	2
fortunate	2
favoured	2
courtyard	2
bestowed	2
loving	2
venerable	2
respecting	2
tradition	2
fame	2
emotions	2
thieves	2
priest	2
uncertain	2
frailty	2
enthusiasm	2
cracking	2
scorn	2
seas	2
bogles	2
rang	2
difficulties	2
allies	2
naysays	2
owed	2
troop	2
thegither	2
affording	2
created	2
begging	2
shout	2
fas	2
devolve	2
confidant	2
necessaries	2
voices	2
kinsmans	2
congenial	2
innocent	2
tow	2
compensation	2
attentive	2
bend	2
legends	2
revels	2
doctrine	2
explosion	2
disappear	2
chimney	2
prevented	2
freedoms	2
greeted	2
redeemed	2
faithful	2
duty	2
hither	2
fountain	2
difficult	2
deliver	2
seared	2
rushes	2
scripture	2
langer	2
propriety	2
colour	2
bay	2
yeoman	2
alane	2
pain	2
reddish	2
thief	2
research	2
educated	2
hypocrisy	2
vale	2
breathe	2
unceasing	2
acquisitions	2
barrel	2
screechowl	2
granddame	2
frosty	2
repent	2
lasses	2
recollect	2
oracle	2
forbid	2
thisand	2
dressingroom	2
ambition	2
invisible	2
suspect	2
preacher	2
siclike	2
hart	2
whistled	2
seeking	2
interspersed	2
magazine	2
unpleasant	2
interested	2
escaped	2
desires	2
boldest	2
resident	2
acknowledged	2
logically	2
discern	2
sin	2
heat	2
summon	2
exciseman	2
likes	2
joint	2
spurn	2
sweet	2
revive	2
afore	2
folded	2
marble	2
interruption	2
readable	2
hardened	2
blade	2
fat	2
disperse	2
throwing	2
onybody	2
fetch	2
faults	2
fleet	2
appeal	2
exercises	2
probable	2
inspired	2
bolted	2
hid	2
commence	2
freed	2
distrust	2
charitable	2
nod	2
reconciliation	2
topic	2
distinctly	2
specified	2
intrusive	2
heaving	2
pray	2
fatigued	2
communicative	2
hopeless	2
disordered	2
magic	2
trumpet	2
withered	2
paused	2
maintaining	2
tramp	2
awfu	2
piercing	2
peght	2
birth	2
protector	2
bathed	2
beloved	2
relax	2
avail	2
appetite	2
cow	2
suffering	2
paradise	2
nay	2
drops	2
acute	2
dissonant	2
recall	2
daunted	2
siege	2
traverse	2
fired	2
widger	2
infected	2
illtimed	2
merry	2
readers	2
sovereign	2
shothole	2
dried	2
robert	2
plenish	2
cloot	2
contrast	2
stained	2
garment	2
doubting	2
losing	2
episcopal	2
originally	2
physical	2
office	2
bolt	2
buck	2
resume	2
intervals	2
productive	2
partly	2
distressed	2
appointed	2
cheated	2
martin	2
het	2
ascent	2
plague	2
gladly	2
countrymen	2
gage	2
eat	2
profusion	2
commerce	2
surly	2
touching	2
splore	2
worse	2
childs	2
largely	2
describe	2
perished	2
profession	2
consistence	2
soninlaw	2
turnersholm	2
damp	2
pinches	2
widest	2
minds	2
stopping	2
grass	2
phantom	2
inauspicious	2
infamy	2
notions	2
thrive	2
judged	2
doorway	2
farm	2
commons	2
barnyard	2
warn	2
reechoed	2
combat	2
westburnflats	2
honourably	2
downa	2
epithet	2
odd	2
played	2
desolate	2
plunge	2
grippie	2
hantle	2
anxiety	2
cowl	2
advised	2
group	2
ritchies	2
pistols	2
deigned	2
negligence	2
clergyman	2
leisure	2
calves	2
striking	2
discussion	2
scepticism	2
locations	2
submission	2
exhausted	2
fairer	2
library	2
thatand	2
prey	2
passages	2
maister	2
toun	2
contrived	2
abandon	2
non	2
employees	2
fatigues	2
lords	2
scales	2
meant	2
prominently	2
seats	2
salutation	2
redistribution	2
continue	2
understanding	2
wickedness	2
balance	2
follies	2
convert	2
taen	2
ha	2
v	2
gallows	2
liberality	2
responsive	2
helpless	2
blown	2
finding	2
fond	2
contributions	2
wear	2
audacity	2
song	2
posture	2
byganes	2
carefully	2
throttled	2
usage	2
vile	2
moody	2
subscribe	2
partially	2
stoop	2
settlement	2
establishment	2
ushering	2
shell	2
d	2
rely	2
fits	2
abide	2
waved	2
forgot	2
passively	2
forbear	2
stately	2
purple	2
herbs	2
sounds	2
cheatthewoodie	2
knees	2
activity	2
shock	2
agency	2
bright	2
serving	2
titties	2
unbolted	2
descent	2
viii	2
averred	2
clenched	2
feeding	2
luxury	2
shown	2
michael	2
stretched	2
brace	2
moulded	2
suldna	2
rings	2
aften	2
ruins	2
plainly	2
watches	2
underwood	2
sick	2
wheels	2
formats	2
observing	2
succeed	2
tree	2
warlocks	2
praised	2
boot	2
lest	2
destroying	2
trunk	2
exterior	2
evils	2
prominent	2
summoned	2
welcome	2
compel	2
preaching	2
disturb	2
points	2
marsh	2
proofs	2
besiegers	2
deranged	2
spoil	2
symptoms	2
bore	2
accordance	2
career	2
answerable	2
slow	2
sincerely	2
damsel	2
abuse	2
plans	2
belt	2
income	2
unsheathed	2
plenty	2
passes	2
remainder	2
exist	2
wreath	2
shrewdness	2
ideal	2
boasted	2
meditating	2
subjects	2
witches	2
feats	2
clay	2
mairs	2
promises	2
famishing	2
honesty	2
badger	2
pour	2
warranty	2
deerhounds	2
flat	2
implied	2
habit	2
forfeit	2
charm	2
proem	2
backs	2
subterranean	2
temperament	2
salve	2
cleugh	2
bony	2
mends	2
page	2
happen	2
bounds	2
consequences	2
parley	2
cave	2
abhorrent	2
defects	2
mucklestane	2
rewcastle	2
patient	2
industry	2
spies	2
apparent	2
abstract	2
censure	2
redistributing	2
altered	2
bogilly	2
universal	2
wrestle	1
sigismunda	1
prefixed	1
sounded	1
counterbalance	1
mart	1
firing	1
wave	1
christmas	1
penfeather	1
coldness	1
mischievous	1
consecrated	1
grandsons	1
wit	1
accents	1
prejudiced	1
earthen	1
saythus	1
listeningaweel	1
falstaff	1
alliances	1
silent	1
barrowman	1
damn	1
fidelity	1
testified	1
cellars	1
gobetween	1
liferenter	1
skelping	1
designs	1
langleydale	1
dispose	1
rustle	1
proper	1
incomplete	1
heathfowl	1
amiable	1
consummation	1
enormous	1
impose	1
arrow	1
palace	1
uncanny	1
manspeak	1
diametrically	1
pertinacious	1
thinktis	1
reclaiming	1
knowsdemolished	1
feuds	1
threatens	1
yard	1
waive	1
entertains	1
bishopric	1
prospect	1
composure	1
owners	1
soothing	1
quagmire	1
trunks	1
usthe	1
stormy	1
conclusion	1
bestial	1
sketched	1
persevere	1
bandit	1
henry	1
earnscliffnot	1
privy	1
benefactorto	1
loudon	1
urgency	1
rays	1
skaithed	1
bogs	1
turbulent	1
gore	1
utensils	1
waving	1
middling	1
hammered	1
haughtilythan	1
usi	1
malevolent	1
implore	1
partem	1
ledhorses	1
romances	1
recording	1
branch	1
ornaments	1
corresponded	1
ungenerously	1
bedstead	1
swelled	1
blawing	1
morose	1
willow	1
retire	1
gnawing	1
shortly	1
cousingermain	1
ensuring	1
cultivation	1
sparkling	1
oppressive	1
partthe	1
grated	1
scotlands	1
sable	1
worshipped	1
consents	1
toilsomely	1
peradventure	1
tapestry	1
redwud	1
fellowshe	1
flagged	1
edition	1
behave	1
versed	1
uniform	1
stanch	1
itselfgood	1
forlorn	1
effectual	1
doleful	1
morts	1
blended	1
dares	1
oracular	1
pleasant	1
quarrelagainst	1
xv	1
candour	1
precipitated	1
bewildering	1
aboutbut	1
brethren	1
stocked	1
conformation	1
discordant	1
plays	1
reading	1
grinded	1
chid	1
cannotnot	1
ravages	1
youths	1
bumpers	1
thin	1
choked	1
consumption	1
crutches	1
yonders	1
hesitation	1
acknowledgments	1
letitia	1
london	1
wandered	1
avowal	1
parishclerk	1
mixed	1
deprecate	1
m	1
dost	1
castlemoat	1
woodhouse	1
discontinue	1
eminent	1
starts	1
gardenground	1
wheeland	1
shelled	1
himbut	1
remark	1
vol	1
patriot	1
acquiesced	1
crowd	1
theeand	1
pint	1
sedulously	1
livinghis	1
audible	1
sorcery	1
notbut	1
foes	1
vital	1
rowans	1
furniture	1
rightvery	1
churchyard	1
flattery	1
familiarized	1
fearfully	1
broodcampbell	1
steel	1
himbring	1
averse	1
nobler	1
nane	1
falsely	1
processing	1
eer	1
wasted	1
persuaded	1
fewer	1
ugly	1
resources	1
firstand	1
incarnate	1
certainty	1
nailsand	1
buff	1
alternate	1
burrowtown	1
ding	1
unclutched	1
frightedna	1
upwhat	1
redoubled	1
vigilant	1
modification	1
youre	1
talents	1
staring	1
liberty	1
upbye	1
assigning	1
banes	1
solace	1
shower	1
tombstone	1
rightthats	1
rede	1
plausible	1
halfpence	1
lawo	1
simonthank	1
progenitor	1
sark	1
tinningbeck	1
shrinking	1
gutenbergtms	1
quietnesshes	1
indispensable	1
prose	1
tweeddale	1
ocean	1
unexaggerated	1
darted	1
illsuppressed	1
slashed	1
parted	1
corporation	1
performer	1
exporting	1
westo	1
medicines	1
founder	1
tak	1
downfall	1
morningfarewell	1
irs	1
singularly	1
tricks	1
geldings	1
dean	1
magnified	1
lifelong	1
dissolution	1
lion	1
dour	1
blind	1
lavish	1
dishabille	1
twasome	1
enlargement	1
singing	1
selftormentor	1
whigs	1
propensity	1
lowland	1
waverley	1
wae	1
spunk	1
pointyou	1
fellowmortals	1
liberated	1
vole	1
chose	1
whitehaven	1
bow	1
exposing	1
longitude	1
separation	1
titlepage	1
knightbaronet	1
slip	1
unsettled	1
establish	1
writings	1
newfangled	1
peeped	1
mourning	1
conjured	1
forty	1
inaccessible	1
birches	1
trepidation	1
cities	1
homespun	1
withdraw	1
loudoun	1
planted	1
langerbodied	1
slits	1
ungenerous	1
presbyterian	1
jeanie	1
bonnet	1
glimmered	1
jeroboam	1
marchie	1
ravine	1
gifts	1
nothingat	1
spiritual	1
sooth	1
ratcliff	1
alder	1
drystane	1
conspiratoras	1
cautions	1
lonesome	1
ruinher	1
obsolete	1
reapedby	1
benevolent	1
sheathed	1
unintelligible	1
tyrannically	1
tutelage	1
seeming	1
bypast	1
licensed	1
mend	1
serenity	1
embarrasses	1
assuage	1
staggered	1
gnawed	1
loins	1
disease	1
laith	1
distract	1
isna	1
mouth	1
indifferentthe	1
treason	1
familywhen	1
fitter	1
craw	1
eo	1
dressthis	1
owermaister	1
itthen	1
girt	1
happyto	1
notorious	1
obeisance	1
bellenden	1
leal	1
swamp	1
casual	1
geaunt	1
saluting	1
involuntarily	1
knock	1
rantingly	1
concession	1
marlborough	1
gazing	1
thirlwall	1
rainy	1
confident	1
saving	1
neighbourlike	1
coolblooded	1
dip	1
wese	1
dissipation	1
loons	1
impart	1
redistribute	1
bursting	1
fractious	1
wretchedgo	1
chamberlain	1
unlike	1
feast	1
discerned	1
iota	1
ghaists	1
proofread	1
rabble	1
fairbanks	1
gorgon	1
happily	1
regained	1
songs	1
social	1
banished	1
pouch	1
claver	1
unhewn	1
burial	1
himthat	1
shattered	1
impetuous	1
westcountry	1
shunning	1
exclaimedwhy	1
meddling	1
twinkling	1
inbred	1
schemes	1
auditor	1
valorous	1
scaur	1
prodigal	1
borne	1
crave	1
hypocritical	1
garnishing	1
derive	1
ado	1
ingratitudewretches	1
firelightwith	1
plundered	1
action	1
enquired	1
absurdity	1
thewes	1
xiii	1
wants	1
drown	1
flatter	1
sentences	1
merits	1
recent	1
divested	1
types	1
drowned	1
darien	1
nobut	1
lifelike	1
portly	1
chared	1
drag	1
frequented	1
clang	1
impending	1
projected	1
abhors	1
returns	1
splores	1
discharge	1
trials	1
allfor	1
aggression	1
claps	1
anger	1
groaned	1
roop	1
jones	1
spark	1
intermediation	1
adhering	1
heritable	1
vicious	1
forbade	1
practically	1
healed	1
unsolicited	1
xviii	1
rashbinna	1
saidyou	1
yonderwe	1
invitations	1
spurning	1
discussed	1
tolbooth	1
discomposure	1
indicative	1
antiquaries	1
customer	1
contentment	1
sang	1
bestlooking	1
director	1
forsooth	1
indifferent	1
blaze	1
morningyou	1
slumber	1
regulating	1
temperance	1
benefactors	1
nightcap	1
abody	1
modesty	1
kinsmanr	1
northern	1
confederacies	1
drawnit	1
gregory	1
hypertext	1
ingleside	1
arranging	1
ended	1
fertile	1
overwhelmed	1
casement	1
slacken	1
boyearnscliff	1
deils	1
elbow	1
gentlemengive	1
determination	1
againand	1
threep	1
blindest	1
diction	1
voicestand	1
pigeons	1
strode	1
bane	1
judges	1
rejoice	1
cherub	1
eyelids	1
livelang	1
thronged	1
rubbed	1
identification	1
cheek	1
conscientiously	1
schoolmaster	1
precipice	1
sturdy	1
demons	1
skeps	1
jester	1
friendsfareweel	1
disencumbered	1
administer	1
shoulder	1
slaves	1
stouthrife	1
encouragement	1
midnightthere	1
tidings	1
lifters	1
production	1
agriculture	1
doth	1
innovationhenry	1
oak	1
quaffed	1
impartial	1
cloth	1
shooter	1
ee	1
alacrity	1
basket	1
fairplay	1
curestheir	1
sheelinghillill	1
heartbroken	1
thrawing	1
concessions	1
swells	1
slavish	1
assistant	1
smiled	1
precaution	1
bestrode	1
bearing	1
fairs	1
couch	1
companys	1
forbye	1
glided	1
message	1
exclamations	1
steek	1
steelcaps	1
lxxx	1
playd	1
conducted	1
slouched	1
reside	1
doers	1
crop	1
insinuate	1
bodkins	1
gambler	1
wreaths	1
authorities	1
unchaining	1
partial	1
workmen	1
distillation	1
decayed	1
horsewhip	1
ut	1
forfeited	1
completely	1
deserve	1
confesses	1
glee	1
trunkhose	1
flam	1
doorstane	1
prime	1
ribbed	1
gudesire	1
cheviot	1
dries	1
visage	1
paternal	1
diffused	1
conjure	1
disputations	1
whin	1
moorfowl	1
bridescake	1
haetroth	1
prolonging	1
daily	1
matron	1
takenheaven	1
weelnow	1
wronged	1
youand	1
nightraven	1
indwellers	1
safeperfectly	1
laughingstock	1
secrets	1
offensive	1
reek	1
eminently	1
beaten	1
attitude	1
metaphorical	1
fanciesbesides	1
milldam	1
pekin	1
grievously	1
maintenance	1
milehadna	1
thither	1
stifled	1
fieldlabour	1
freckled	1
inflexible	1
sustenance	1
prayerbook	1
imprudently	1
benarbuck	1
graze	1
clew	1
vehemence	1
nighta	1
evincing	1
itbut	1
overnight	1
races	1
describes	1
poplars	1
sheathe	1
eneughand	1
beingsthou	1
wellattested	1
throws	1
manslaughter	1
sinews	1
guidance	1
hatred	1
pretend	1
applying	1
hells	1
httppglaforgfundraising	1
disengaged	1
elliotthis	1
recital	1
awayyou	1
ships	1
bleakest	1
emboldens	1
contrition	1
springbutterflies	1
oppressors	1
humbled	1
hung	1
felony	1
methods	1
hackburns	1
interposing	1
headthe	1
seasoning	1
stackyard	1
dismaying	1
obviously	1
feind	1
messages	1
biding	1
eighth	1
infect	1
rain	1
lament	1
draps	1
unaccountable	1
swerve	1
fettered	1
terminate	1
behalf	1
bandstatnes	1
vessels	1
mothernot	1
recognised	1
derangement	1
perused	1
disagreeable	1
requisition	1
tastefully	1
ettercap	1
heavenly	1
alleviations	1
detected	1
languagemr	1
determine	1
tonegood	1
thoughtful	1
marstonmoor	1
fatten	1
mammocks	1
destructive	1
draughts	1
synonymous	1
scuffle	1
reechoing	1
xvii	1
oath	1
echoing	1
upper	1
expedients	1
obstinately	1
fastening	1
dow	1
convey	1
containing	1
astonishing	1
fructification	1
monarch	1
jacket	1
foresters	1
stark	1
dowerless	1
agitated	1
remarkably	1
turnbulls	1
renaults	1
spoiled	1
oursells	1
faen	1
freebooters	1
encumbrance	1
dram	1
changelings	1
stead	1
market	1
infidelity	1
fathershe	1
flight	1
outports	1
philiphaugh	1
agitate	1
earrings	1
dreariness	1
overalls	1
annaplewhere	1
preakintoweri	1
updated	1
deformitybut	1
beehives	1
chord	1
seductive	1
selflove	1
outbreak	1
dust	1
falcon	1
warlds	1
affirmed	1
fateguests	1
shiel	1
stewart	1
marriagedinner	1
mespeak	1
cloak	1
weelnigh	1
hob	1
surety	1
drunken	1
marries	1
incompetent	1
ensued	1
feed	1
summer	1
gentlemenfriendslend	1
faulds	1
tacit	1
remedywith	1
follows	1
dreadfully	1
ardent	1
fiery	1
denial	1
strengthnot	1
yellow	1
darkened	1
revival	1
knicht	1
haughtily	1
formalist	1
insane	1
deficiency	1
reptile	1
threesome	1
houndna	1
inspire	1
larger	1
product	1
trusty	1
exult	1
luminary	1
terrific	1
uninjuredwha	1
himyet	1
neuk	1
polluted	1
modicum	1
annihilate	1
falsehood	1
mistrysted	1
trademarkcopyright	1
crash	1
swallows	1
ino	1
exceeds	1
windings	1
thretty	1
cleave	1
enemies	1
dalesmen	1
fleeing	1
avert	1
depress	1
theirs	1
uphaud	1
trustee	1
bridesman	1
damaged	1
mistrust	1
tragic	1
render	1
cloud	1
subdue	1
mayold	1
heroism	1
shots	1
countryside	1
proposition	1
inventor	1
material	1
finished	1
purport	1
uncultivated	1
forthwith	1
hawks	1
legally	1
toils	1
presumptuous	1
breadthso	1
wrapt	1
venturing	1
tyke	1
ally	1
patrons	1
whereas	1
governing	1
brithers	1
cries	1
unprovided	1
peengin	1
formal	1
dizzy	1
identified	1
absurdities	1
consigned	1
defenceless	1
orderthe	1
handkerchief	1
corrupt	1
pursuitflowers	1
injudicious	1
recommended	1
cleft	1
launch	1
flippancy	1
shegoat	1
antiquities	1
noose	1
sedate	1
feeblest	1
pu	1
dunbar	1
guidancei	1
twitches	1
countenanced	1
tune	1
circuit	1
safeguard	1
dykes	1
repairing	1
precise	1
palms	1
troubling	1
intermeddler	1
grewsome	1
recommendations	1
hind	1
rid	1
strolled	1
occupy	1
hoarded	1
brand	1
habituated	1
trusted	1
explicit	1
speedy	1
compulsion	1
culpable	1
constructing	1
staid	1
hamecoming	1
penaltyi	1
deserving	1
impatience	1
farthest	1
fallen	1
sickle	1
oclock	1
accompanying	1
mainsforth	1
gentlemans	1
periodic	1
pulling	1
fortified	1
consisting	1
lunt	1
disturbances	1
steadily	1
umph	1
guessed	1
twentyfour	1
promotion	1
tryste	1
pest	1
guns	1
blunted	1
silencing	1
messageno	1
abreastwhat	1
woes	1
besought	1
youhe	1
wanton	1
wives	1
pretext	1
hazel	1
stirk	1
smothered	1
moraiapparently	1
curnie	1
oaks	1
recruited	1
likeim	1
orleans	1
meaner	1
beseech	1
careful	1
fetching	1
costly	1
rub	1
petlamb	1
tenth	1
ate	1
huddling	1
downdown	1
parallel	1
greeting	1
melan	1
wellbraehead	1
nanse	1
indian	1
associate	1
paralytic	1
cultivate	1
barns	1
expiry	1
nonproprietary	1
dream	1
backing	1
pud	1
childhoodlove	1
toiling	1
ghastly	1
acquiring	1
anticipate	1
brink	1
neverand	1
treatment	1
concise	1
langnebbit	1
upwards	1
infamous	1
representations	1
orderly	1
arriving	1
onward	1
polemical	1
eldest	1
lowered	1
haggard	1
gunpowder	1
lodged	1
halo	1
coupled	1
scorched	1
impostor	1
invested	1
againnot	1
misfortunes	1
wellfrequented	1
rains	1
unionist	1
hound	1
westthought	1
shudder	1
grotesque	1
iti	1
uncommonly	1
forehead	1
mislippen	1
preceeselyit	1
rightthey	1
soonimpossible	1
shalt	1
illusage	1
tye	1
town	1
amuse	1
staircasei	1
psalmody	1
cad	1
drums	1
billie	1
landed	1
blackcock	1
profits	1
abused	1
windfa	1
oats	1
exposes	1
hobbieo	1
unconscious	1
motherhes	1
national	1
forfend	1
ownabove	1
servile	1
extend	1
donne	1
declension	1
finely	1
necromancy	1
fairies	1
announcing	1
heaviest	1
wheel	1
solely	1
igrace	1
pursuedstop	1
properly	1
frolic	1
embarked	1
annually	1
surmizing	1
organize	1
eh	1
gripe	1
wuss	1
fortunetelling	1
scale	1
ominous	1
viewed	1
appalling	1
nursery	1
hurt	1
hysterical	1
wander	1
womani	1
displease	1
redresser	1
glens	1
discompose	1
enquiring	1
cabin	1
renown	1
disclaim	1
regarding	1
scathe	1
hirples	1
goheaven	1
revolting	1
lake	1
memorial	1
cousinprettier	1
muzzle	1
asidestand	1
hood	1
perceiving	1
beelzebub	1
blackening	1
release	1
pierre	1
assailants	1
malam	1
emptied	1
drinking	1
instantstir	1
clan	1
encourage	1
clearly	1
hershes	1
writes	1
delicacies	1
pglaf	1
awful	1
bodies	1
mutchkins	1
ohon	1
panada	1
smeekit	1
temple	1
immensely	1
aith	1
adjourned	1
gives	1
pilgrimage	1
englified	1
persecuting	1
intend	1
clinging	1
procedure	1
wauking	1
strenuous	1
lunaticsfor	1
themwell	1
goer	1
lugs	1
clothing	1
overfatigued	1
riches	1
scapulaire	1
contribution	1
soldier	1
subjoined	1
heroine	1
impassable	1
doomd	1
duly	1
north	1
exchanged	1
increase	1
stored	1
fatigue	1
deportment	1
cisterns	1
bawbeeand	1
esteemed	1
ignominious	1
ist	1
margin	1
watching	1
fashing	1
conjectures	1
artful	1
monitor	1
entry	1
howe	1
roman	1
dashed	1
crocodile	1
brawlsmr	1
houses	1
neighboursi	1
resort	1
pamper	1
transformed	1
meanbut	1
denied	1
ak	1
withal	1
sepulchral	1
ransom	1
visits	1
indirect	1
angrily	1
publications	1
augury	1
abashment	1
flatterer	1
flows	1
loosened	1
talkative	1
totherbut	1
version	1
accessed	1
resolvedfirmly	1
foresight	1
differences	1
fixing	1
unenforceability	1
discrimination	1
employment	1
exculpation	1
proposals	1
boswells	1
detailed	1
adjacent	1
weariness	1
brackets	1
cock	1
confirm	1
incidents	1
fictitious	1
fanciful	1
soured	1
queerlooking	1
pilgrim	1
observations	1
shop	1
trailing	1
compilation	1
dreadnought	1
torch	1
libertines	1
themsellsbut	1
influenceyou	1
comparative	1
discontents	1
dependence	1
stern	1
church	1
pierced	1
surrounding	1
musters	1
ridicule	1
whiter	1
thems	1
plead	1
forwardits	1
squanders	1
worried	1
gaining	1
armedgrace	1
antiquity	1
desultory	1
stays	1
steading	1
whaup	1
dogged	1
fishes	1
beforeat	1
opponents	1
babe	1
promising	1
discovery	1
jaffiers	1
indiscriminate	1
unaware	1
engrosser	1
gripes	1
scarcely	1
oil	1
whirlwind	1
fu	1
informs	1
heterodox	1
footsteps	1
undertakeni	1
bears	1
streamed	1
grateful	1
fright	1
gudemair	1
miser	1
ravishers	1
decently	1
defenders	1
realize	1
lightly	1
rudeness	1
territory	1
disturbance	1
vauntest	1
wenches	1
dismounted	1
httpwwwpglaforg	1
veneration	1
httppglaforgdonate	1
maid	1
westall	1
glittering	1
revived	1
isand	1
politicsmany	1
milking	1
hastening	1
whispering	1
frail	1
smite	1
thirdly	1
dwell	1
hereditary	1
gifted	1
cups	1
desisted	1
sets	1
effected	1
alienation	1
workmanship	1
httpgutenbergorglicense	1
crowded	1
leafbut	1
disappointments	1
trappe	1
stocking	1
dissolve	1
douce	1
puss	1
loading	1
compass	1
trifled	1
torrent	1
dinnertime	1
despised	1
ithacus	1
carved	1
potsherd	1
characters	1
kenna	1
hazard	1
oppressed	1
furyi	1
britain	1
unfitted	1
thoroughbred	1
alarmof	1
purses	1
thisspectacle	1
affray	1
cradle	1
lairdsi	1
unworthy	1
mourn	1
ripe	1
excise	1
tops	1
ie	1
manuscript	1
de	1
hideousness	1
birling	1
heatherblossom	1
wasit	1
briskly	1
ling	1
oft	1
pencilled	1
persecute	1
trace	1
accustomed	1
sheltered	1
holy	1
captive	1
statements	1
refined	1
despite	1
apparel	1
furiously	1
lengthways	1
lifetime	1
wellbuilt	1
spilling	1
preservation	1
range	1
griefs	1
ladya	1
expiate	1
whiddin	1
crib	1
lofty	1
gentlebut	1
hurl	1
farmhouse	1
consulting	1
damsels	1
dryly	1
combining	1
conveyedearnscliff	1
rebuking	1
cells	1
machine	1
parcel	1
uglier	1
thoughtlessness	1
gentlemenvogue	1
aforesaid	1
youmy	1
hangers	1
divan	1
reserve	1
kinswomen	1
kicks	1
rogue	1
graemes	1
fruitless	1
ituse	1
ityou	1
advisable	1
projecting	1
cap	1
delayperhaps	1
annihilated	1
landwe	1
cowards	1
moorill	1
prick	1
chariotwheel	1
byre	1
doubts	1
occupations	1
spanish	1
deceptio	1
toom	1
cabinet	1
impatient	1
watch	1
gottenwill	1
scouther	1
phantoman	1
outlived	1
physiognomy	1
turfstack	1
dubious	1
caterpillars	1
replacing	1
ilk	1
deliberations	1
banquos	1
twelve	1
inviolably	1
hillodd	1
atoms	1
growing	1
sadly	1
reluctant	1
hirdiegirdie	1
sunburnt	1
grandees	1
meddler	1
fortbut	1
morsel	1
operation	1
inborn	1
proceedings	1
ein	1
stakes	1
semple	1
cannily	1
hillkids	1
teiot	1
brushmaker	1
ovid	1
ends	1
clarettired	1
extinguishing	1
crimes	1
holsters	1
disconcerted	1
unconstrained	1
fever	1
princess	1
sabbath	1
undaunted	1
creeping	1
skilled	1
extracted	1
odour	1
rampauge	1
jobswestby	1
laud	1
awaya	1
rue	1
specimen	1
armstronggodthe	1
carousethe	1
expectations	1
backstairs	1
befaen	1
cot	1
watersaps	1
applied	1
glut	1
manlet	1
reiveri	1
patients	1
roaring	1
practising	1
hond	1
knave	1
bolder	1
forgiven	1
wept	1
priorities	1
stumbling	1
implies	1
adventuresfor	1
illtreated	1
distinction	1
speaks	1
endured	1
whinger	1
outdated	1
employ	1
reested	1
todholes	1
solemnly	1
pincers	1
shipping	1
chieldit	1
fluttered	1
shrieked	1
discoloured	1
defender	1
legislature	1
rafters	1
ostler	1
avoiding	1
conspirators	1
brains	1
intruder	1
hobbienot	1
xi	1
vexation	1
syneput	1
comparatively	1
closer	1
torment	1
conductor	1
firstcousin	1
knowest	1
grundthe	1
thriving	1
loser	1
alsoto	1
gudedame	1
shivering	1
stanesodd	1
painfully	1
eats	1
profound	1
graves	1
treasonable	1
hags	1
liveliness	1
mossphadraig	1
wandering	1
reapers	1
insist	1
gudes	1
granting	1
henscavey	1
conflicting	1
lurid	1
cemetery	1
ix	1
tracks	1
employing	1
smiles	1
puzzle	1
bolting	1
cano	1
droop	1
reasoning	1
grazed	1
troubled	1
txt	1
reflecting	1
widower	1
especial	1
illness	1
sceptical	1
fergussons	1
touches	1
sona	1
performances	1
ofof	1
doingthat	1
cantrips	1
shawshonest	1
saulies	1
hopethrough	1
faded	1
involuntary	1
murmurs	1
tended	1
banqueting	1
moorlands	1
province	1
shriek	1
darest	1
improper	1
voyages	1
festivity	1
skilfu	1
counsellors	1
jesting	1
conferences	1
invocation	1
undiminished	1
spars	1
noticed	1
rant	1
heartbreaking	1
strongest	1
expanding	1
natureto	1
mantrapsthat	1
adapted	1
shaken	1
transferred	1
redeeming	1
coal	1
alice	1
takena	1
meetinghouse	1
entertain	1
tam	1
candlelight	1
hit	1
himwhen	1
boys	1
repel	1
select	1
quadrupeds	1
northumbrians	1
briefly	1
sclatestanes	1
thankful	1
mask	1
instructed	1
meetings	1
peeblesshire	1
hoofs	1
innuendo	1
birds	1
remounted	1
contempttheretake	1
physic	1
uplifted	1
deprive	1
concernportionless	1
thans	1
peremptory	1
shortness	1
lukewarm	1
bien	1
barley	1
employee	1
rear	1
congratulations	1
headlong	1
memiss	1
menacing	1
hose	1
scarify	1
emblemit	1
ordination	1
wisely	1
relented	1
strangest	1
fairiesi	1
discreet	1
interpreted	1
priming	1
devoid	1
observedi	1
paupers	1
leddies	1
requesting	1
clatter	1
clamjamfrie	1
devours	1
disciple	1
uniformly	1
tottering	1
mighty	1
vii	1
provisions	1
coincide	1
verethe	1
eilding	1
mingle	1
provision	1
sire	1
harsher	1
querists	1
peghts	1
medical	1
roughhewn	1
transcribe	1
twentya	1
preference	1
childheaven	1
marchiei	1
aneugh	1
belanged	1
yeit	1
heaths	1
silvermounted	1
committing	1
poisoned	1
snaw	1
crowns	1
arrange	1
failure	1
recumbent	1
prevents	1
plack	1
taskmaster	1
rebels	1
annot	1
adorned	1
trembling	1
mistryst	1
verse	1
soi	1
decease	1
durham	1
solicited	1
secrecyyou	1
ungrateful	1
surface	1
dicere	1
dearly	1
kisses	1
established	1
stievely	1
stamach	1
counts	1
waves	1
mistakes	1
fashed	1
laxity	1
raven	1
doubtfullyand	1
doings	1
unsocial	1
fosterchildren	1
upye	1
troubles	1
shagged	1
confessed	1
method	1
regency	1
lustre	1
secondsighted	1
wame	1
lodging	1
illdoer	1
mimweel	1
finger	1
joins	1
cameronians	1
introduce	1
twas	1
gudedames	1
readiest	1
descend	1
intimates	1
wondered	1
henceforward	1
thatlever	1
abbess	1
saidenter	1
slit	1
invective	1
inkhorn	1
grim	1
concourse	1
revocation	1
widow	1
worn	1
cupidity	1
frantic	1
moisture	1
occurs	1
oblige	1
counsellor	1
valued	1
touched	1
tooane	1
needy	1
calcined	1
mosstroopers	1
abiding	1
horsejockey	1
burning	1
useful	1
embraced	1
decisiontime	1
cannonshot	1
baron	1
stuff	1
cameyou	1
harassing	1
disgraceful	1
shedding	1
rood	1
surrendered	1
soldiers	1
levitical	1
plantations	1
sune	1
misanthropos	1
celerity	1
selfish	1
unkind	1
undergo	1
reproof	1
missile	1
preliminary	1
reap	1
gauger	1
misset	1
detached	1
exceed	1
binds	1
talker	1
unauthorized	1
grand	1
pg	1
hoursbut	1
christians	1
convalescent	1
whirlpool	1
femaleservants	1
grandmothermy	1
pretender	1
tusks	1
crack	1
heels	1
instigation	1
knell	1
pikestaff	1
thread	1
nightat	1
frightened	1
colloquy	1
carousing	1
associates	1
vicinity	1
aided	1
nonot	1
card	1
suddenness	1
vapours	1
ancestors	1
crousely	1
den	1
divert	1
brae	1
killiecrankie	1
glaunsing	1
deevil	1
incredulity	1
pierres	1
footnotes	1
wayward	1
adding	1
jean	1
coadjutors	1
tie	1
alter	1
anecdotes	1
handmy	1
communing	1
plea	1
coals	1
fickle	1
swiftness	1
silently	1
international	1
cowt	1
hook	1
compression	1
childi	1
exculpated	1
therethere	1
cultivator	1
effrontery	1
mountaintorrent	1
roedeer	1
embraces	1
ceremonymy	1
propitious	1
flame	1
heights	1
onodd	1
welljudging	1
noticing	1
farfamed	1
anotherthey	1
fiar	1
evilsunsuccessful	1
thourt	1
commencement	1
carey	1
crimeshas	1
escorting	1
arcade	1
expressive	1
waysae	1
manthat	1
furze	1
accession	1
masses	1
rowels	1
fashes	1
yield	1
cognisant	1
cess	1
frowned	1
lodgings	1
profaned	1
perplexed	1
sairly	1
whobut	1
combated	1
doled	1
clad	1
capered	1
argyles	1
metamorphosis	1
fiercest	1
roamed	1
identify	1
submit	1
fools	1
monuments	1
glittered	1
animating	1
sunny	1
huz	1
shake	1
versification	1
olden	1
absolutely	1
talkers	1
dissimulation	1
melting	1
allowance	1
soundlet	1
modified	1
wicker	1
halflaughed	1
blamed	1
lifeay	1
transporting	1
reckoned	1
itwhat	1
incomparably	1
incorporating	1
happymost	1
painter	1
dispatched	1
undisturbed	1
boast	1
licked	1
dayswhat	1
lasted	1
generous	1
drap	1
punch	1
declivity	1
rooted	1
betides	1
discretion	1
reflect	1
amane	1
notthey	1
string	1
ian	1
sely	1
entreated	1
bait	1
excusable	1
youthspadille	1
pacificated	1
destinedyet	1
ascribe	1
stirs	1
pertinacity	1
thick	1
waylook	1
insomuch	1
gratefully	1
coldly	1
furrow	1
puppy	1
insults	1
cannotshall	1
negleckit	1
member	1
disappoint	1
japan	1
swampy	1
rout	1
perusal	1
mareschalhad	1
crushed	1
supplicating	1
brides	1
sie	1
tittering	1
nobility	1
sche	1
ferocious	1
screaming	1
permitting	1
affections	1
gibe	1
maturely	1
add	1
esq	1
cruelly	1
glencoe	1
precipitate	1
results	1
learnt	1
yester	1
foster	1
hiss	1
hayfork	1
sorceress	1
weize	1
wilds	1
tourneys	1
trained	1
headed	1
gorge	1
exercitations	1
baudrons	1
dealings	1
novels	1
appreciate	1
averted	1
bangd	1
constable	1
broomstick	1
precedence	1
mortgages	1
mouths	1
requests	1
falstaffs	1
calculate	1
brent	1
fitness	1
greeks	1
detach	1
agreeing	1
miscellaneous	1
demands	1
dozen	1
disguises	1
salutary	1
sits	1
retreats	1
knelt	1
businesspglaforg	1
lily	1
boring	1
surveyed	1
tragedy	1
fantasies	1
marshes	1
stiff	1
completing	1
copious	1
bequeath	1
behemoth	1
merit	1
inventing	1
needful	1
deceitful	1
threshold	1
fugitive	1
blawold	1
yearly	1
sinsyneand	1
constitutional	1
fuel	1
disappointment	1
cargo	1
lent	1
punds	1
flagging	1
resisting	1
doublet	1
hundreds	1
stooping	1
dale	1
asis	1
thinks	1
purity	1
arrive	1
plainest	1
canton	1
knapsacki	1
imaginations	1
grane	1
manymiss	1
presume	1
variously	1
flinch	1
refutation	1
reign	1
hobbled	1
enlighten	1
butt	1
miles	1
reclining	1
throb	1
detection	1
audaciously	1
renounced	1
portentous	1
park	1
upland	1
dungeon	1
cable	1
hersellmy	1
disagreement	1
mirthful	1
visitors	1
plume	1
auldand	1
derision	1
catch	1
defied	1
retaining	1
willies	1
swattered	1
wildness	1
nocturnal	1
strive	1
liable	1
pony	1
diseases	1
wilt	1
lingered	1
buttoning	1
accuracy	1
somethingtimon	1
enow	1
boughs	1
discerning	1
apprizing	1
injuries	1
havebeauty	1
angel	1
themselvesyet	1
strays	1
safeconduct	1
mining	1
predominate	1
uses	1
switched	1
highspirited	1
patriarchal	1
downcast	1
patronage	1
soliloquy	1
gunshot	1
intense	1
wallno	1
scalp	1
hungry	1
charities	1
lets	1
claimed	1
unusually	1
springwho	1
penitent	1
parlour	1
communicating	1
fragment	1
childyou	1
procuring	1
brim	1
helped	1
wella	1
deductible	1
flippantly	1
sprang	1
disapprobation	1
wittily	1
firmness	1
gleam	1
ainsell	1
sufferance	1
throbbing	1
steekit	1
winked	1
veil	1
augmented	1
motherfarewell	1
glide	1
kinsmanhow	1
loquacious	1
poisons	1
exertion	1
obstinate	1
montroses	1
govern	1
loverbut	1
maidens	1
stooped	1
yetwait	1
yauds	1
rake	1
galere	1
submitted	1
trystingplacesae	1
deathlike	1
hawk	1
adhere	1
fermentation	1
plotters	1
pimplenosed	1
hadna	1
speaker	1
peacods	1
unsafe	1
flow	1
spunkies	1
strongholds	1
goading	1
popularly	1
lilye	1
removing	1
dazzling	1
athens	1
declared	1
invasion	1
stanemasonsee	1
flashing	1
proffered	1
overpower	1
himselland	1
older	1
hears	1
inserted	1
billet	1
disproportioned	1
reinstatement	1
foils	1
canonical	1
abreast	1
syneit	1
hovers	1
landing	1
halffallen	1
hen	1
agrees	1
intolerable	1
ficht	1
cousinr	1
donemy	1
conjecture	1
sharpfeatured	1
weigh	1
referenced	1
corresponding	1
hostility	1
emitted	1
tollman	1
gratifying	1
pitch	1
forehammers	1
rivulet	1
kindled	1
jacobites	1
stifle	1
chilled	1
reflectionsif	1
hesitate	1
rebellion	1
famineit	1
spherical	1
hardship	1
yetbut	1
italian	1
affairnae	1
intentionally	1
cauld	1
unknown	1
arrangements	1
maternal	1
jow	1
handed	1
chess	1
issuing	1
idiots	1
wrist	1
checking	1
prejudices	1
angelic	1
manewhow	1
thembut	1
overwell	1
resemble	1
series	1
pursuits	1
hospitable	1
stickit	1
shenstones	1
skreigh	1
rusted	1
prelatists	1
reflection	1
indelible	1
prisoners	1
midlouden	1
intelligent	1
x	1
mourners	1
confidante	1
tolerated	1
nest	1
armchair	1
remarked	1
yearaulds	1
rateit	1
running	1
advicei	1
converted	1
importunity	1
armstrongshes	1
gets	1
gallantry	1
pure	1
finer	1
billy	1
mantle	1
calamitous	1
deepness	1
farmhe	1
veriest	1
handful	1
exclude	1
tres	1
wilfully	1
scotch	1
usurpation	1
sacrificed	1
shaws	1
revenue	1
duplicity	1
decrease	1
wellinformed	1
minority	1
bookselling	1
frock	1
renault	1
aqua	1
courteous	1
companythis	1
hawthorn	1
howden	1
tother	1
importance	1
apprehend	1
roundly	1
indelicate	1
separates	1
bluidy	1
overreached	1
shutting	1
base	1
clout	1
praisers	1
distinguished	1
grinned	1
awake	1
meadow	1
perpetuating	1
anothers	1
paved	1
vitae	1
digging	1
disaffection	1
likeit	1
grandson	1
slovenly	1
vaticination	1
overtake	1
transpire	1
leaped	1
stated	1
assured	1
foolishness	1
immortalized	1
ashamed	1
halloween	1
protectionthou	1
fly	1
science	1
suspected	1
yards	1
print	1
freeman	1
honorarium	1
locale	1
desiring	1
kent	1
locality	1
filling	1
antechamber	1
mankindthe	1
monastic	1
abated	1
bleating	1
bundles	1
mammas	1
donation	1
lambfold	1
cuddie	1
shepherdas	1
tormented	1
gowpen	1
ray	1
ship	1
merrymakings	1
incapacity	1
resigned	1
invited	1
beck	1
unlink	1
france	1
extra	1
knights	1
carla	1
informing	1
essential	1
ladsit	1
eenow	1
meonly	1
prayed	1
caballer	1
forthmay	1
producing	1
innocencethou	1
seasons	1
chain	1
aimfor	1
pole	1
flagrant	1
clothes	1
accident	1
roguish	1
thatbut	1
ridingcoat	1
extirpated	1
piling	1
trembled	1
situationyou	1
infused	1
hopewho	1
crediting	1
lavethe	1
knocking	1
recovers	1
notifies	1
mixture	1
tidingshae	1
broadheaded	1
infringement	1
jookerypaukery	1
ejaculated	1
design	1
valleys	1
countermand	1
concernments	1
calmly	1
nine	1
supports	1
fosterson	1
steed	1
platters	1
isif	1
stanchly	1
ratcliffestill	1
renegade	1
hoped	1
interred	1
pang	1
exists	1
curse	1
spotwhy	1
impression	1
abhorrently	1
varying	1
summoning	1
crabbed	1
testimony	1
truei	1
bounty	1
diminutive	1
hie	1
extravagant	1
dishonourable	1
bias	1
windsor	1
dirdum	1
allperhaps	1
beads	1
mearns	1
childhood	1
invoked	1
overpowered	1
saxon	1
fondly	1
comforted	1
descents	1
obstacle	1
organization	1
neitherearnscliff	1
scheming	1
miseries	1
entreat	1
engaging	1
brazen	1
muttering	1
atrocious	1
forefathers	1
wonderful	1
skirt	1
zone	1
newso	1
possessing	1
vexing	1
scorch	1
defences	1
peacefully	1
jests	1
resign	1
dames	1
dependent	1
inconsistently	1
indignantly	1
british	1
overshadowed	1
leapt	1
groats	1
remittances	1
dilapidated	1
forcible	1
turnips	1
thickest	1
spur	1
mebetter	1
breadth	1
deathbedmy	1
obstinacy	1
quelled	1
admiring	1
partiality	1
hellicats	1
upward	1
burgh	1
rabbits	1
matted	1
inconsistencies	1
applies	1
lancashire	1
mutely	1
chorus	1
transcription	1
moderation	1
meas	1
heiress	1
gardengateo	1
nightfall	1
rides	1
problem	1
doublets	1
rust	1
deletions	1
lamb	1
lockfast	1
wastes	1
peevishly	1
simile	1
data	1
beerglass	1
scrawl	1
discovering	1
fool	1
banquet	1
blink	1
appearing	1
claws	1
particularbut	1
bridal	1
titter	1
intending	1
entreaties	1
doublebitted	1
bestbroke	1
criminal	1
compounding	1
servantgo	1
shooters	1
encircled	1
doorcheek	1
communed	1
polverton	1
slept	1
couched	1
handle	1
resisted	1
visitations	1
anne	1
strapping	1
wyted	1
texture	1
mindfaery	1
kneesheaven	1
preposterous	1
wail	1
spots	1
rudely	1
concerns	1
sheltering	1
quoted	1
serpents	1
heatherbelljohn	1
grievances	1
moonless	1
troublesome	1
accomplishment	1
recognising	1
perform	1
dignity	1
disunion	1
patricks	1
hetter	1
depth	1
poets	1
folktheres	1
knelling	1
heeds	1
insinuated	1
recourse	1
fervour	1
grudge	1
steadings	1
accused	1
carcass	1
ahint	1
uninvestigated	1
mettle	1
surrenderhell	1
referred	1
trystingpool	1
hielands	1
downcome	1
causa	1
proclaim	1
ingerfellfoot	1
antique	1
considerations	1
revised	1
exalted	1
claveringlandlord	1
thisit	1
gbnewbypglaforg	1
theme	1
indifferently	1
reasonably	1
echo	1
consequential	1
stifling	1
rapid	1
recede	1
creation	1
fortuneit	1
mysteriously	1
surtees	1
donors	1
steer	1
spend	1
turba	1
tool	1
kelpies	1
theatrical	1
marvel	1
lilias	1
coffin	1
flew	1
recruit	1
profess	1
vivacity	1
ai	1
raids	1
proposaland	1
interfere	1
precipitating	1
restraintsfor	1
believes	1
soothe	1
dublin	1
shades	1
ingenuity	1
daring	1
shadows	1
incidental	1
conceiving	1
owercome	1
mei	1
declaration	1
paris	1
report	1
lamiter	1
tunic	1
publication	1
architecture	1
acknowledging	1
excesses	1
bite	1
mairbut	1
blindfold	1
scream	1
tried	1
forays	1
slate	1
field	1
mondayi	1
halfyearly	1
thousands	1
mississippi	1
glare	1
ainthat	1
holly	1
merchants	1
awaited	1
themlook	1
appealed	1
gain	1
emblematic	1
fangs	1
clasping	1
cauldrons	1
twigi	1
frown	1
degeneracy	1
evasions	1
augur	1
lightfingered	1
depended	1
magistrate	1
spears	1
equipped	1
naesmith	1
reputation	1
grandfather	1
sweep	1
conveniences	1
incredible	1
waxcloth	1
eagerlyit	1
contest	1
wildduck	1
hotheaded	1
stools	1
psalm	1
jargon	1
yowes	1
complexities	1
central	1
mainspring	1
loan	1
satan	1
secondly	1
mortification	1
venturesome	1
sluggish	1
garments	1
isabellalook	1
mix	1
merriment	1
intimidated	1
otaheite	1
deaving	1
newby	1
marche	1
relation	1
stamp	1
bebut	1
irresolute	1
city	1
loses	1
theyve	1
luckinabag	1
ruining	1
lefthand	1
includes	1
retinue	1
dunder	1
handlord	1
redd	1
prophesied	1
joys	1
forthnatureyes	1
fade	1
eccentric	1
gait	1
weighty	1
empty	1
gatheringword	1
pistol	1
deity	1
conveyance	1
fare	1
tardy	1
lair	1
rhymes	1
wordit	1
fiction	1
void	1
suspended	1
compromised	1
rare	1
mathematics	1
abet	1
cynic	1
heughfootwaes	1
onethe	1
reigning	1
agreeably	1
stripes	1
misanthropes	1
maximum	1
excuses	1
amo	1
varied	1
placeits	1
sporting	1
car	1
gash	1
teugh	1
tiviotdale	1
deals	1
threefold	1
article	1
sleuthhound	1
flightthrough	1
slack	1
clearest	1
sacrificeit	1
ownbut	1
hardihood	1
commissioner	1
mended	1
misses	1
stack	1
beat	1
titles	1
campaigns	1
succeeding	1
masculine	1
stanmore	1
sax	1
ither	1
stall	1
enormities	1
seal	1
grain	1
visions	1
antiquary	1
repaid	1
newspapers	1
offices	1
appalled	1
areeh	1
tap	1
impunity	1
severity	1
stranded	1
dawn	1
copier	1
chagrined	1
stupidity	1
ravings	1
xiv	1
surprising	1
simplest	1
adage	1
syllable	1
companionye	1
historian	1
fulfilled	1
caricature	1
cell	1
dishevelled	1
bookkeeping	1
rhyme	1
kenif	1
exiled	1
haughtiness	1
beach	1
thinksbegone	1
implicitlyon	1
inclined	1
lief	1
woodcocksthat	1
eyed	1
renewed	1
ensure	1
sharper	1
tomahawk	1
loosening	1
uncurled	1
highschool	1
shoot	1
byng	1
confirmation	1
despises	1
described	1
substantial	1
ingrate	1
dallomlea	1
grieved	1
couldna	1
purchase	1
doughty	1
youshe	1
treat	1
brooks	1
itlet	1
dispute	1
lessen	1
abbey	1
badgers	1
educational	1
mayst	1
worry	1
prejudicing	1
hoards	1
scoffed	1
snapper	1
seatno	1
gloveless	1
fiercely	1
mineand	1
founded	1
si	1
lengthgod	1
exacted	1
nephews	1
shunned	1
shocked	1
manits	1
merchantibility	1
bird	1
foretold	1
jealousy	1
kneedeep	1
emblems	1
prosecute	1
swimming	1
kine	1
selfinterest	1
exaggeration	1
prejudicial	1
remedies	1
bechristabelle	1
southern	1
meditated	1
allit	1
bon	1
ordered	1
sacrificei	1
luckpenny	1
fells	1
resound	1
lordsake	1
bowd	1
mutes	1
streek	1
bacon	1
eaten	1
army	1
greed	1
brig	1
hollowed	1
superiority	1
treasures	1
trodden	1
mayso	1
roving	1
enjoined	1
indulged	1
stumbled	1
ravage	1
deevils	1
wrangd	1
bogwood	1
personally	1
conceits	1
bass	1
host	1
glasses	1
drowning	1
westburn	1
musquetoon	1
throttle	1
parties	1
intimated	1
inextricable	1
corroborated	1
mastered	1
affects	1
staff	1
pinners	1
assistants	1
avenging	1
ascertain	1
childcome	1
entertainment	1
screamed	1
assemblage	1
kindredbut	1
creditor	1
gimmers	1
flourish	1
bristles	1
likened	1
bridlerein	1
reekie	1
oblivion	1
smart	1
gape	1
adjustment	1
deprecated	1
responses	1
rhyming	1
thwart	1
signals	1
dam	1
instructor	1
preceesely	1
dragged	1
thighs	1
esplanade	1
reach	1
missive	1
interpolated	1
answerit	1
jaw	1
deilsbuckie	1
judiciously	1
mistaking	1
fiddling	1
plying	1
deserting	1
incentives	1
authorize	1
paddock	1
resolving	1
halfcried	1
record	1
proprietors	1
nabless	1
melted	1
modify	1
stainless	1
comb	1
mournfully	1
anotherdo	1
dundrennan	1
despotism	1
saltcellar	1
starving	1
fence	1
stagnates	1
strictly	1
soliloquies	1
ages	1
delicate	1
ridiculous	1
belied	1
pengun	1
irony	1
prophet	1
refractory	1
nonomy	1
preston	1
loved	1
warm	1
favourites	1
scrupulously	1
dreary	1
womana	1
elevate	1
melder	1
kinand	1
forster	1
confronted	1
heugh	1
ammunition	1
retained	1
necki	1
hurlyburly	1
righteousness	1
stammering	1
undergone	1
leagues	1
heavier	1
backstair	1
pastor	1
aloof	1
walks	1
shooting	1
presumption	1
assiduities	1
confounded	1
redacter	1
practised	1
yore	1
loathing	1
assent	1
chamber	1
paint	1
knee	1
whereby	1
soil	1
opportunities	1
redeem	1
flitting	1
fallowpuir	1
indirectly	1
regret	1
criminals	1
terrier	1
advise	1
indicating	1
inmates	1
musing	1
freestone	1
sung	1
capricious	1
cleansed	1
linked	1
primest	1
critic	1
inspirit	1
ultimatum	1
mortar	1
bowing	1
intent	1
assurances	1
grandames	1
snapping	1
billies	1
originator	1
dunkirk	1
opposing	1
assorted	1
ralph	1
inches	1
partaking	1
unmusical	1
methe	1
esteem	1
midst	1
meanest	1
heated	1
duergar	1
uttering	1
condemned	1
postponed	1
guarantee	1
maintains	1
godsake	1
stablei	1
scourges	1
shapes	1
pen	1
batter	1
wading	1
eyelashes	1
cloister	1
kindred	1
commissariat	1
eishies	1
symbol	1
didst	1
aloneand	1
annuity	1
threescore	1
dauntonly	1
checked	1
ensue	1
kingsor	1
dixons	1
pondering	1
daffing	1
abut	1
subterfuge	1
actual	1
penalty	1
gospel	1
auldest	1
discourse	1
cork	1
acceptance	1
moorpouts	1
encoding	1
accepting	1
lore	1
sued	1
infallibly	1
slatequarries	1
dexterity	1
doctrines	1
upont	1
recommending	1
avows	1
fraud	1
exclusively	1
recollections	1
hoarse	1
thushe	1
uninjured	1
august	1
organized	1
darksome	1
hairdo	1
enddrank	1
palehark	1
owing	1
kneeled	1
secretly	1
animosity	1
rockit	1
dot	1
cultivated	1
attired	1
prelates	1
clutches	1
niched	1
naming	1
trysting	1
sale	1
deviating	1
ejaculation	1
appointmentthe	1
stings	1
sorrowful	1
weight	1
taint	1
quickly	1
monday	1
sinful	1
extinguished	1
dependency	1
composition	1
alonei	1
untimely	1
halfowner	1
methat	1
skull	1
emerged	1
cripplesthey	1
inaccurate	1
ebriety	1
shoes	1
pleabut	1
imputed	1
liberate	1
onstead	1
briers	1
felon	1
angle	1
interchange	1
wicked	1
clap	1
spurleathers	1
leastfrequented	1
deathdamp	1
benighted	1
catrail	1
offers	1
oriental	1
flungcome	1
partaken	1
bubble	1
list	1
prudent	1
tar	1
habiliments	1
alang	1
garrisons	1
melts	1
october	1
brokengirthflow	1
faintingsince	1
napkin	1
intellect	1
irritate	1
insuring	1
threatening	1
toilsome	1
deserted	1
alas	1
trampling	1
commencing	1
usseize	1
gratification	1
straw	1
disorder	1
equipage	1
brave	1
wealthy	1
tending	1
abetting	1
suited	1
spectator	1
skeel	1
genial	1
owe	1
coif	1
memorable	1
resenting	1
tasted	1
herculean	1
sealskin	1
awaked	1
unsheathing	1
omitted	1
scare	1
patriotism	1
caresses	1
maliciously	1
fairfor	1
victories	1
groins	1
mast	1
inveterate	1
discomfiture	1
encroachment	1
losses	1
brawny	1
affords	1
caballing	1
peasants	1
profit	1
proceededthe	1
herbut	1
inducements	1
count	1
bigging	1
goblins	1
network	1
conglomerated	1
buckthe	1
dismal	1
tribe	1
remit	1
entail	1
sprinkled	1
conclave	1
overt	1
comments	1
deers	1
continuing	1
luckless	1
mournful	1
deeds	1
unsettle	1
unexpected	1
contrasting	1
depone	1
fiat	1
gaugingstick	1
brutal	1
reflections	1
businessah	1
paction	1
stobo	1
dianas	1
dislikes	1
dwelt	1
galleries	1
proprietary	1
caprice	1
playful	1
injure	1
summerwithered	1
robe	1
presided	1
occupation	1
pretending	1
aboutand	1
envy	1
frost	1
minions	1
previous	1
edifying	1
parishes	1
battle	1
vended	1
witnesses	1
apprehending	1
correct	1
lifting	1
clerk	1
deficiencies	1
truthlet	1
figurethe	1
train	1
din	1
craneberries	1
positive	1
mediationthrough	1
nono	1
pies	1
nothingno	1
accoutrements	1
chambers	1
towerwheres	1
gentler	1
onwe	1
briskrunning	1
managed	1
wiltdo	1
athletic	1
emotionand	1
sustainedwad	1
misdoubt	1
rig	1
exuberant	1
wipes	1
seeds	1
connect	1
quile	1
cautiously	1
driving	1
friendless	1
expresseth	1
sheepfarming	1
telfers	1
entertaining	1
lines	1
willieson	1
embowered	1
key	1
uncles	1
scorching	1
eleven	1
imitated	1
kinder	1
crawl	1
editor	1
premise	1
heughfootthey	1
pretences	1
week	1
disk	1
clergy	1
elevating	1
cliffs	1
intermingled	1
weapons	1
punchbowl	1
undue	1
adjusting	1
mareschalmark	1
brouzethe	1
lawless	1
slaythey	1
abstain	1
indolent	1
nonsense	1
sinewy	1
supplicationi	1
navel	1
presbyterians	1
financial	1
visiting	1
contracted	1
liddel	1
survived	1
unwatched	1
thundered	1
growth	1
refrain	1
fancied	1
snowed	1
displeased	1
exploit	1
ayear	1
ashkeys	1
vault	1
dupe	1
burialground	1
veiled	1
tamely	1
confront	1
benefit	1
downstairs	1
investigation	1
murderer	1
piled	1
school	1
rock	1
pronounce	1
gloves	1
prelatist	1
blockade	1
haughty	1
otherfrom	1
survive	1
harried	1
equip	1
necessities	1
subsistence	1
loup	1
meborder	1
inner	1
artificially	1
erecting	1
palfreys	1
obeyedthe	1
belong	1
sleeps	1
gravity	1
hunchback	1
blushing	1
blent	1
unnoticed	1
justifying	1
abrupt	1
uncovered	1
pipestaples	1
plaid	1
outhousesthats	1
dissevered	1
youit	1
offspring	1
sockets	1
ranking	1
urges	1
pacifying	1
tasked	1
assertion	1
hail	1
hark	1
dressing	1
gleaming	1
guaranteeso	1
skipper	1
winking	1
adventurers	1
star	1
basto	1
pursuing	1
somegate	1
merited	1
turns	1
forcing	1
sanctioned	1
expose	1
riven	1
alert	1
vindicated	1
ditty	1
flowed	1
today	1
enoughthere	1
instinct	1
lingering	1
noonday	1
persist	1
inflamed	1
adapt	1
dug	1
commissioners	1
petty	1
deception	1
unquestionably	1
doughtna	1
moodily	1
ridge	1
landlords	1
betwixit	1
outerdoor	1
comers	1
occupying	1
suggested	1
writhing	1
duneane	1
lead	1
lowdenswell	1
bullet	1
thereawayits	1
catched	1
splenetically	1
amiableof	1
pastorals	1
transformation	1
natives	1
reaching	1
attainment	1
wished	1
sluice	1
expend	1
dishonoured	1
extant	1
checks	1
population	1
eastindian	1
hidden	1
thinkingbut	1
starve	1
array	1
effectuallyif	1
buildings	1
manufacture	1
lambsides	1
instancereproach	1
xvi	1
spade	1
degradation	1
compassionate	1
syneodd	1
kicked	1
element	1
soundly	1
penning	1
rubbish	1
announce	1
colts	1
folkwe	1
enjoying	1
pressesour	1
placing	1
viands	1
contradicting	1
rival	1
contented	1
ordinarhout	1
ornament	1
cures	1
twothirds	1
firmnessfather	1
dash	1
forsake	1
landscape	1
lauded	1
lawpleas	1
selfdelusion	1
movement	1
snare	1
nineteen	1
thisthat	1
contemplating	1
shoe	1
sections	1
disclosing	1
portrait	1
massy	1
albeit	1
frivolous	1
reciting	1
mountainstream	1
courtiers	1
guardianship	1
sentinel	1
imparting	1
grips	1
retreating	1
fought	1
sportsmans	1
slunk	1
duke	1
labourer	1
complaisance	1
errors	1
asserted	1
perpetrate	1
refrained	1
commit	1
stainedhe	1
youfrom	1
preakintower	1
edinburghdinna	1
ushered	1
couplet	1
byres	1
streamers	1
piety	1
fitted	1
brutality	1
papists	1
thinkan	1
vereyour	1
groundbut	1
administrator	1
liker	1
gratuities	1
fowls	1
loupingills	1
bloom	1
ale	1
weakness	1
cares	1
compressed	1
haena	1
thisits	1
peril	1
device	1
sums	1
rashness	1
capacity	1
fief	1
tenant	1
sustainedby	1
mountainashes	1
notmy	1
nowadays	1
seizing	1
joking	1
barbs	1
lintel	1
blunt	1
wilsons	1
redemption	1
explained	1
fedi	1
flimsy	1
sharps	1
offend	1
reedsuch	1
crazed	1
thatch	1
metheres	1
meleave	1
fearfu	1
partridges	1
baspiel	1
battery	1
thrilled	1
buccleuch	1
gangif	1
distaff	1
circle	1
executive	1
tarbarrel	1
confuted	1
parapet	1
tinning	1
mare	1
defacing	1
pages	1
misdoingsdicks	1
absurdly	1
tarrasflow	1
embodying	1
hated	1
pardonthe	1
superstitions	1
truby	1
catchwordthat	1
ladyes	1
clash	1
hoofmarks	1
sect	1
attractive	1
thunder	1
handsomely	1
refusing	1
keepit	1
selfishness	1
tincture	1
bargaini	1
sharpened	1
pstell	1
unchristian	1
cadger	1
ruffianthat	1
punitive	1
rendering	1
include	1
stot	1
rests	1
brightly	1
remarks	1
inconvenient	1
supplemental	1
tablets	1
evident	1
coquettes	1
thriven	1
crissop	1
stirrup	1
dowe	1
curlew	1
edge	1
caused	1
inferred	1
decorated	1
godolphin	1
howls	1
snatch	1
hue	1
clients	1
chilling	1
solicitation	1
corpand	1
external	1
poultry	1
dweller	1
pattern	1
bodle	1
trusses	1
imaginary	1
woful	1
cockfighter	1
presses	1
hawking	1
unseemly	1
blushes	1
satans	1
illdeviser	1
raes	1
sensation	1
perplexity	1
quarterday	1
refreshments	1
morass	1
callant	1
moan	1
howsoever	1
grasps	1
finlike	1
enhancement	1
blindness	1
gearhad	1
discording	1
gratetry	1
maimed	1
freshen	1
trash	1
timeits	1
belowill	1
spin	1
judicious	1
coin	1
matrimonial	1
biggin	1
poetry	1
nowthere	1
lashed	1
bidding	1
mattock	1
codes	1
newsletter	1
almsbag	1
rushing	1
witchs	1
echoed	1
resolutions	1
misinterpret	1
wanting	1
repugnance	1
atone	1
partisan	1
happymy	1
ponderous	1
haswell	1
anybody	1
scoured	1
achievements	1
decided	1
blush	1
smoky	1
reminding	1
foolish	1
pistolshot	1
satisfactorily	1
stair	1
concert	1
communicate	1
successful	1
laying	1
trout	1
hardness	1
bang	1
piracies	1
indulgent	1
class	1
asks	1
reconciling	1
sisterswhere	1
consolatory	1
blackfacesthey	1
masterpiece	1
sedulous	1
technically	1
whae	1
causeless	1
whittram	1
unguarded	1
blessing	1
hardhearted	1
bitterly	1
commercial	1
intrigue	1
peculiarly	1
nowi	1
nerve	1
fourfooted	1
befall	1
bitye	1
worldly	1
moral	1
scutcheons	1
sheath	1
paperwork	1
misanthropic	1
slender	1
evade	1
selfsufficing	1
composedly	1
disinterested	1
february	1
showing	1
illwill	1
monsters	1
historyas	1
menaced	1
vi	1
winterall	1
mildest	1
abusing	1
fireplace	1
oblong	1
bestowing	1
thanksi	1
investigations	1
shutters	1
doubly	1
scythed	1
natheless	1
matchwealthrankimportance	1
disappointed	1
ruthwin	1
goals	1
hers	1
mistaena	1
rolling	1
numerously	1
overcharge	1
improbable	1
unsuccessful	1
panel	1
sources	1
schemesmy	1
misanthropical	1
straining	1
scaling	1
yawned	1
jenny	1
cautious	1
fearlessly	1
facility	1
bubbling	1
fickleness	1
turnpike	1
throughout	1
galled	1
tis	1
tendency	1
graemesgap	1
acquaintance	1
facto	1
binna	1
malecontents	1
flanders	1
himmercy	1
dearer	1
amendment	1
illomened	1
bridalbut	1
draws	1
recommends	1
countryman	1
bullheaded	1
confederates	1
saul	1
snapped	1
presentiment	1
habitually	1
ladders	1
scruple	1
respite	1
mountainous	1
tremulous	1
onis	1
civilized	1
wretchedness	1
arts	1
covers	1
unbiassed	1
kirktreasurer	1
empiric	1
salt	1
skaithless	1
interestedyou	1
spited	1
harden	1
lodgingit	1
signalizing	1
deliverer	1
wreck	1
kittleloof	1
skirmish	1
swollen	1
imputation	1
queried	1
ply	1
roodday	1
singularity	1
visus	1
beheld	1
bone	1
lengths	1
pick	1
intrusting	1
details	1
indemnity	1
mounting	1
plundereddied	1
worsted	1
orphans	1
premises	1
inside	1
plaids	1
lecture	1
trueshort	1
operated	1
tryst	1
gaeing	1
staircase	1
strove	1
legacy	1
tenderness	1
disapprove	1
evenings	1
anchoret	1
binary	1
stratagemit	1
middleaged	1
claret	1
noon	1
exhaustedi	1
mausoleum	1
probability	1
supporting	1
stalls	1
peevish	1
merk	1
counterfeiting	1
hailed	1
answerand	1
philanthropical	1
sayingmayna	1
violates	1
prophesy	1
dispense	1
intractable	1
bloodshed	1
descending	1
emulating	1
distributor	1
misplaced	1
gowks	1
faint	1
finest	1
renamed	1
overlooked	1
despoil	1
shrugged	1
unlikely	1
unremitting	1
bewitching	1
whisky	1
virus	1
wringing	1
worm	1
stanes	1
principle	1
halfblown	1
theywhere	1
reared	1
capriciously	1
colloquies	1
inflammatory	1
doubtfu	1
involved	1
wrangling	1
tane	1
fauldscome	1
rashly	1
battlements	1
reinstated	1
thinner	1
hot	1
avaricious	1
valuable	1
nicety	1
consistent	1
blows	1
tauld	1
treacherous	1
gothic	1
youngerand	1
virulently	1
speedilie	1
notnot	1
monstrous	1
sumptuous	1
nowhere	1
punctilio	1
indemnify	1
dickon	1
differently	1
abbreviation	1
preventing	1
distaffs	1
snow	1
catching	1
port	1
discourage	1
brough	1
anchorite	1
reentered	1
thraw	1
harst	1
drugs	1
iv	1
leap	1
unwounded	1
statute	1
ingratitude	1
crept	1
barefaced	1
continuedsuch	1
fatherit	1
equipoise	1
worlds	1
simplicity	1
overcoming	1
obstacles	1
stole	1
miserableas	1
incorrigible	1
sowing	1
horsemans	1
notalas	1
exacting	1
intemperate	1
momentarily	1
consists	1
eternal	1
additions	1
charms	1
depend	1
nicker	1
squires	1
bogies	1
ganging	1
sma	1
tut	1
hearne	1
snake	1
tinkler	1
street	1
corresponds	1
seethe	1
illfaurd	1
overridden	1
serene	1
ranks	1
atonement	1
marrying	1
crisis	1
redundant	1
quality	1
otherslavishing	1
owerby	1
adoptto	1
slanders	1
whirling	1
adventures	1
spiral	1
devious	1
stoicism	1
needless	1
keeper	1
carnage	1
tore	1
capitals	1
leastwe	1
unfounded	1
pillars	1
dusky	1
deficient	1
truncated	1
diminish	1
smiths	1
cringlehope	1
necklace	1
intelligence	1
fellows	1
seclusion	1
happens	1
lone	1
elevenif	1
dwarfthat	1
unfavourable	1
sprightly	1
poweruse	1
consign	1
blackness	1
kindling	1
lifeon	1
hinti	1
prosperity	1
brands	1
maidenly	1
barrenness	1
comrade	1
kill	1
existencehear	1
withdrawing	1
pressing	1
trepanned	1
horsington	1
ailie	1
wool	1
timeare	1
incurred	1
revolution	1
shrieks	1
marvels	1
trustedi	1
layers	1
sairer	1
crawing	1
sandycoloured	1
sleeping	1
girdle	1
impressed	1
torches	1
regulated	1
reassure	1
compiled	1
bedamars	1
melies	1
yeand	1
reject	1
overhangs	1
scoff	1
feather	1
qua	1
debt	1
viewing	1
rejoicefor	1
readiness	1
forfeiture	1
decrepitude	1
cantered	1
acrimony	1
nuptialmuch	1
pressesi	1
noi	1
cub	1
joyous	1
triumphant	1
devoured	1
duration	1
humming	1
rentsmy	1
witnessing	1
horsesheet	1
protract	1
revulsion	1
misanthropyno	1
whingeri	1
manufacturing	1
forwardgang	1
jestno	1
famine	1
certificate	1
intruded	1
vizard	1
traces	1
highroads	1
enclosures	1
irrevocable	1
privately	1
compotations	1
court	1
winning	1
mansionhouse	1
agitator	1
fourththey	1
distinctive	1
proveth	1
covering	1
assassination	1
suffix	1
betray	1
damps	1
xii	1
immured	1
possessions	1
lichen	1
brawly	1
sportive	1
glimmer	1
flint	1
stipulated	1
clock	1
vows	1
suspects	1
existed	1
violenceno	1
boil	1
downloading	1
tarts	1
attack	1
specific	1
tasker	1
porcelain	1
ruinedruined	1
noble	1
publicly	1
island	1
enlarged	1
whyhearken	1
banks	1
disgusted	1
johns	1
attain	1
loneliest	1
posterndoor	1
theromance	1
gauntlet	1
mistresses	1
flowers	1
thrawn	1
contributed	1
irongrate	1
ministerour	1
henceeither	1
cordial	1
thistledown	1
looks	1
begins	1
stretching	1
womanbeaumont	1
castledoctor	1
toys	1
overfed	1
poet	1
expiring	1
exactly	1
grizzled	1
bones	1
relativesisabel	1
glowed	1
adjusted	1
taught	1
mothermy	1
unite	1
embroil	1
zoilus	1
cockpool	1
aiding	1
kindle	1
questionwoman	1
thinkna	1
endowed	1
venice	1
clown	1
sed	1
bitwhere	1
leddy	1
surcingle	1
empire	1
stanehouses	1
invites	1
lamented	1
castlewhat	1
trode	1
wrote	1
punished	1
damped	1
englishman	1
mill	1
exerted	1
mocked	1
uninterested	1
habitual	1
dispel	1
customs	1
steward	1
reckon	1
bark	1
exhausting	1
wits	1
periodical	1
revert	1
creditable	1
disclaimers	1
sabbaths	1
replies	1
smaller	1
precarious	1
henceforth	1
jaffier	1
usall	1
selfopinion	1
bargaining	1
irreconcilably	1
fou	1
ceremonious	1
sky	1
swept	1
corn	1
butterflies	1
excessive	1
lo	1
diseased	1
mains	1
lighter	1
vulture	1
compiler	1
seard	1
seniors	1
papers	1
trashd	1
enjoys	1
endless	1
acquent	1
flyte	1
prodigality	1
chasewho	1
countenances	1
approbation	1
countrykeeper	1
suitbut	1
rebellious	1
seclusionhis	1
lonely	1
drunk	1
remembering	1
carle	1
gin	1
engagement	1
continues	1
tumultuous	1
local	1
creishing	1
likewise	1
complete	1
cowardly	1
dung	1
wantonly	1
laboured	1
liberal	1
forrit	1
cherish	1
poesy	1
barony	1
invalidity	1
abhor	1
meno	1
encumbered	1
preserver	1
impudence	1
scour	1
taxes	1
balls	1
kail	1
bonnily	1
avocations	1
palliate	1
surrender	1
bothwellbrigg	1
frustrated	1
zip	1
philosophers	1
rewarded	1
station	1
rowantrees	1
aroundmiss	1
incivility	1
charging	1
flowing	1
kitchenfire	1
timidity	1
cheat	1
suns	1
whomsoever	1
winton	1
devotions	1
wellchosen	1
