the	4477
of	3358
and	1675
to	1377
in	1361
a	1270
with	666
his	661
that	637
as	622
was	569
it	488
had	482
for	440
he	431
which	409
or	367
at	355
by	350
from	329
all	323
on	300
but	288
him	282
be	280
one	259
its	254
this	251
her	227
so	226
not	206
marius	200
their	194
is	191
an	191
were	167
there	165
have	163
they	156
who	152
upon	152
into	142
like	139
old	138
she	137
those	136
what	133
life	128
now	122
might	120
them	118
been	117
great	114
more	113
some	112
things	107
even	106
then	106
no	105
himself	102
you	101
world	100
after	98
would	98
through	98
still	98
time	98
other	97
i	96
if	96
when	94
very	93
seemed	91
thou	91
than	90
are	90
many	88
little	87
project	87
itself	86
work	85
such	82
own	81
most	80
thee	78
way	77
any	77
though	77
thy	76
first	75
much	75
yet	73
certain	71
may	70
long	70
again	70
over	70
among	68
under	68
could	68
place	67
people	66
only	65
out	65
about	65
we	64
made	63
thought	62
day	61
indeed	61
my	61
must	60
part	58
full	58
will	58
something	58
came	57
how	57
also	57
gutenbergtm	56
really	55
before	55
almost	55
aurelius	55
age	54
come	53
sense	53
ever	51
psyche	51
these	51
our	51
rome	51
while	50
least	49
nature	49
last	49
new	49
being	48
certainly	47
light	46
just	46
religious	46
down	46
whole	46
flavian	45
every	44
men	44
do	44
amid	43
real	43
religion	43
make	42
young	42
themselves	42
where	42
soul	42
days	42
up	42
me	41
greek	41
here	41
venus	40
said	40
actual	40
early	40
perhaps	40
divine	39
thus	39
art	39
another	39
hand	38
kind	38
too	38
man	38
roman	38
well	37
gods	37
works	37
power	37
has	36
without	36
form	36
always	36
others	36
love	36
matter	36
forth	35
human	35
literary	35
two	34
whose	34
words	34
away	34
already	34
far	34
found	34
passed	34
took	34
whom	34
night	34
house	34
air	33
experience	33
set	33
sort	33
present	33
us	33
feeling	32
expression	32
years	32
home	32
youth	32
beauty	32
side	31
peculiar	31
together	31
true	31
between	31
philosophy	31
mere	31
should	31
within	30
public	30
dead	30
white	30
thing	30
emperor	30
seem	30
sacred	29
various	29
lay	29
hands	29
ideal	29
electronic	29
less	29
terms	29
gutenberg	29
saw	28
beyond	28
god	28
against	28
body	28
death	28
use	28
intellectual	28
mind	28
can	28
golden	28
rest	27
never	27
face	27
sleep	27
once	27
towards	27
shall	27
service	27
ones	26
children	26
felt	26
manner	26
morning	26
somewhat	26
put	26
back	26
mens	26
left	26
your	26
become	25
moment	25
memory	25
character	25
point	25
below	25
mother	25
often	24
natural	24
seen	24
concerning	24
head	24
gold	24
truth	24
flowers	24
fresh	24
see	24
coming	24
end	23
heart	23
ancient	23
foundation	23
water	23
beside	23
e	23
actually	23
living	23
goddess	23
each	22
however	22
did	22
along	22
went	22
take	22
around	22
eyes	22
care	22
personal	22
image	21
notes	21
enough	21
effect	21
afterwards	21
company	21
spirit	21
book	21
imperial	21
name	21
temple	21
above	21
places	21
poetic	21
child	20
sea	20
delicate	20
lucius	20
thoughts	20
making	20
later	20
city	20
sight	20
thine	20
means	20
beautiful	20
open	19
times	19
figure	19
agreement	19
know	19
herself	19
few	19
wholly	19
nor	19
cornelius	19
procession	19
brought	19
order	19
find	18
master	18
doctrine	18
because	18
alike	18
modern	18
return	18
family	18
clear	18
heard	18
today	18
eye	18
became	18
past	18
done	18
visible	18
animals	18
practical	18
think	18
country	18
effort	18
person	18
alone	18
sometimes	17
nothing	17
strange	17
school	17
taken	17
hath	17
objects	17
walls	17
rather	17
course	17
according	17
verus	17
touch	17
mystic	17
taste	17
look	17
business	17
presence	17
bodily	17
perfect	17
view	17
evening	17
since	16
including	16
looked	16
license	16
due	16
called	16
behind	16
persons	16
physical	16
genius	16
town	16
turned	16
charm	16
general	16
happened	16
possible	16
father	16
hard	16
sentiment	16
having	16
curiosity	16
husband	15
especially	15
interest	15
reason	15
passing	15
theory	15
dark	15
high	15
wonderful	15
returned	15
donations	15
story	15
help	15
fire	15
earlier	15
function	15
chapter	15
rich	15
measure	15
purpose	15
states	15
say	15
forms	15
moral	15
till	15
pass	15
future	15
turn	15
hold	14
hast	14
known	14
fair	14
hope	14
sacrifice	14
apprehension	14
pagan	14
voice	14
latin	14
vision	14
fine	14
material	14
journey	14
evil	14
women	14
archive	14
desire	14
knowledge	14
road	14
best	14
wild	14
bridegroom	14
pleasant	14
inward	14
change	14
outward	13
genuine	13
main	13
streets	13
entire	13
united	13
told	13
strong	13
scene	13
health	13
further	13
sat	13
copy	13
does	13
sudden	13
son	13
eager	13
feel	13
gifts	13
ways	13
fear	13
right	13
principle	13
taking	13
marriage	13
heat	13
lie	13
near	13
poetry	13
stood	13
same	13
followed	13
sound	13
literature	13
both	13
conduct	13
copyright	13
wilt	13
reality	13
influence	13
dreams	13
famous	13
delightful	13
ready	13
gave	12
quite	12
earth	12
images	12
free	12
river	12
quiet	12
wise	12
abstract	12
serious	12
steep	12
quickly	12
regarding	12
paragraph	12
phrase	12
lad	12
speech	12
instance	12
souls	12
conscience	12
understood	12
motion	12
ages	12
curious	12
grace	12
given	12
cried	12
stream	12
brilliant	12
elements	12
reached	12
angry	12
transliteration	12
impression	12
perpetual	12
foot	12
longer	12
heaven	12
half	12
associated	12
points	12
spectacle	12
chief	12
crowd	12
younger	12
let	12
effective	12
reception	12
hardly	12
letters	12
contrast	12
mans	12
fashion	12
give	12
element	12
impressions	12
villa	12
freshness	12
jupiter	11
philosophic	11
favourite	11
f	11
original	11
soon	11
vast	11
wine	11
following	11
ye	11
state	11
constant	11
word	11
instruments	11
read	11
better	11
music	11
trees	11
live	11
fortune	11
epicurean	11
born	11
devout	11
pleasure	11
common	11
delight	11
late	11
grown	11
claim	11
precious	11
simple	11
cupid	11
affection	11
aware	11
happy	11
during	11
existence	11
sisters	11
moved	11
throughout	11
lamp	11
partly	11
temper	11
dream	11
trademark	10
either	10
off	10
accomplished	10
faustina	10
leaves	10
distant	10
matters	10
secret	10
steps	10
writing	10
dust	10
changed	10
humanity	10
good	10
ebook	10
complete	10
call	10
window	10
mouth	10
received	10
euphuism	10
drawn	10
flight	10
scrupulous	10
lo	10
pure	10
suddenly	10
silver	10
popular	10
provided	10
noted	10
poet	10
presented	10
chamber	10
strength	10
devotion	10
apollo	10
usual	10
hadrian	10
student	10
apuleius	10
close	10
beginning	10
spring	10
language	10
sunshine	10
homer	10
go	10
individual	10
understand	10
ass	10
summer	10
exercise	10
comes	10
heavy	10
fell	10
translation	10
meantime	10
access	10
merely	10
authority	10
intelligence	10
single	10
priests	10
waiting	10
charge	10
case	10
darkness	10
habit	10
marcus	10
emperors	10
nay	10
refund	10
proper	10
aspect	10
large	10
marble	10
determined	10
room	10
particular	10
hills	10
carried	9
voices	9
fronto	9
breath	9
laws	9
spread	9
mistress	9
gone	9
touched	9
pray	9
winter	9
multitude	9
fruit	9
lying	9
antoninus	9
written	9
carefully	9
entered	9
culture	9
creatures	9
needs	9
difference	9
immediately	9
loved	9
sorrow	9
line	9
volume	9
conditions	9
looking	9
keep	9
cost	9
gray	9
hence	9
across	9
low	9
circumstance	9
anything	9
aesculapius	9
mental	9
freely	9
dwellingplace	9
knew	9
burden	9
shadow	9
select	9
pisa	9
grave	9
reading	9
direct	9
fame	9
began	9
fixed	9
bird	9
cold	9
plague	9
pity	9
shadows	9
finally	9
generation	9
race	9
sickness	9
information	9
occasion	9
conceived	9
else	9
metaphysical	9
depart	9
system	9
brothers	9
appointed	9
condition	9
lights	9
agree	9
details	9
blue	9
education	9
dainty	9
brief	9
soft	9
childhood	9
garden	9
recognition	9
limited	9
truly	9
surely	9
elder	9
number	9
mountain	8
daily	8
next	8
different	8
exquisite	8
motive	8
medium	8
walked	8
singular	8
departed	8
circumstances	8
enter	8
length	8
neither	8
type	8
sky	8
maiden	8
added	8
boy	8
web	8
object	8
purple	8
picturesque	8
yellow	8
war	8
outside	8
seeing	8
discourse	8
copies	8
domain	8
friendship	8
sensation	8
daughter	8
standing	8
ah	8
wisdom	8
vague	8
get	8
reserve	8
incidents	8
die	8
brown	8
speak	8
returning	8
quaint	8
curiously	8
step	8
kept	8
spirits	8
countenance	8
am	8
doors	8
laid	8
houses	8
fall	8
fee	8
intervals	8
birds	8
three	8
bearing	8
broad	8
fact	8
used	8
note	8
boys	8
goodly	8
seed	8
contact	8
simplicity	8
subject	8
straightway	8
law	8
chest	8
ourselves	8
suffering	8
value	8
ears	8
tiny	8
fallen	8
graceful	8
judgment	8
lest	8
wife	8
thyself	8
narrow	8
hours	8
learned	8
rose	8
gratitude	8
labour	8
outline	8
metal	8
o	8
capacity	8
incident	8
remained	8
opportunity	8
disease	8
sun	8
singularly	8
centre	8
deep	8
sure	8
force	8
bosom	8
led	8
worship	8
minds	8
consciousness	8
lies	7
mothers	7
act	7
imaginative	7
doorway	7
ebooks	7
none	7
gentle	7
term	7
deity	7
borne	7
clearly	7
rising	7
closely	7
et	7
utmost	7
mass	7
carved	7
wherein	7
wouldst	7
faith	7
pater	7
dignity	7
permission	7
devoted	7
falling	7
unseen	7
whatever	7
glad	7
shrine	7
wrought	7
household	7
singing	7
grew	7
conceive	7
play	7
carry	7
manly	7
appeared	7
mysterious	7
hung	7
stoic	7
blood	7
peace	7
woman	7
hymn	7
terrible	7
land	7
greece	7
distributing	7
visionary	7
season	7
animal	7
offered	7
tears	7
absence	7
drew	7
money	7
demand	7
masters	7
perfection	7
dying	7
spite	7
fields	7
thinking	7
observation	7
fashionable	7
immediate	7
genial	7
sunlight	7
paid	7
conversation	7
formed	7
feet	7
wept	7
fantastic	7
relieved	7
veil	7
urn	7
parts	7
dim	7
hear	7
highest	7
anger	7
section	7
oftenest	7
small	7
qualities	7
receive	7
turning	7
flesh	7
therewith	7
busy	7
red	7
distress	7
sweet	7
clearness	7
aim	7
mortal	7
incense	7
firm	7
magic	7
possessed	7
seek	7
roses	7
placed	7
precise	7
surface	7
second	7
chapel	7
painful	7
wings	7
concrete	7
provide	7
nights	7
instinct	7
forum	7
therein	7
colour	7
detail	7
filled	7
speaking	7
friends	7
capacities	7
hour	7
developed	7
tax	7
visitor	7
picture	7
grove	7
defined	7
honour	7
becoming	7
watched	7
pride	7
richly	7
servants	7
lost	7
special	7
watch	7
divinity	7
valued	6
struck	6
hidden	6
bear	6
follow	6
current	6
abode	6
mingled	6
consideration	6
hair	6
exact	6
relief	6
lives	6
definite	6
proserpine	6
birth	6
consider	6
ran	6
birthday	6
loveliness	6
question	6
carrying	6
mean	6
rock	6
behold	6
displaying	6
delighted	6
save	6
example	6
burning	6
writer	6
sentence	6
severe	6
centuries	6
volunteers	6
ceremonies	6
shoulders	6
lived	6
consequence	6
lads	6
bride	6
boyish	6
cause	6
hither	6
satisfied	6
cyrenaic	6
palace	6
lighted	6
prose	6
array	6
joy	6
amusement	6
soldiers	6
de	6
degree	6
sensible	6
numa	6
gracious	6
edition	6
keeping	6
powers	6
opening	6
celebrated	6
height	6
connected	6
listen	6
sentimental	6
distribution	6
sees	6
going	6
instances	6
choice	6
flame	6
shade	6
forward	6
walter	6
foreign	6
peoples	6
cruel	6
cannot	6
unless	6
heads	6
seems	6
vivid	6
approach	6
empress	6
spoke	6
capital	6
valley	6
altars	6
imagination	6
escape	6
bare	6
servant	6
bold	6
characteristic	6
bright	6
changes	6
creature	6
bed	6
serpents	6
awoke	6
estimate	6
distributed	6
sister	6
childish	6
weeping	6
caught	6
hill	6
gaze	6
travellers	6
presently	6
shadowy	6
shore	6
cast	6
stage	6
absolutely	6
count	6
earliest	6
providing	6
brother	6
speculation	6
short	6
central	6
reflection	6
distribute	6
makes	6
ashes	6
deliver	6
footsteps	6
likeness	6
gift	6
anywhere	6
therefore	6
gazed	6
heraclitus	6
funeral	6
site	6
warm	6
ivory	6
structure	6
military	6
believed	6
space	6
comply	6
tell	6
intimacy	6
source	6
success	6
activity	6
ruin	6
older	6
support	6
besides	6
direction	6
writers	6
noise	6
imagery	6
italian	6
feast	6
worlds	6
study	6
precept	6
moments	6
regret	6
fled	6
lips	6
habitual	6
answered	6
climbed	6
spent	6
date	6
cry	6
easily	6
holiday	6
broke	6
mode	6
street	6
distance	6
chosen	6
posted	6
collection	6
knows	6
possession	6
animation	5
rule	5
waves	5
excitement	5
knife	5
development	5
winged	5
precepts	5
science	5
reach	5
weary	5
creating	5
manhood	5
altogether	5
break	5
ritual	5
toga	5
trait	5
visit	5
delivered	5
conscious	5
worshippers	5
pleasures	5
opposition	5
cultivated	5
sides	5
chiefly	5
food	5
survive	5
seeking	5
hearth	5
romantic	5
silence	5
command	5
exclusive	5
year	5
honours	5
aesthetic	5
series	5
heap	5
melancholy	5
refreshment	5
english	5
utterance	5
preliminary	5
level	5
tradition	5
juno	5
succeeded	5
acquaintance	5
wound	5
lines	5
replacement	5
trace	5
tendency	5
sustained	5
ambition	5
native	5
style	5
editions	5
enthusiastic	5
oil	5
corruption	5
prayers	5
false	5
aged	5
veneration	5
yield	5
pensive	5
scarcely	5
poor	5
gay	5
hypothesis	5
piece	5
slave	5
appear	5
status	5
romans	5
bidding	5
usage	5
relieve	5
saying	5
highly	5
doth	5
owner	5
bent	5
spot	5
temperance	5
seeming	5
broken	5
using	5
please	5
pleasantly	5
cultivation	5
paradox	5
top	5
vi	5
possibility	5
preoccupation	5
hearts	5
distinction	5
gilded	5
instrument	5
limitation	5
perform	5
allowed	5
richer	5
need	5
office	5
belief	5
rocks	5
hide	5
show	5
gazing	5
rapidly	5
vein	5
wide	5
continual	5
amavit	5
safety	5
tomorrow	5
manuscript	5
vividly	5
mainly	5
attention	5
desirable	5
stoics	5
gathered	5
army	5
universal	5
pieces	5
d	5
important	5
fleeting	5
harmony	5
dress	5
song	5
hall	5
finer	5
generally	5
haste	5
pontifical	5
reaction	5
wax	5
church	5
attached	5
unknown	5
belonged	5
yonder	5
failed	5
solitude	5
youthful	5
idealism	5
applicable	5
intercourse	5
threshold	5
humours	5
mercury	5
remote	5
stones	5
liberty	5
friendly	5
loves	5
group	5
couch	5
diana	5
destruction	5
relationship	5
flower	5
ceremony	5
altar	5
exceeding	5
excellent	5
otherwise	5
played	5
former	5
italy	5
mountains	5
cyrene	5
accidents	5
yes	5
lingered	5
compliance	5
usages	5
palatine	5
c	5
seriousness	5
noting	5
bring	5
augustus	5
black	5
names	5
kindly	5
greatly	5
sit	5
cunning	5
zephyrus	5
french	5
terror	5
weakness	5
shows	5
friend	5
moving	5
rough	5
held	5
sweetness	5
king	5
wind	5
round	5
awake	5
negative	5
forgotten	5
rival	5
elegant	5
easy	5
maid	5
duly	5
sincere	5
destroy	5
grain	5
sensuous	5
events	5
peril	5
shone	5
determination	5
instinctive	5
amphitheatre	5
self	5
everything	5
attained	5
anyone	5
artificial	5
dry	5
rites	5
task	5
surprised	5
private	5
etext	5
train	5
marked	5
realised	5
whitenights	5
understanding	5
sober	5
green	5
ago	5
drop	5
horace	5
passage	5
official	5
longing	5
quarters	5
affections	5
revival	5
rare	5
exclusively	5
whatsoever	5
middle	5
meaning	5
fancy	5
witness	5
attractive	5
serve	5
perfectly	5
stars	5
pain	5
eagerness	5
senate	5
myself	5
humour	5
ship	5
companion	5
lively	5
lifted	5
suspicion	5
thither	5
ground	5
holy	5
served	5
aspects	5
fascination	5
bore	5
nearer	5
movement	5
occupied	5
positive	5
favour	5
travelling	5
superstition	4
precisely	4
confirmed	4
secrets	4
bodies	4
corn	4
disguises	4
reminded	4
vestments	4
toys	4
casket	4
noticed	4
doubt	4
neglect	4
express	4
starting	4
aside	4
apt	4
everyday	4
relieving	4
particle	4
allow	4
softly	4
essentially	4
hot	4
thunder	4
standard	4
entertain	4
maintain	4
suggested	4
concern	4
correctness	4
hundreds	4
luna	4
society	4
gems	4
christian	4
essence	4
sons	4
nevertheless	4
reluctance	4
profit	4
letter	4
slipped	4
thrown	4
arrived	4
placid	4
vocation	4
described	4
noble	4
forming	4
weight	4
sanity	4
originally	4
phase	4
derived	4
requirements	4
circle	4
committed	4
midst	4
final	4
impossible	4
musical	4
heroic	4
votive	4
powerful	4
double	4
continuous	4
process	4
agony	4
ministry	4
months	4
freedom	4
says	4
useless	4
oldfashioned	4
imageries	4
shalt	4
ideas	4
enthusiasm	4
priest	4
vulgar	4
verses	4
amet	4
version	4
represent	4
east	4
folds	4
fancied	4
spectator	4
waters	4
daintily	4
species	4
move	4
abundantly	4
search	4
lesson	4
damages	4
wretched	4
except	4
minute	4
artist	4
untouched	4
sorrowful	4
spaces	4
lands	4
triumph	4
comparison	4
prayer	4
husbands	4
youths	4
pretty	4
approached	4
medical	4
beheld	4
trim	4
additional	4
peeping	4
wistful	4
painted	4
religions	4
detach	4
continue	4
witches	4
interested	4
paters	4
rhetoricians	4
faces	4
horatio	4
necessarily	4
guard	4
daydream	4
indifferent	4
throne	4
stillness	4
piety	4
forcible	4
flock	4
slaves	4
hastily	4
supper	4
chance	4
regards	4
mission	4
leave	4
alive	4
discover	4
solemn	4
conviction	4
thereafter	4
somehow	4
adorned	4
treasure	4
meant	4
surrounded	4
doubtless	4
languid	4
pause	4
weather	4
thousand	4
copying	4
novel	4
holder	4
sought	4
fees	4
necessity	4
classical	4
jealous	4
godhead	4
varieties	4
sanctuary	4
nowhere	4
sumptuous	4
pleasurable	4
discretion	4
mounted	4
sceptical	4
contrived	4
practice	4
lord	4
shown	4
inspired	4
greater	4
caesars	4
quality	4
fellows	4
reflected	4
infinite	4
healthy	4
preparations	4
bread	4
heaps	4
trouble	4
account	4
happiness	4
stirring	4
confidence	4
princes	4
wildness	4
located	4
start	4
ten	4
leading	4
sacrificial	4
absolute	4
orderly	4
setting	4
considered	4
readily	4
homely	4
celestial	4
regular	4
dear	4
immemorial	4
substance	4
mouldering	4
morality	4
nearest	4
built	4
online	4
ceremonial	4
cheerful	4
priesthood	4
foundations	4
wandering	4
perceived	4
antique	4
displayed	4
occasions	4
curtain	4
production	4
faint	4
delicately	4
chorus	4
mood	4
boundless	4
accept	4
sombre	4
range	4
spoken	4
harbour	4
seest	4
burst	4
economy	4
cared	4
gardens	4
difficulty	4
impressive	4
refrain	4
remembered	4
unworthy	4
cries	4
proceeding	4
restless	4
mine	4
history	4
stuff	4
increased	4
recovered	4
considerable	4
ended	4
descended	4
coarse	4
display	4
wing	4
responsibility	4
definition	4
format	4
presents	4
prepared	4
atmosphere	4
brain	4
leaping	4
leaving	4
stand	4
audience	4
beneath	4
losing	4
generations	4
century	4
empire	4
murmuring	4
complex	4
decline	4
library	4
bewildering	4
tomb	4
familiar	4
happier	4
issue	4
contemplation	4
plato	4
jealously	4
yielding	4
mythology	4
bow	4
layer	4
weighty	4
farm	4
emotion	4
unlike	4
drift	4
regard	4
lucilla	4
renewed	4
bringing	4
ambitious	4
ministers	4
detached	4
sailors	4
beloved	4
reader	4
pathetic	4
fifty	4
sweetly	4
widow	4
dreaming	4
wolves	4
preserved	4
email	4
careful	4
ask	4
fragment	4
largely	4
needed	4
fierce	4
require	4
traits	4
colours	4
enemies	4
shut	4
serpent	4
peaceful	4
cras	4
throwing	4
consecrated	4
tricks	4
ear	4
lover	4
danger	4
apparatus	4
victims	4
demanded	4
spiritual	4
garlands	4
sincerely	4
primitive	4
afraid	4
regarded	4
unction	4
kai	4
traditional	4
equivalent	4
pestilence	4
likely	4
colleague	4
obtain	4
eagerly	4
clad	4
modes	4
conservative	4
borrowed	4
enjoyment	4
bade	4
ornaments	4
crowded	4
pius	4
result	4
downwards	4
impressed	4
forgetfulness	4
welcome	4
vanity	4
receiving	4
deeply	4
distinct	4
sympathy	4
sent	4
deed	4
sanction	4
putting	4
efforts	4
awakened	4
principles	4
philosopher	4
door	4
specimens	3
epicureanism	3
laborious	3
purity	3
parted	3
appropriate	3
influences	3
apart	3
writes	3
defects	3
enemy	3
plain	3
comely	3
poets	3
b	3
cleanly	3
acted	3
previous	3
beware	3
descending	3
rustic	3
dealing	3
summons	3
phenomena	3
fortunes	3
columns	3
primary	3
restored	3
fain	3
expert	3
demands	3
fathers	3
extant	3
represented	3
beard	3
lid	3
assured	3
intimately	3
fever	3
guidance	3
polished	3
wounded	3
purely	3
tact	3
innate	3
curtains	3
assistants	3
difficult	3
kiss	3
impassioned	3
robe	3
produced	3
natures	3
outworn	3
gradually	3
granted	3
tou	3
kinship	3
imitation	3
skin	3
happen	3
becomes	3
landscape	3
assembled	3
cruelty	3
opulent	3
venerable	3
earnest	3
created	3
observant	3
wwwgutenbergnet	3
girl	3
carriage	3
witch	3
windings	3
privilege	3
whether	3
withal	3
remarkable	3
numerous	3
based	3
social	3
traditions	3
severity	3
why	3
themthe	3
simply	3
reflect	3
pastoral	3
asunder	3
expecting	3
torches	3
staff	3
crown	3
shutters	3
hundred	3
refinement	3
symbol	3
humility	3
thinker	3
etruria	3
entertainment	3
vessel	3
ignorant	3
doubtful	3
earthly	3
saved	3
promise	3
haunted	3
gives	3
longest	3
shake	3
greatness	3
pupil	3
transformed	3
splendour	3
lent	3
majority	3
suspicious	3
patron	3
afflicted	3
secure	3
afternoon	3
observe	3
equipment	3
page	3
storm	3
lightly	3
recorded	3
gladiators	3
pretensions	3
ugly	3
mayst	3
romance	3
sand	3
inn	3
union	3
ulterior	3
morrow	3
building	3
languor	3
trial	3
memories	3
dealt	3
fitting	3
discovered	3
disclaimer	3
generous	3
restrictions	3
solemnities	3
breach	3
conceded	3
danube	3
claims	3
ovation	3
liability	3
editors	3
ordered	3
royalty	3
pilgrim	3
betimes	3
profane	3
limits	3
pointed	3
flaviane	3
ascii	3
giving	3
strenuous	3
thereby	3
inventive	3
hurt	3
rite	3
figures	3
vain	3
luxury	3
bethink	3
assiduous	3
rushing	3
contempt	3
depth	3
familiarly	3
forget	3
lightning	3
promotion	3
nightfall	3
cloud	3
scattered	3
directly	3
wore	3
handsome	3
herb	3
abstraction	3
courage	3
distractions	3
sick	3
isis	3
initiated	3
supposed	3
lending	3
abundant	3
strongly	3
destined	3
admitted	3
sharp	3
impelled	3
pondering	3
fortunate	3
apartment	3
nursing	3
relish	3
paused	3
absorption	3
bronze	3
considerations	3
share	3
knightly	3
blindness	3
although	3
argument	3
pleasing	3
cure	3
consequences	3
director	3
hopefulness	3
twilight	3
arrow	3
products	3
issued	3
paragraphs	3
ending	3
blossom	3
ignorance	3
iliad	3
happily	3
increasing	3
defect	3
labouring	3
reverie	3
fascinating	3
cyrenaics	3
event	3
preexistent	3
aid	3
closed	3
sway	3
results	3
silken	3
decorated	3
obscure	3
archaic	3
parents	3
pale	3
adversary	3
degrees	3
thereof	3
cool	3
looks	3
arms	3
wayfarers	3
pliny	3
domestic	3
patient	3
fatigue	3
action	3
sets	3
clean	3
sweetest	3
visibly	3
criminal	3
unaware	3
reed	3
sayings	3
pattern	3
concede	3
departing	3
insight	3
protect	3
hatred	3
party	3
torch	3
racy	3
religiousness	3
handling	3
arrayed	3
fastidious	3
practically	3
advanced	3
snakes	3
repeated	3
nuptial	3
running	3
stay	3
salutary	3
period	3
hedonism	3
faintly	3
completely	3
lamps	3
coast	3
aright	3
prestige	3
strict	3
learn	3
prince	3
tree	3
accident	3
glory	3
affectation	3
measured	3
philosophical	3
notions	3
appetite	3
bound	3
habits	3
filling	3
extinguished	3
composition	3
asserting	3
reign	3
sordid	3
roofs	3
qualified	3
palaces	3
permitted	3
payments	3
intellect	3
consumed	3
prayed	3
shrines	3
salt	3
introduced	3
recall	3
performing	3
necessary	3
acquired	3
duty	3
sign	3
constraining	3
victorious	3
everywhere	3
situation	3
members	3
wellnigh	3
holding	3
firmness	3
towns	3
draw	3
user	3
implied	3
remainder	3
failing	3
defective	3
training	3
depend	3
lifethat	3
deadly	3
solace	3
deliberate	3
pressed	3
glass	3
stone	3
humble	3
appearance	3
perished	3
antonines	3
companionship	3
termed	3
higher	3
tremulous	3
embracing	3
colony	3
notion	3
cyrenaicism	3
watching	3
gaiety	3
lucretius	3
welcomed	3
guardian	3
research	3
healing	3
courtly	3
clouds	3
extraordinary	3
theories	3
blitheness	3
involved	3
scent	3
glowing	3
stately	3
bath	3
isolated	3
determine	3
custom	3
slip	3
ordinary	3
weariness	3
maternity	3
conclusions	3
metaphysic	3
gates	3
hades	3
orator	3
stricken	3
awe	3
vulgarity	3
removed	3
inscriptions	3
appearances	3
meanwhile	3
praise	3
unaffected	3
beating	3
rumour	3
diligently	3
instinctively	3
amusements	3
tall	3
hereditary	3
remember	3
notice	3
gliding	3
attire	3
promoting	3
refined	3
minor	3
acts	3
amount	3
field	3
maxim	3
refining	3
quietly	3
blessing	3
conveyance	3
revive	3
attendants	3
cases	3
vagula	3
yielded	3
outer	3
willing	3
lodging	3
donate	3
hyphenation	3
store	3
counsel	3
external	3
learning	3
wandered	3
expressed	3
nero	3
poured	3
legend	3
sluggish	3
formula	3
surviving	3
excess	3
distinguish	3
tower	3
unconscious	3
college	3
marcellus	3
nearness	3
companions	3
entertaining	3
daughters	3
excuse	3
trying	3
intended	3
slight	3
harmonious	3
mastery	3
warning	3
security	3
eminent	3
features	3
verse	3
warranties	3
muses	3
national	3
organic	3
bears	3
dictation	3
slightly	3
catch	3
lacking	3
plucked	3
sitting	3
platonic	3
hote	3
abroad	3
formal	3
austere	3
stimulus	3
entirely	3
oracle	3
troubled	3
folded	3
riches	3
unto	3
barbarian	3
mirror	3
died	3
revived	3
ephesus	3
feverish	3
wellworn	3
veiled	3
commodus	3
constitutional	3
rested	3
flux	3
reflecting	3
fitted	3
origin	3
begun	3
stimulated	3
forced	3
remembering	3
weird	3
roof	3
loneliness	3
conducted	3
distinctly	3
answer	3
opposite	3
pious	3
ascended	3
medieval	3
erewhile	3
scepticism	3
inasmuch	3
moon	3
feeding	3
brings	3
included	3
complying	3
cypresses	3
pronounced	3
equity	3
temperate	3
rights	3
crossing	3
ceres	3
links	3
equal	3
rapid	3
involve	3
remain	3
gloom	3
floating	3
associations	3
crying	3
boyhood	3
successive	3
pamphile	3
eternal	3
flocks	3
adding	3
spake	3
hieratic	3
enhanced	3
lead	3
variety	3
pay	3
masterly	3
proceeded	3
realisable	3
aristeides	3
pluck	3
hungry	3
offer	3
suffer	3
revelation	3
entity	3
cup	3
relished	3
flaw	3
arrows	3
philosophers	3
explained	3
finished	3
daylight	3
sepulchral	3
manners	3
rain	3
dew	3
survived	3
significance	3
majesty	3
asked	3
worth	3
pleased	3
lot	3
recognised	3
bacchus	3
certainty	3
vineyard	3
confess	3
plinys	3
mornings	3
woods	3
fault	3
animula	3
heavenly	3
rules	3
seats	3
tibullus	3
sensations	3
cheerfulness	3
gentleman	3
wasteful	3
superficial	3
arose	3
legal	3
lewis	3
import	3
derivative	3
tongue	3
via	3
gravity	3
meditation	3
disillusion	2
assistance	2
cake	2
cynical	2
malice	2
adventurous	2
shouts	2
credit	2
fanciful	2
ut	2
hopeful	2
agitated	2
conferred	2
artistic	2
files	2
disengaged	2
begin	2
neologies	2
gross	2
happens	2
travel	2
systems	2
tells	2
glorious	2
fail	2
senses	2
hidingplace	2
judges	2
vigour	2
affected	2
reuse	2
secondary	2
reverently	2
forehead	2
studies	2
horizon	2
creeping	2
sleepless	2
drove	2
possess	2
author	2
enforced	2
multa	2
figured	2
neglected	2
seneca	2
yearning	2
perfected	2
apathetic	2
disposing	2
elsewhere	2
theatrical	2
ascesis	2
summoned	2
covering	2
essential	2
worthy	2
marches	2
books	2
extinction	2
costs	2
grapes	2
wit	2
deceive	2
inspection	2
agreed	2
shook	2
olive	2
speciosa	2
epigignetai	2
preceded	2
ilex	2
growing	2
audible	2
interesting	2
precincts	2
bravely	2
thingsthe	2
watchdog	2
dwellingplaces	2
resting	2
sharing	2
title	2
projecting	2
escaped	2
wouldbe	2
retain	2
chariot	2
abstinence	2
thesan	2
perfume	2
splendid	2
charges	2
luca	2
wanderer	2
babe	2
reassuring	2
assisting	2
fixity	2
gaudy	2
knowest	2
artemis	2
concerned	2
crisis	2
wonders	2
youngest	2
protecting	2
sooner	2
energy	2
conspicuous	2
latest	2
rocky	2
morsel	2
procedure	2
literal	2
rhetorician	2
apparel	2
aught	2
court	2
slumber	2
closer	2
model	2
daughterinlaw	2
obtaining	2
quam	2
mediocrity	2
method	2
feels	2
diversion	2
references	2
awaiting	2
conforming	2
buried	2
centered	2
discourses	2
scrupulousness	2
naught	2
impress	2
haunt	2
openly	2
illuminated	2
acheron	2
excited	2
styx	2
taught	2
feelings	2
vanilla	2
subjective	2
vigorous	2
ocean	2
honeycomb	2
marks	2
expense	2
comrade	2
endowed	2
stairs	2
virgil	2
throats	2
avoid	2
intimation	2
floor	2
eloquence	2
appliances	2
misgivings	2
craftsman	2
pages	2
scruple	2
showed	2
loss	2
indulge	2
edifying	2
attack	2
mothertongue	2
raised	2
brilliancy	2
gaul	2
chaplet	2
inhabitants	2
explanation	2
reverence	2
weighing	2
frail	2
fate	2
amity	2
equals	2
healthfully	2
royalties	2
withdraw	2
northern	2
ere	2
surmises	2
adopted	2
rippling	2
discerned	2
trite	2
hardness	2
admission	2
sport	2
flowering	2
selection	2
modesty	2
continued	2
arrest	2
tiberius	2
foolish	2
tutor	2
theous	2
federal	2
feathers	2
shoulder	2
alternately	2
sang	2
virtually	2
medusa	2
advantages	2
weakening	2
repugnant	2
stole	2
exempt	2
qui	2
registered	2
phrases	2
sadly	2
vol	2
pleasurably	2
thence	2
lesser	2
preparation	2
imperious	2
ars	2
innumerable	2
issues	2
reference	2
tones	2
corpse	2
branches	2
glittering	2
pan	2
owns	2
bitterly	2
sufferings	2
exercised	2
tame	2
itthe	2
haines	2
windows	2
accomplish	2
episodes	2
powerless	2
winters	2
charming	2
thanks	2
wreaths	2
anxious	2
cell	2
exercising	2
foliage	2
assumed	2
lieu	2
poison	2
vaguely	2
historic	2
lame	2
washing	2
several	2
exactness	2
secluded	2
duties	2
immortality	2
breathed	2
logical	2
steady	2
required	2
strike	2
repose	2
persuasion	2
lapsing	2
industrious	2
fond	2
developing	2
fluid	2
feature	2
sole	2
independently	2
personality	2
rhythmical	2
savour	2
fresher	2
unverified	2
ardent	2
groweth	2
october	2
occur	2
wearing	2
hedone	2
tone	2
speculative	2
larger	2
acting	2
physiognomy	2
saint	2
sacerdotal	2
deities	2
seat	2
twelve	2
interpretation	2
forcibly	2
showman	2
estate	2
vivas	2
latent	2
haunting	2
workshop	2
damage	2
philanthropic	2
pressing	2
guests	2
remains	2
representative	2
begins	2
selfassertion	2
equally	2
selfconscious	2
oddly	2
kallos	2
protests	2
internal	2
attitude	2
intextum	2
copper	2
eagles	2
walk	2
spouse	2
trumpet	2
conclusion	2
mock	2
destiny	2
concentrated	2
sum	2
nineteen	2
neighbourhood	2
sin	2
energetic	2
flowing	2
whispering	2
rhetoric	2
properly	2
staid	2
ix	2
ancestral	2
concentrate	2
concept	2
pursuit	2
electronically	2
sank	2
belongs	2
scholars	2
bay	2
five	2
holon	2
victim	2
absent	2
inherited	2
grateful	2
institutions	2
farms	2
administrator	2
entering	2
strictly	2
wheel	2
highbred	2
corners	2
doubts	2
bearest	2
integrity	2
lend	2
dubious	2
sophists	2
recourse	2
soil	2
composed	2
asclepiadae	2
en	2
soldier	2
goods	2
cunningly	2
persistently	2
causes	2
splendours	2
calamity	2
ek	2
path	2
spoil	2
dominion	2
mobility	2
vernacular	2
beset	2
patience	2
prison	2
susceptibility	2
month	2
asserted	2
mysticism	2
unsuspected	2
quickness	2
torn	2
lustral	2
al	2
literally	2
breaking	2
endure	2
hay	2
blending	2
lucian	2
disturbed	2
painfully	2
farmlife	2
widest	2
printed	2
changing	2
richness	2
aristippus	2
wrong	2
fashioned	2
healthful	2
loyal	2
sailed	2
particularly	2
knee	2
visits	2
relationships	2
appreciation	2
cornice	2
priestly	2
wellremembered	2
fervour	2
gilt	2
monochronos	2
seeks	2
drawing	2
subtle	2
replaced	2
replacing	2
correspondence	2
consisted	2
remaining	2
crafty	2
unusual	2
charioteer	2
petulance	2
naturally	2
protection	2
reinforcing	2
supposing	2
germs	2
respectively	2
ridiculous	2
danced	2
control	2
archaisms	2
bloom	2
statues	2
desperate	2
nets	2
psyches	2
accepting	2
exclusion	2
heath	2
unholy	2
worked	2
salvator	2
march	2
preserve	2
wantonness	2
sounds	2
effects	2
cherished	2
hastening	2
j	2
blazing	2
utensils	2
gulf	2
conceal	2
namely	2
deprived	2
await	2
bygone	2
handmaid	2
minutely	2
arena	2
highway	2
scholar	2
modifications	2
openair	2
canities	2
observers	2
predecessors	2
scheme	2
sufficient	2
solicit	2
adventure	2
won	2
imperfect	2
burial	2
folly	2
survival	2
diet	2
proud	2
lyre	2
suppositions	2
typical	2
drowsy	2
disaster	2
intently	2
roused	2
dumb	2
quest	2
madness	2
valuable	2
neighbours	2
readable	2
heated	2
thanksgiving	2
costly	2
answers	2
apparent	2
band	2
guide	2
epi	2
enclosure	2
intent	2
indescribable	2
yourself	2
region	2
anticipate	2
trick	2
test	2
cakes	2
destroyed	2
courts	2
assigned	2
corrupt	2
skilled	2
brow	2
intuition	2
wait	2
intimate	2
expressing	2
midday	2
neros	2
delicacies	2
corner	2
revolutionary	2
newest	2
occasional	2
moreover	2
clay	2
braziers	2
class	2
condemned	2
listened	2
uses	2
deceased	2
calls	2
sensibilities	2
grotesque	2
toilets	2
accepted	2
eontas	2
owl	2
centering	2
fairly	2
innocent	2
phegmini	2
joyful	2
eschatos	2
flood	2
perceptible	2
signs	2
wood	2
assembly	2
irony	2
eat	2
glance	2
whispered	2
deeper	2
amiability	2
write	2
fingers	2
detected	2
childs	2
lifelike	2
kings	2
signal	2
cassian	2
attired	2
predecessor	2
queen	2
permanent	2
tale	2
paths	2
methinks	2
formally	2
readers	2
copied	2
transparency	2
officers	2
sagacious	2
chronon	2
leaf	2
contained	2
scope	2
primeval	2
containing	2
suppose	2
httppglaforg	2
graver	2
reeds	2
whiterobed	2
proportion	2
distracted	2
seemingly	2
horse	2
misusing	2
fetch	2
limpid	2
achievement	2
pictures	2
attendant	2
readiness	2
mundi	2
applying	2
effectively	2
grandeur	2
traveller	2
redistribution	2
dionysus	2
warranty	2
humanities	2
realities	2
curiosities	2
entos	2
flung	2
machinery	2
walking	2
enigmatic	2
belong	2
lamented	2
paying	2
feminine	2
vanished	2
adornment	2
pagination	2
unaccountable	2
mystery	2
truths	2
thickly	2
avowedly	2
slope	2
kinsmen	2
angle	2
grow	2
fourteenth	2
barbarians	2
sake	2
newcomer	2
conveyed	2
sourness	2
noonday	2
offering	2
craft	2
fix	2
feed	2
systematic	2
loose	2
african	2
parting	2
background	2
stripped	2
nunquam	2
independent	2
emphatically	2
galen	2
consort	2
manycoloured	2
flaming	2
deaths	2
appeal	2
subdued	2
teeth	2
travail	2
latter	2
sale	2
serenity	2
socrates	2
fragrance	2
wealthy	2
loyalty	2
tending	2
breakers	2
robbers	2
pour	2
alien	2
modest	2
wonderfully	2
hore	2
sparkling	2
odes	2
waited	2
lust	2
growth	2
concentration	2
breathes	2
walks	2
glances	2
coins	2
silent	2
depends	2
tapers	2
myrtle	2
reclined	2
affectionate	2
richest	2
gifted	2
beings	2
citizens	2
announced	2
gallant	2
significant	2
journeying	2
create	2
idea	2
onward	2
girls	2
kingdom	2
desert	2
newly	2
beautify	2
hearest	2
residue	2
ergastula	2
losses	2
hasty	2
thalassie	2
exhausted	2
inverse	2
transcript	2
rhyming	2
forgetful	2
reasoning	2
therefrom	2
trembled	2
la	2
recurrent	2
aien	2
dread	2
bordered	2
coolness	2
started	2
computers	2
greatest	2
useandwont	2
melaine	2
rarely	2
haven	2
divided	2
whither	2
viewed	2
swiftly	2
functions	2
taint	2
restingplace	2
population	2
slippery	2
superstitious	2
virile	2
concession	2
maintained	2
helped	2
embraces	2
ministered	2
presided	2
interpret	2
occupation	2
lovely	2
purer	2
uneasy	2
suspect	2
fullest	2
inmost	2
obsolete	2
available	2
quique	2
crept	2
wave	2
identical	2
hood	2
six	2
roadside	2
faded	2
popularity	2
commerce	2
prepare	2
redistributing	2
hikonto	2
hint	2
teachers	2
departure	2
boast	2
euphuistic	2
agitation	2
types	2
passeth	2
cloudless	2
dr	2
secretly	2
cicero	2
spoiled	2
marbles	2
aloft	2
yesterday	2
minister	2
representations	2
virenti	2
married	2
whereby	2
expect	2
ramparts	2
epitome	2
monastic	2
appreciate	2
indifference	2
interpreter	2
locations	2
lower	2
traversed	2
expected	2
faculties	2
design	2
anticipation	2
slopes	2
tiber	2
ball	2
mercy	2
alfred	2
cadence	2
strangers	2
needful	2
renunciation	2
supernatural	2
youthfully	2
twisted	2
wherefore	2
wellbeing	2
strive	2
idealist	2
dilettante	2
muttering	2
lock	2
efficacy	2
gradation	2
rise	2
wonder	2
favourable	2
tarnished	2
dawn	2
whosoever	2
hereafter	2
lingering	2
pernicious	2
speaker	2
meditative	2
est	2
suspense	2
articles	2
foe	2
genous	2
kindled	2
republican	2
values	2
professional	2
immortal	2
dantes	2
lose	2
vine	2
satisfaction	2
able	2
check	2
resort	2
lady	2
lifes	2
variations	2
willingly	2
s	2
professor	2
afford	2
resentment	2
west	2
criteria	2
smoothly	2
sped	2
applied	2
titles	2
unpleasing	2
bedside	2
addressed	2
declared	2
hero	2
descend	2
boat	2
profound	2
fopperies	2
tombs	2
channel	2
hapless	2
seashell	2
illusion	2
consistent	2
blows	2
apprehend	2
importance	2
cupola	2
partook	2
maidenhood	2
angles	2
festival	2
exchange	2
grand	2
founder	2
prompter	2
habitually	2
selfpossession	2
arts	2
falls	2
inhuman	2
host	2
handle	2
afforded	2
problem	2
arcana	2
abounding	2
presentment	2
animated	2
steilanto	2
hima	2
accompanied	2
completeness	2
fires	2
hasten	2
coarser	2
shed	2
proclaim	2
critical	2
physician	2
embroidered	2
dedication	2
lecturer	2
translated	2
dimness	2
descent	2
briefly	2
formats	2
visionthe	2
morals	2
seventh	2
cautious	2
capable	2
slaughter	2
fellowscholars	2
sheep	2
resident	2
discern	2
fitness	2
greeks	2
teacher	2
property	2
table	2
brethren	2
affairs	2
active	2
strain	2
villas	2
facility	2
ring	2
flows	2
spare	2
wives	2
forces	2
seasons	2
preside	2
cheeks	2
superficially	2
playing	2
nuptials	2
lovers	2
german	2
tis	2
infirmity	2
novelty	2
marvellous	2
apprehended	2
upwards	2
inferior	2
indicated	2
swift	2
admired	2
autoi	2
records	2
mounting	2
hedge	2
conducting	2
harvest	2
doorposts	2
longdrawn	2
cleanliness	2
untried	2
conflict	2
leisure	2
ingenious	2
tolerance	2
tear	2
debate	2
luxurious	2
resultant	2
cornfields	2
thirty	2
touches	2
surrendered	2
bidden	2
glimpse	2
thalasses	2
leader	2
magnificence	2
unlawful	2
virtue	2
snares	2
poem	2
brass	2
vehement	2
win	2
enmity	2
adornments	2
data	2
sufferer	2
treasures	2
drake	2
trembling	2
rear	2
ethical	2
barley	2
clinging	2
wont	2
expenses	2
tended	2
providence	2
contain	2
satisfy	2
marketplace	2
named	2
locks	2
civil	2
throat	2
jesting	2
extent	2
examples	2
chair	2
prophetic	2
admiration	2
undiminished	2
driven	2
desolation	2
hart	2
negligence	2
credited	2
suddenness	2
parent	2
wear	2
exercises	2
limbs	2
footnotes	2
rely	2
mechanical	2
limenos	2
preferred	2
eighty	2
wealth	2
contributions	2
employees	2
prominently	2
unclean	2
propitious	2
capitol	2
expressive	2
processional	2
specified	2
grassy	2
pageant	2
remedies	2
armed	2
file	2
computer	2
womens	2
simpler	2
chapters	2
pinions	2
approaching	2
comer	2
polite	2
listener	2
troubles	2
sounding	2
monster	2
similar	2
thereupon	2
quotation	2
dewy	2
tarry	2
deter	2
hitherto	2
bainon	2
directed	2
corporis	2
hillsides	2
varied	2
horrible	2
surprise	2
wondered	2
thereon	2
abandoned	2
minutes	2
draught	2
tried	2
anniversaries	2
intrinsically	2
successes	2
enervating	2
parole	2
warmth	2
non	2
anon	2
ordained	2
claimed	2
elysium	2
soothing	2
fro	2
recited	2
html	2
ladder	2
idiou	2
earnestness	2
mark	2
theoria	2
perspective	2
unique	2
hoi	2
receipt	2
magnificent	2
bids	2
designed	2
depicted	2
perchance	2
liturgy	2
sickened	2
retrospect	2
beautifully	2
fulfilment	2
breast	2
horses	2
chances	2
tyranny	2
reaching	2
armour	2
promised	2
instead	2
nearly	2
transform	2
mighty	2
deorum	2
polybentheos	2
met	2
bathed	2
fluttering	2
fashions	2
scorn	2
protest	2
unfinished	2
abide	2
dreamy	2
seer	2
shared	2
consummate	2
cadaverous	2
connexion	2
cease	2
entertained	2
necks	2
choosing	2
paideia	2
temples	2
evenness	2
failure	2
bland	2
produce	2
mouseion	2
unfailing	2
pavement	2
conductor	2
pastimes	2
reviving	2
knocked	2
michael	2
transcribe	2
smoke	2
sands	2
merciful	2
flawless	2
disciple	2
lovingkindness	2
dreamed	2
adequate	2
respects	2
accordance	2
wreathed	2
shades	2
soothe	2
revolt	2
nei	2
discreet	2
interior	2
predominance	2
goldsmiths	2
lighthearted	2
mist	2
marsh	2
misgiving	2
alacrity	2
sorts	2
calling	2
overtension	2
rearing	2
triumphal	2
maecenas	2
ceased	2
ointment	2
advancing	2
fulness	2
watchers	2
indicate	2
epitaph	2
nova	2
consequent	2
histia	2
complaisance	2
talked	2
thirst	2
deliverance	2
legions	2
platos	2
unmistakably	2
uncorrected	2
traced	2
conqueror	2
howsoever	2
playthings	2
reports	2
spell	2
slender	2
experiences	2
suffice	2
counted	2
morsels	2
disgust	2
hardest	2
homeliness	2
shouldst	2
leather	2
constitution	2
epigraphas	2
doing	2
wellfitted	2
reasonable	2
wanting	2
speculations	2
meet	2
meal	2
breadth	2
exceptional	2
soothed	2
exceptionally	2
oldest	2
pallid	2
epenenothen	2
basis	2
campagna	2
ofttimes	2
glow	2
era	2
acquainted	2
thumb	2
intelligible	2
acceptable	2
obvious	2
batch	2
invoked	2
petulant	2
prevent	2
advance	2
temptations	2
observed	2
snatch	2
aspirations	2
dilemma	2
circumspection	1
architects	1
poignant	1
veiling	1
couldst	1
identification	1
redistribute	1
feared	1
paris	1
guildhall	1
prophecy	1
pig	1
ancestorsall	1
awaited	1
repelled	1
weaving	1
marvel	1
atheist	1
symbolical	1
unclad	1
ladydomnulam	1
confusing	1
reposes	1
aristocracy	1
thura	1
allaccomplished	1
discouraged	1
analogy	1
novelreading	1
returns	1
voluntary	1
entirety	1
gladiator	1
subtlety	1
anticipating	1
summertime	1
deepening	1
attica	1
error	1
capreae	1
generously	1
ridges	1
shelter	1
depended	1
beatific	1
massive	1
related	1
rampart	1
heed	1
sprightlier	1
saluting	1
offences	1
indemnify	1
thriambosthe	1
diffused	1
conservatism	1
hydromel	1
contorted	1
dominant	1
allin	1
secretthough	1
rays	1
gainer	1
invenitis	1
disinterested	1
salve	1
tenor	1
permanently	1
whispers	1
canto	1
bene	1
oneiros	1
zigzag	1
philter	1
knees	1
potent	1
populous	1
tasteful	1
guarded	1
disturb	1
classes	1
plaintively	1
inwardly	1
sower	1
ministrants	1
housed	1
thankofferings	1
typeravaged	1
island	1
antipathies	1
squints	1
loading	1
unassisted	1
satisfactory	1
arranged	1
witnessed	1
muliebris	1
gateways	1
mannerisms	1
gentleness	1
littleness	1
expenditure	1
gotten	1
colloquial	1
slavetrade	1
harmless	1
eagle	1
incomplete	1
profess	1
composinghosper	1
travesty	1
humorous	1
flamea	1
finish	1
invasion	1
officestranquil	1
attributes	1
tacitness	1
emanation	1
clustering	1
disposal	1
frontos	1
selfforgetful	1
dissipate	1
ay	1
turningpoints	1
smiled	1
littus	1
allpervading	1
poorest	1
unlimited	1
yesand	1
waning	1
desired	1
selfrespect	1
transient	1
contemplated	1
fare	1
recesses	1
alertness	1
endurances	1
brainit	1
attachment	1
emotions	1
firetook	1
void	1
baths	1
amiable	1
ibi	1
adulterers	1
provincesa	1
silencelest	1
triviality	1
ornamentshad	1
acumen	1
choirmaster	1
teaching	1
connate	1
processing	1
longcontinued	1
merciless	1
supposes	1
incredible	1
knighthood	1
footprint	1
consuming	1
facesinto	1
empedocles	1
vela	1
demurely	1
tonic	1
teach	1
ploughshare	1
increase	1
frank	1
watches	1
chink	1
seriousnessan	1
unenforceability	1
appointments	1
content	1
corridors	1
symptomatic	1
consequential	1
poisonousthat	1
sustenance	1
invading	1
exporting	1
sub	1
ascertained	1
proofread	1
unphilosophical	1
instar	1
diaas	1
disquiet	1
prevalent	1
willed	1
laughed	1
exploits	1
felicities	1
manifested	1
fieldpaths	1
ageamor	1
rivalriesa	1
incidental	1
cut	1
conceiving	1
endows	1
thoroughfares	1
grandchildren	1
businesspglaforg	1
strokes	1
admirable	1
serpentthing	1
exaggerating	1
onwardthe	1
purchased	1
dieis	1
theme	1
senseless	1
exposed	1
growths	1
slides	1
imagesabove	1
expressionit	1
chancetost	1
purest	1
reservethey	1
gladdened	1
religio	1
salutem	1
auxiliary	1
comprehends	1
charity	1
homecoming	1
meister	1
inexhaustible	1
inscription	1
lifehe	1
faintest	1
swifts	1
tyrant	1
release	1
administered	1
euphuists	1
oblique	1
handmaidens	1
foreigners	1
grains	1
coherent	1
spacious	1
mockeries	1
indigitamenta	1
lucky	1
audacity	1
pedants	1
conversed	1
stimulative	1
calamitiesthe	1
fish	1
riot	1
affluent	1
hollows	1
ushers	1
peopleth	1
proportions	1
renown	1
moralities	1
floats	1
slowness	1
logic	1
besought	1
suggestions	1
vestal	1
troublesome	1
untidy	1
respect	1
hunters	1
improve	1
legitimate	1
impatiently	1
inextricable	1
selected	1
litanyvatican	1
modification	1
uponthese	1
ebbing	1
yawning	1
spenser	1
assist	1
indignant	1
dei	1
balconies	1
maturity	1
melan	1
flute	1
sophistic	1
listless	1
gutenbergtms	1
scipio	1
visited	1
pglaf	1
vagueness	1
declaiming	1
founding	1
regions	1
constructing	1
wondering	1
asleep	1
malorum	1
endue	1
periodic	1
violent	1
vyktes	1
lapse	1
sickles	1
heralds	1
mosses	1
freer	1
contemplate	1
message	1
complexion	1
escorted	1
deal	1
doubtwhich	1
unfeeling	1
ascertain	1
sentinels	1
introductory	1
diminutive	1
vero	1
medley	1
crumbling	1
es	1
bar	1
obstruction	1
surmise	1
petals	1
evidence	1
bonfires	1
abstaining	1
swim	1
regain	1
employee	1
nostrils	1
falsehood	1
marriagecake	1
miratur	1
showy	1
wellexecuted	1
blooddivine	1
uncertain	1
blond	1
gothic	1
paradoxical	1
indicator	1
post	1
big	1
commanded	1
updated	1
favourably	1
regretted	1
turneth	1
enemybroke	1
relied	1
exclamationi	1
ingenuus	1
unable	1
patches	1
wrongs	1
patiently	1
outlines	1
findeth	1
imaging	1
versed	1
brackets	1
religionan	1
shortened	1
directorphilosopho	1
theoretically	1
salacia	1
mississippi	1
civic	1
spreads	1
brotherthe	1
thousands	1
riteque	1
doated	1
generalities	1
turbid	1
problematical	1
penman	1
xi	1
sacellum	1
unassociable	1
observances	1
london	1
attachmentsthe	1
enquirers	1
consequently	1
cypress	1
quietness	1
apparently	1
summed	1
seriously	1
kitchen	1
stockinga	1
western	1
dogmatic	1
peak	1
damsel	1
uncorrupt	1
infested	1
lateran	1
remembrance	1
theosophy	1
lavish	1
decuit	1
pilgrimage	1
ox	1
dryness	1
valetudinarians	1
representing	1
materially	1
browsed	1
groups	1
bite	1
ensuring	1
methodicallyone	1
diffuses	1
vitai	1
probably	1
gravely	1
saddest	1
artists	1
tolerable	1
widowhood	1
partial	1
confuse	1
towers	1
affinity	1
anotherthe	1
lighthouse	1
mad	1
imagesrhetorical	1
servingboy	1
holden	1
triteness	1
numbers	1
neighbourhoods	1
respond	1
trappings	1
halo	1
aut	1
httpgutenbergnetlicense	1
falsifying	1
youthhiera	1
pretext	1
perishable	1
travertine	1
stirred	1
shaggy	1
mortalitate	1
greed	1
potuit	1
im	1
screened	1
muchadmired	1
thinein	1
olympi	1
ascendency	1
gaily	1
chairsalmost	1
nineteenthcentury	1
profits	1
portion	1
apple	1
piusthat	1
perfecting	1
prayersby	1
unsentimental	1
laughter	1
drave	1
illusive	1
hai	1
manysyllabled	1
accompanying	1
calm	1
sinks	1
offerings	1
claude	1
dismayed	1
salvation	1
indicates	1
effete	1
pry	1
arise	1
clotho	1
lapcloth	1
repair	1
humbly	1
sallies	1
homers	1
misknown	1
urbane	1
morbid	1
sickbed	1
premonitions	1
awaytheir	1
merchantibility	1
selfcontrol	1
considerate	1
rambleincidents	1
ashore	1
fatheranxious	1
onesthe	1
print	1
domiduca	1
blossoming	1
antiquated	1
dayan	1
selftorment	1
rambles	1
masses	1
profile	1
figtrees	1
goats	1
abodeabove	1
sightseers	1
gesture	1
dwellinghouses	1
motionless	1
chain	1
neat	1
expend	1
maddened	1
downloading	1
billows	1
experiencesomething	1
lowly	1
wellknown	1
womb	1
domus	1
plebeians	1
attic	1
querulous	1
desolate	1
poorly	1
oliveyards	1
extinct	1
marsyas	1
wavesflavian	1
workshops	1
harbor	1
contention	1
circuit	1
snow	1
senatorial	1
sap	1
framed	1
seasonearos	1
wily	1
gauls	1
bitterness	1
baggagewagon	1
proposing	1
ramble	1
southward	1
obeying	1
storystories	1
association	1
kindness	1
odd	1
intra	1
embrace	1
attentiveness	1
inheritance	1
acclamations	1
tigrish	1
parklike	1
plebeian	1
shuddered	1
blessedness	1
icarus	1
ceasest	1
methods	1
labours	1
crew	1
palms	1
sagesa	1
heel	1
rid	1
wavy	1
favoured	1
imperatordii	1
heels	1
facts	1
embraced	1
steal	1
recommendations	1
commixture	1
cosmopolitan	1
malign	1
drugshop	1
suowho	1
almonds	1
polytheists	1
strew	1
rode	1
countryhouse	1
matronam	1
vaseadmirers	1
honesty	1
rivalry	1
amply	1
surmised	1
halfconsciously	1
spectacles	1
useful	1
impracticable	1
stygian	1
pythagoras	1
refuge	1
disputation	1
cubiculum	1
claudius	1
marched	1
attainments	1
upswelling	1
fieldofmars	1
thoughtit	1
distinguished	1
meadow	1
habitmakers	1
slanted	1
tyrannous	1
honourablelooking	1
disentangle	1
arrival	1
writinges	1
autumn	1
wrapt	1
unlucky	1
intrinsic	1
shipwreck	1
flowersrare	1
pg	1
gratefully	1
frights	1
untired	1
reddereque	1
thistles	1
hollowed	1
stout	1
contraries	1
outgrew	1
townsmen	1
removing	1
surrounding	1
helice	1
womans	1
radical	1
naughty	1
spotted	1
materialities	1
repetitions	1
mortalityut	1
token	1
upward	1
denken	1
send	1
conflagration	1
playe	1
scarsevery	1
endued	1
celebration	1
parum	1
impressionsfaces	1
impoverished	1
brooding	1
turnmaking	1
dependent	1
homeric	1
hermit	1
alteration	1
hadrians	1
increasingly	1
doorstep	1
unsolicited	1
arrogantly	1
working	1
unchanged	1
substruction	1
player	1
thrill	1
portico	1
defile	1
imposing	1
mellowed	1
sanctified	1
blaze	1
heathen	1
verissimus	1
httppglaforgfundraising	1
insects	1
challenging	1
heights	1
athens	1
finesse	1
hosts	1
successorhad	1
stored	1
allotted	1
disappointment	1
honey	1
pettiness	1
sad	1
physiognomythat	1
grass	1
placidity	1
shining	1
misrepresent	1
shivering	1
proletariate	1
painwhat	1
spur	1
exclusiveness	1
professed	1
oaken	1
revolving	1
threadwork	1
challenged	1
barking	1
dense	1
geniushis	1
curule	1
peacefully	1
indentation	1
wellomened	1
cordially	1
currents	1
gregory	1
restore	1
incertitude	1
approaches	1
deadness	1
infinitude	1
sends	1
prominent	1
vicaire	1
freshgathered	1
lightningstruck	1
riverside	1
reveal	1
lucretiuslike	1
patients	1
granarythe	1
yoke	1
complacency	1
longburied	1
beasts	1
satire	1
miles	1
languorthe	1
sisterly	1
islands	1
ends	1
havea	1
apprehensions	1
outdated	1
frantic	1
moisture	1
celare	1
quotations	1
embodied	1
leg	1
puzzled	1
virusthat	1
pavilions	1
distinctions	1
stouter	1
symbolic	1
counsellor	1
selftormenting	1
ventholes	1
whisper	1
downward	1
parallel	1
goodnaturedly	1
john	1
readier	1
june	1
typeface	1
insure	1
legs	1
asceticism	1
arounda	1
venture	1
unconsecrated	1
tenderest	1
wears	1
orcus	1
protectress	1
placesministers	1
raiment	1
animates	1
bud	1
extravagance	1
expectant	1
enjoyed	1
sunset	1
cythera	1
boldness	1
indefatigable	1
transcription	1
excuses	1
caligula	1
delineated	1
deceiving	1
joys	1
highsounding	1
alleviate	1
authorityyou	1
prided	1
rhetorical	1
interpreted	1
tightrope	1
prophecies	1
caves	1
confined	1
gladdening	1
bottom	1
attendance	1
besetting	1
folk	1
oft	1
deficiencies	1
industry	1
condescended	1
socalled	1
immensity	1
slipshod	1
se	1
mutual	1
oppressed	1
reproductions	1
deputation	1
add	1
laboriously	1
allegiance	1
livest	1
watchful	1
highpriests	1
selfdevotion	1
counterpartwas	1
cemetery	1
recurrence	1
euripides	1
margin	1
effigies	1
ennui	1
comprehended	1
hat	1
scents	1
appendages	1
methodical	1
render	1
simpleness	1
multiplied	1
frankincense	1
pleasurepleasure	1
oversights	1
scrip	1
revenue	1
soaked	1
presentgreen	1
wardrobe	1
chests	1
valere	1
untroubled	1
prospect	1
fragile	1
essayist	1
crimes	1
cliff	1
empty	1
echoes	1
rushed	1
blaming	1
stead	1
taurian	1
huntress	1
sympathies	1
insane	1
ceases	1
drama	1
gilding	1
spoiling	1
criterion	1
faltering	1
philosophically	1
sinthe	1
rallying	1
withdrawn	1
herein	1
amber	1
vesture	1
accompaniment	1
bracketed	1
garish	1
reckless	1
prosperous	1
muledriver	1
includes	1
hiera	1
uniform	1
glossy	1
contemplations	1
derive	1
identified	1
hastens	1
international	1
acquiescence	1
equipage	1
incomprehensible	1
manifold	1
councilchamber	1
chinks	1
stamp	1
utter	1
exposcere	1
kissed	1
inaction	1
disguised	1
auspicious	1
affectionately	1
ethnonthe	1
urns	1
garishness	1
unlookedfor	1
deservedly	1
laurels	1
continuing	1
vulcan	1
awed	1
remove	1
unsoiled	1
preparing	1
condescension	1
suovetaurilia	1
stageproperty	1
misprint	1
calculation	1
metalwork	1
allseeing	1
answering	1
waterpots	1
modelled	1
coronarii	1
snowdrifts	1
wilhelm	1
removedhas	1
haunts	1
lightness	1
storming	1
processions	1
attainable	1
palpable	1
codes	1
joke	1
debris	1
womenfortuna	1
susceptible	1
phaedrus	1
safely	1
multitudinous	1
chasten	1
actor	1
devoutly	1
omnia	1
fiery	1
oakleaves	1
village	1
newby	1
exordium	1
pretend	1
singers	1
autumnbrought	1
novitas	1
kissing	1
edifices	1
repeating	1
flags	1
ceaseless	1
wayward	1
sweeping	1
awaking	1
optimist	1
enthusiasts	1
sicknesseson	1
piously	1
tempt	1
contest	1
assemblies	1
awokewith	1
bridal	1
scholarly	1
closeness	1
recruited	1
amplest	1
goes	1
comis	1
unoccupied	1
perpetually	1
erudite	1
indolence	1
sword	1
stated	1
filleted	1
treatment	1
complexities	1
unstring	1
vapour	1
miss	1
recover	1
mirum	1
utterances	1
garments	1
equestrian	1
planetree	1
presentable	1
serventshouted	1
cuttings	1
dissolved	1
lounging	1
bishop	1
clothing	1
disposed	1
abest	1
togas	1
httpwwwajdrakecometexts	1
practicable	1
esseseemed	1
muzzle	1
breathing	1
savage	1
swords	1
heartsick	1
definedthe	1
summerday	1
frailties	1
basin	1
resemblances	1
arta	1
passerby	1
posthumous	1
sunbeams	1
parthenon	1
ships	1
attend	1
lifeof	1
vigils	1
extending	1
flatterers	1
halfdivine	1
nightwatching	1
conclusively	1
accordingly	1
variously	1
imaginations	1
convalescence	1
yon	1
hereonly	1
eternity	1
prevailed	1
poetical	1
voyage	1
mimicry	1
base	1
wider	1
struggle	1
jostling	1
choicer	1
claustra	1
viper	1
dolphin	1
righteousness	1
sepulchre	1
anothera	1
tantum	1
mystically	1
shameful	1
strows	1
male	1
reward	1
keenly	1
mortals	1
favete	1
resolved	1
regulating	1
atom	1
chirping	1
ultimate	1
whichever	1
strewed	1
antagonisms	1
phenomenal	1
augustine	1
childrenand	1
exit	1
flax	1
thessaly	1
devour	1
angrily	1
expressiveness	1
list	1
powerthe	1
pageantries	1
incensebox	1
presupposed	1
charon	1
snug	1
prohibited	1
plots	1
italytill	1
ungainly	1
caring	1
montaigne	1
sparing	1
universe	1
antiqua	1
signatumin	1
tool	1
immensely	1
rural	1
abjects	1
impassibly	1
physically	1
silverall	1
shipwrecks	1
overturned	1
produces	1
fragrant	1
plentifully	1
decrepit	1
repeats	1
couches	1
uneventful	1
overmuch	1
overtake	1
assailants	1
observing	1
confine	1
pervigilium	1
gautier	1
foster	1
evilof	1
agitatione	1
pilgrims	1
inns	1
vidistis	1
bodythose	1
suiting	1
experienced	1
knots	1
apprehensive	1
trajan	1
lip	1
legally	1
ascetic	1
recordedstory	1
repentant	1
rejoicing	1
hang	1
preferences	1
restraint	1
paved	1
route	1
partake	1
tumbledown	1
disgrace	1
enchanteddistance	1
artifice	1
insidious	1
mannerly	1
overtaking	1
fineness	1
julia	1
blessings	1
motionthe	1
swallownay	1
heats	1
halfmystic	1
demanding	1
outlook	1
executive	1
wrongfully	1
shifted	1
composure	1
nice	1
tenderer	1
fearful	1
exponent	1
linking	1
scenery	1
requiring	1
proprietary	1
strengthening	1
monk	1
hoary	1
accessoriesthe	1
improving	1
educationan	1
collect	1
stoneline	1
listeners	1
springing	1
tidings	1
victory	1
hastilybeast	1
malison	1
lately	1
illusiveness	1
reminiscent	1
figurework	1
gaudeas	1
comrades	1
exacter	1
births	1
startling	1
erring	1
voluptuousness	1
leaned	1
nigh	1
servingman	1
associating	1
ventured	1
partsthree	1
disquietude	1
secular	1
swifter	1
impart	1
stepped	1
lapsed	1
transcribed	1
laresthe	1
deepens	1
byways	1
lustrously	1
talking	1
travelled	1
handsomethe	1
dea	1
feasting	1
dwellingplaceseemed	1
episode	1
crisisto	1
ravage	1
praxiteles	1
neotesof	1
menstrua	1
bystandershe	1
luck	1
connoisseurship	1
hurried	1
campaign	1
admiring	1
accumulation	1
coarseness	1
bloodin	1
worldthe	1
seashore	1
dwellinghouse	1
thoughtto	1
brave	1
intimations	1
undercurrent	1
helen	1
acquiring	1
attempts	1
bustling	1
heathy	1
cosmopolitanism	1
curling	1
smaller	1
agitating	1
smoothed	1
doubles	1
platonism	1
prescient	1
deigned	1
assimilated	1
crackling	1
nobler	1
routine	1
potency	1
burdensome	1
heightened	1
haughtiness	1
reiterations	1
occurred	1
unite	1
adhered	1
elite	1
novices	1
finality	1
mantle	1
resolve	1
knowing	1
pines	1
moods	1
res	1
doa	1
handful	1
opened	1
bid	1
resemble	1
introduction	1
exactly	1
smocks	1
consulted	1
unimproved	1
enabled	1
fishermans	1
generated	1
plot	1
judging	1
marriages	1
unhopedfor	1
arval	1
subscribe	1
auspices	1
attentive	1
educationinsight	1
verily	1
noisier	1
effectiveness	1
savoyard	1
disclaim	1
picked	1
incensestalls	1
marriagegift	1
valour	1
profaned	1
plumage	1
bettermarcus	1
screech	1
guesses	1
separates	1
suicide	1
chivalry	1
matchless	1
uncontaminate	1
lifetime	1
cloistral	1
trelliswork	1
got	1
refreshing	1
heroines	1
keys	1
swelling	1
gathering	1
mud	1
soulhe	1
alter	1
versewriter	1
pedestal	1
slaughterthe	1
preoccupied	1
misery	1
regretful	1
plausibly	1
unrighteous	1
daybreak	1
pondered	1
appearing	1
courtier	1
vanish	1
descendant	1
terminology	1
passion	1
quick	1
claws	1
battling	1
falters	1
gather	1
charged	1
subjection	1
inaccessible	1
idleness	1
refreshed	1
mixed	1
airswept	1
overvalued	1
impressedall	1
halted	1
consoles	1
httpwwwpglaforg	1
applause	1
paganism	1
launched	1
gate	1
hearingthe	1
exaltation	1
meaner	1
epigram	1
faithful	1
directness	1
themas	1
strengthlidolatrie	1
follower	1
halfconscious	1
donors	1
nubes	1
hosper	1
confitebaturhe	1
verba	1
materialism	1
apply	1
startled	1
kinswoman	1
suffocated	1
expectancy	1
dreamily	1
progressive	1
anvils	1
ancestorsone	1
kisses	1
progress	1
averted	1
bloody	1
uncrowned	1
populace	1
astringency	1
prohibition	1
devotee	1
lake	1
emboldened	1
peoplesalve	1
elizabethan	1
intolerably	1
converting	1
sameness	1
crazes	1
fatal	1
pulled	1
unpoetical	1
prey	1
restraints	1
hypata	1
quoted	1
breeze	1
protestingthis	1
seldom	1
disparting	1
disposeth	1
decreased	1
sanctity	1
invention	1
carpenter	1
corrective	1
cleanan	1
undoubted	1
invisibly	1
misfortunes	1
incisiveness	1
schooling	1
lowered	1
cheerfully	1
himselfbetween	1
aboveground	1
conformation	1
gaining	1
onesto	1
unhurt	1
tasting	1
originalityplace	1
phases	1
unsuspecting	1
schoolmates	1
dove	1
alas	1
imperceptibility	1
ourselvesit	1
deposited	1
selfsacrifice	1
reigned	1
injury	1
swathed	1
staves	1
portofvenus	1
outlast	1
organmusic	1
antoninewhose	1
sepulchreit	1
masks	1
murdered	1
reptile	1
weep	1
incontinently	1
elegies	1
repaired	1
pillow	1
denial	1
recognising	1
accustomed	1
afloat	1
speedily	1
neutralise	1
richscented	1
distributor	1
loveso	1
pontiff	1
cedarn	1
rains	1
stifling	1
lore	1
faeces	1
protagoras	1
dioscuri	1
moonstruck	1
flowermarket	1
thirtyfive	1
sheltered	1
ordering	1
himselfis	1
apartments	1
unreal	1
castle	1
arnus	1
chanced	1
wheels	1
sighing	1
cornfield	1
redeem	1
guided	1
compliment	1
gbnewbypglaforg	1
crimsoned	1
diurnal	1
disloyalty	1
privily	1
partso	1
kinda	1
dome	1
sallowhued	1
visitit	1
appreciated	1
cari	1
thison	1
reassuringly	1
neotes	1
roots	1
roseshe	1
paphos	1
peopletam	1
tenderly	1
traceable	1
offshoot	1
vaguenessa	1
comfortable	1
fool	1
bench	1
scientific	1
protege	1
coin	1
vocabulary	1
hating	1
processes	1
flowed	1
absorbing	1
tender	1
dipped	1
salus	1
sigh	1
tarrying	1
chargeablenot	1
suadere	1
menace	1
liken	1
formulae	1
apex	1
foreseen	1
neptune	1
counteracting	1
incline	1
locis	1
communed	1
admire	1
pascal	1
perceptions	1
include	1
medea	1
constituted	1
festal	1
romulus	1
idled	1
trow	1
reproachful	1
healed	1
owed	1
judaic	1
fully	1
unapproachableness	1
besets	1
stages	1
pressure	1
juices	1
fount	1
pomps	1
weapons	1
substantial	1
bethought	1
stunned	1
linked	1
conveniently	1
parties	1
vaguer	1
disappointments	1
crisp	1
writhed	1
incapacity	1
describes	1
laden	1
incantation	1
whisperings	1
pang	1
proving	1
november	1
luxuriant	1
superiority	1
kissesone	1
winning	1
christianity	1
worthiest	1
hazard	1
liveliest	1
beardless	1
girt	1
concurring	1
nunc	1
repaid	1
lucernae	1
valetudinarian	1
quirinal	1
coaststhe	1
barb	1
beenhow	1
eversustained	1
educated	1
rickety	1
penetrated	1
israel	1
flying	1
consented	1
studied	1
sunshinehe	1
unhappy	1
north	1
assists	1
weddingveil	1
exists	1
halting	1
woollen	1
whence	1
augury	1
tolerant	1
birdsthat	1
ak	1
scattering	1
improvement	1
temporal	1
dormouse	1
shift	1
halftrue	1
avowed	1
treat	1
sweeps	1
lookest	1
deification	1
etiquette	1
inform	1
senatehouse	1
hilarity	1
clumsy	1
townhouse	1
shorn	1
smile	1
hoped	1
sparrows	1
ruined	1
workday	1
lusty	1
hostelry	1
combination	1
disdainful	1
whiteshirted	1
witchcraft	1
troops	1
elderly	1
fiveandforty	1
manifest	1
judge	1
lararium	1
unconfused	1
delicious	1
alarm	1
roomparvolam	1
sharper	1
layon	1
marriagefeast	1
unimportant	1
steel	1
strengthen	1
junior	1
fallthe	1
interred	1
monitor	1
cipollino	1
repine	1
intact	1
speakthat	1
fatherthe	1
undervalue	1
conveys	1
gardencourts	1
appears	1
collectors	1
contribute	1
transforming	1
siren	1
counterpart	1
cedarwood	1
saints	1
halfclosed	1
minuteness	1
faithfully	1
diffidence	1
mariners	1
minutest	1
invita	1
centres	1
toy	1
recommends	1
survivor	1
videt	1
calculated	1
dogging	1
impending	1
macmillan	1
puritanic	1
lofty	1
distorted	1
guiseone	1
decision	1
stern	1
caprice	1
expressly	1
ladies	1
nowthe	1
hourly	1
reluctant	1
flights	1
fundanus	1
sorted	1
bank	1
sandals	1
corso	1
contrives	1
revised	1
lupus	1
climate	1
whetted	1
discovery	1
consistently	1
placelove	1
surety	1
ridding	1
trodden	1
riding	1
selfconsciousness	1
idolatry	1
brickwork	1
consist	1
unmistakable	1
rigour	1
sidera	1
belonging	1
slighting	1
grows	1
cocytus	1
discurrere	1
thorn	1
repent	1
preacher	1
fitter	1
stark	1
pillar	1
stretching	1
laugh	1
sideviews	1
bigger	1
quis	1
posting	1
roving	1
enjoined	1
mediterranean	1
warned	1
ascertaining	1
trivialbread	1
undeniable	1
ponderings	1
resonance	1
quireful	1
faculty	1
discernment	1
softening	1
benign	1
carnations	1
wanders	1
fastidiously	1
capimusobserves	1
offices	1
alchemy	1
furnished	1
depositing	1
untenable	1
rostra	1
stoled	1
unguessedat	1
mistaken	1
obey	1
platform	1
furtive	1
chisel	1
questionbegging	1
grant	1
comesque	1
pleasantest	1
revile	1
arbitrary	1
supply	1
muchpondered	1
position	1
durability	1
wheat	1
pigeonhouse	1
raising	1
declining	1
believer	1
deciding	1
thereto	1
welfare	1
accuser	1
torment	1
virginity	1
paced	1
struggling	1
sprung	1
protected	1
bosses	1
despondently	1
xiv	1
musicians	1
surprising	1
deathshead	1
purses	1
sculptors	1
bier	1
placehis	1
formative	1
employs	1
prove	1
retracing	1
determining	1
enquiry	1
caricature	1
ruins	1
specimen	1
overseer	1
recollected	1
unsuppressed	1
dedicated	1
drive	1
raindrops	1
flagged	1
vernal	1
characteristically	1
imagebearers	1
dialect	1
organ	1
bubble	1
commenting	1
fabius	1
cruellest	1
despite	1
midstreamtoo	1
quit	1
loud	1
fuller	1
gowns	1
metaphysicthat	1
limit	1
vegetation	1
distressed	1
separating	1
detailed	1
clauses	1
difficulties	1
precipitate	1
consolation	1
net	1
constancy	1
rejected	1
casual	1
fondly	1
accessories	1
reduction	1
toilet	1
spirituality	1
sequentur	1
townlife	1
oneself	1
etruscan	1
desires	1
originator	1
behalf	1
adequately	1
ad	1
allsufficiency	1
wolfnurse	1
cherry	1
initiation	1
expansion	1
hic	1
powdered	1
serpentine	1
goodnatured	1
inhow	1
bathingseason	1
moenia	1
xiii	1
launching	1
trains	1
ownthe	1
discriminate	1
replies	1
essences	1
feeblest	1
organized	1
parvulo	1
swamp	1
deferred	1
ignorances	1
classthe	1
accents	1
hints	1
conquest	1
encircled	1
ampulla	1
exclaimed	1
reestablish	1
challenge	1
fellowcitizens	1
itselfa	1
bands	1
perilous	1
wasa	1
giftsa	1
encamped	1
apennines	1
traps	1
lurks	1
glazed	1
superannuated	1
countrygrown	1
striking	1
ceremonyfrom	1
quadruped	1
ironical	1
eros	1
wits	1
saidi	1
strangehelp	1
captive	1
rubbed	1
flatteries	1
himselfsich	1
equityof	1
confronted	1
fable	1
akin	1
furiousness	1
clubs	1
extravagant	1
crust	1
whitewalled	1
mercurys	1
solemnly	1
timethe	1
situations	1
chamberlain	1
reconciliation	1
distinctionas	1
othersfestivals	1
motuque	1
helping	1
touchstone	1
hospitals	1
gladly	1
unwillingnay	1
rag	1
fountains	1
lightsthose	1
independence	1
fountain	1
trod	1
passions	1
diction	1
bottle	1
desiring	1
miseries	1
doves	1
highroad	1
celebrations	1
gathers	1
temperancethe	1
thread	1
continuance	1
comprehensionabove	1
whenever	1
evenly	1
iix	1
patrios	1
marshland	1
outspoken	1
unbelief	1
measuring	1
quarrels	1
tapestry	1
donation	1
spoilers	1
horrors	1
forgot	1
bitter	1
epictetuswhatever	1
loom	1
warming	1
builded	1
academy	1
theophile	1
hackwork	1
seleucia	1
worthily	1
marmorata	1
upright	1
delay	1
overdone	1
whitening	1
crowds	1
formerly	1
becometh	1
evenings	1
schism	1
contents	1
henceforward	1
transitory	1
hissing	1
pretence	1
accensus	1
finger	1
symbolism	1
nails	1
guest	1
keeps	1
tinted	1
contagion	1
dishevelled	1
worthies	1
modulation	1
gymnastic	1
bending	1
insuetum	1
oceanservants	1
decoration	1
monokhronos	1
completed	1
lookout	1
usurped	1
ionia	1
fugitive	1
dusky	1
fast	1
maintenance	1
famished	1
leavesthy	1
misrepresentative	1
ungathered	1
educationmight	1
foreworn	1
lightedby	1
relentless	1
reported	1
shaping	1
selfreproach	1
wool	1
marvels	1
artan	1
heraldry	1
swells	1
prattled	1
humanistwas	1
ancients	1
chestnutmeal	1
appetites	1
reminiscence	1
myths	1
ygoe	1
dramatists	1
ingredient	1
pediment	1
wiles	1
burned	1
magnanimus	1
candour	1
follies	1
obligation	1
concludes	1
fill	1
incurious	1
shrink	1
declined	1
ray	1
attractiveness	1
remnants	1
slily	1
naturalised	1
imaginationyet	1
delicacy	1
nighttime	1
amend	1
threewicked	1
successfully	1
cot	1
recording	1
enjoy	1
profecto	1
v	1
middling	1
ant	1
saintly	1
michelet	1
manager	1
unvarying	1
decayed	1
knights	1
plunged	1
flagstones	1
watervessel	1
enhance	1
foreknown	1
mitigated	1
reproduce	1
hilltown	1
impressibility	1
harden	1
christians	1
blandula	1
pisaor	1
minicius	1
chronique	1
verissimusover	1
limped	1
intensely	1
campaigns	1
ofdisturbing	1
mused	1
induce	1
amanuensis	1
nereus	1
resorted	1
august	1
pushed	1
tonsures	1
purify	1
himso	1
unadorned	1
unpleasant	1
succession	1
occupant	1
zinias	1
idealising	1
sloping	1
virgin	1
jargon	1
crest	1
bone	1
dialogue	1
alienation	1
excitetur	1
avec	1
baffledthen	1
operated	1
himhis	1
scantily	1
safe	1
inside	1
insect	1
illicit	1
selfobliteration	1
prays	1
avoidances	1
hate	1
imagine	1
thingshave	1
colonies	1
spellbound	1
beforea	1
lababant	1
strivinga	1
affect	1
listening	1
beanfields	1
scraps	1
handmaids	1
inaccurate	1
asks	1
bakers	1
dreaded	1
depressing	1
visual	1
subtler	1
unrolled	1
random	1
refusals	1
mild	1
conceding	1
sprinkled	1
corpsein	1
mutationsordinances	1
surveyed	1
myrrhine	1
tend	1
lifts	1
personages	1
freight	1
arising	1
confraternities	1
instruction	1
unexpected	1
earthy	1
obsequies	1
didst	1
discreetly	1
transforms	1
pathless	1
sweetening	1
harbourbar	1
sorceress	1
thatagain	1
confirmation	1
museum	1
downcast	1
member	1
fervid	1
breathe	1
aristippusthe	1
vale	1
abysm	1
suggestive	1
vomiting	1
smiling	1
ministering	1
grammarian	1
calculate	1
mildly	1
swarming	1
sallow	1
feigned	1
idler	1
adjustment	1
blamelessness	1
timea	1
seated	1
hospes	1
aristocratic	1
mentally	1
calendar	1
effulgence	1
confessedly	1
justify	1
marred	1
juice	1
pace	1
persecutions	1
faultiness	1
color	1
disorder	1
swallow	1
closeshut	1
straw	1
athenian	1
boxes	1
lain	1
standards	1
pierced	1
godsprincipes	1
notifies	1
feathered	1
kindliness	1
shutter	1
truant	1
cords	1
seconds	1
mandate	1
convert	1
yearlong	1
felicity	1
sing	1
participation	1
retention	1
aglow	1
boards	1
tenderness	1
strengthened	1
dissolution	1
stature	1
misuse	1
differentlyand	1
iv	1
upper	1
spontaneous	1
flames	1
residence	1
thenmight	1
morally	1
dictating	1
wall	1
springtimethe	1
meddle	1
exerted	1
sanguine	1
responded	1
blandest	1
workthings	1
allboasts	1
formcannot	1
rehabilitation	1
accusing	1
emptyhanded	1
countryman	1
helpful	1
injustice	1
overflow	1
mirrorbearers	1
draws	1
triumphant	1
programme	1
inviting	1
magistro	1
devoured	1
halfruined	1
procured	1
pipes	1
shout	1
fabulinus	1
surround	1
farmsteads	1
sistrumthe	1
sections	1
shopping	1
foretaste	1
revolution	1
functionary	1
reckon	1
deduction	1
banners	1
attractively	1
interdum	1
sphere	1
meditate	1
coy	1
mortalsherb	1
newlymade	1
depths	1
tuam	1
heaviness	1
movements	1
contentions	1
brokenhearted	1
relevant	1
newborn	1
inquired	1
prizes	1
interchange	1
panic	1
wicked	1
compassion	1
maidservant	1
studiis	1
goodliness	1
neology	1
ita	1
selfexpansion	1
highstrung	1
similarly	1
threatening	1
toilsome	1
urna	1
needing	1
mostly	1
disentangling	1
counterfoil	1
indemnity	1
successor	1
unhappiness	1
nerowhat	1
roller	1
annual	1
royal	1
lingerers	1
news	1
address	1
metaphysics	1
platonismwhat	1
cross	1
giftsfor	1
torrent	1
pledge	1
gospel	1
viewing	1
prostration	1
ascend	1
fairer	1
materialist	1
overwhelming	1
camillus	1
grasping	1
brighter	1
connects	1
valuations	1
lowlier	1
lunar	1
offers	1
spiritthose	1
woven	1
bedchamber	1
alarmed	1
rivers	1
craftily	1
benefits	1
worms	1
lucianwritings	1
foolishness	1
braced	1
recognise	1
envy	1
lifeif	1
pretending	1
sunny	1
metamorphoses	1
pomp	1
emphasising	1
amenity	1
roughness	1
straight	1
linen	1
tremulously	1
schoolboy	1
foreseeing	1
weakest	1
athletes	1
lawyer	1
horror	1
plying	1
animating	1
invariably	1
lamentation	1
maladies	1
rim	1
statements	1
maintaining	1
martyrdom	1
firmly	1
undisputed	1
submit	1
gutenbergs	1
voto	1
key	1
standingplace	1
artcasuistries	1
cover	1
performance	1
supplied	1
invaded	1
avoided	1
rapt	1
vainly	1
malady	1
vespasian	1
animus	1
poetica	1
philosophies	1
cumae	1
subterranean	1
agrarian	1
mendicant	1
confounded	1
performances	1
foppery	1
seal	1
playfully	1
passest	1
ruled	1
opinion	1
reserved	1
portunus	1
probabilities	1
alexander	1
replace	1
depreciate	1
outlined	1
lastin	1
carrion	1
caesar	1
intertwining	1
happeneth	1
monotonous	1
inexorable	1
startingdays	1
enquire	1
spinning	1
contains	1
lifeless	1
stronger	1
volunteer	1
sending	1
permanence	1
epicureans	1
detect	1
corneliusof	1
circumstantial	1
trading	1
ion	1
equitable	1
noisy	1
earos	1
aflutter	1
eastern	1
sandheap	1
identify	1
floora	1
exist	1
judgments	1
tuae	1
buildersthe	1
dayon	1
prolonging	1
orientirento	1
inexpensive	1
pliant	1
tetchy	1
inconsiderable	1
nostram	1
pen	1
twofold	1
backwards	1
dis	1
cloister	1
lounged	1
plainly	1
spasm	1
sorrowa	1
meamin	1
wayfarer	1
coverlet	1
frieze	1
linguissilence	1
piquancy	1
gotup	1
matutinal	1
storeys	1
floodgates	1
modified	1
collectedness	1
passionately	1
fallacy	1
insult	1
reversea	1
threshingfloor	1
awayyou	1
decked	1
opportunities	1
ixxiv	1
wordbuildinggravis	1
flavianeit	1
dare	1
disclaimers	1
fortress	1
ruddy	1
herdsman	1
profanities	1
modify	1
credible	1
easiest	1
earths	1
abase	1
guilty	1
nonproprietary	1
commemorated	1
explicit	1
headland	1
salutation	1
architecture	1
hellenising	1
x	1
prize	1
overawe	1
fantasies	1
suchfor	1
remorse	1
saturnalia	1
tablet	1
choose	1
tasted	1
vigil	1
producemight	1
felicitur	1
taskhouses	1
hardset	1
maxime	1
folding	1
amused	1
marchthe	1
wildest	1
theological	1
allegory	1
withmy	1
deified	1
littlea	1
influenced	1
encomium	1
creation	1
grassgrown	1
chose	1
prompts	1
define	1
labourest	1
april	1
legionadvancing	1
playful	1
clearsighted	1
smitten	1
sinking	1
numen	1
passive	1
threefold	1
spectators	1
trained	1
winding	1
bunch	1
candidates	1
wilds	1
odyssey	1
springes	1
essay	1
holds	1
umbratilis	1
emulation	1
illluck	1
omnis	1
rowed	1
allying	1
sadder	1
confidently	1
fellowship	1
curia	1
addresses	1
agent	1
newmown	1
deftly	1
impiety	1
elect	1
arisen	1
dejection	1
sufficeth	1
selfdestruction	1
yearly	1
livingespecially	1
thanked	1
beg	1
lane	1
laxity	1
retained	1
broadly	1
palatial	1
tacitus	1
discipline	1
huddle	1
casuists	1
thingsfrom	1
moulds	1
inexact	1
velvet	1
yearthat	1
stagnant	1
chickensto	1
inflexum	1
tunicis	1
whitemarble	1
injured	1
dogs	1
litters	1
prerogative	1
lift	1
breaks	1
contemporary	1
familiarity	1
invisible	1
merit	1
network	1
twas	1
discernible	1
horizonhe	1
himthis	1
mirth	1
mighta	1
solemnity	1
quiver	1
confronts	1
blandishments	1
meat	1
affectionsinto	1
onethe	1
aspiring	1
neuzeit	1
kallous	1
resemblance	1
sentimentof	1
corridor	1
striving	1
relishing	1
execution	1
halfveiling	1
authorities	1
colourworld	1
httpwwwgutenbergorg	1
delays	1
paper	1
gorgeous	1
adjective	1
blow	1
weeds	1
notwithstanding	1
stiff	1
piping	1
abestdonec	1
rejoin	1
shrewdness	1
fondness	1
meeting	1
oval	1
stoutly	1
link	1
tincture	1
bulls	1
pyre	1
fraternal	1
punitive	1
flaminian	1
front	1
ii	1
shells	1
violates	1
dictatis	1
prefers	1
springtime	1
dedicastis	1
protesting	1
hoardamassed	1
finesses	1
tablets	1
ink	1
loca	1
hound	1
outwardly	1
inconvenient	1
incur	1
overawed	1
lining	1
aftertimes	1
bookish	1
embarrassment	1
impassibility	1
exceedinglyhuc	1
piusan	1
sacredness	1
ugliness	1
rows	1
fasciae	1
themin	1
cheese	1
rigida	1
cave	1
publicly	1
travellingcompanions	1
proverb	1
buoyancy	1
suchof	1
attain	1
manyhued	1
albas	1
nightly	1
specific	1
celebrity	1
distorting	1
peculiarity	1
impromptu	1
afflict	1
mourn	1
cometh	1
ephemeral	1
warnings	1
rumourto	1
godsceres	1
sicknesses	1
destitution	1
translating	1
observance	1
mountaintop	1
coffer	1
proceed	1
remouldshow	1
fierceness	1
subjects	1
fineart	1
nihilism	1
patronage	1
bonds	1
theatre	1
waterside	1
likewise	1
constructed	1
unforced	1
foam	1
asterisk	1
monumental	1
spin	1
wildflowers	1
conception	1
clemency	1
locumand	1
vexed	1
pairing	1
infirmities	1
mediatorial	1
thatthe	1
induced	1
waxen	1
homes	1
healthylooking	1
barbarously	1
parapet	1
slaughterhouse	1
fur	1
violets	1
inconsistency	1
baffled	1
fieldflowers	1
greendonec	1
asp	1
justification	1
actionthe	1
sounded	1
tension	1
dishonour	1
breezy	1
taxes	1
ida	1
eyeseyes	1
patroness	1
stye	1
avenged	1
broader	1
remotely	1
followers	1
prostrate	1
charmed	1
exaggerated	1
leonnatus	1
quintessence	1
invalidity	1
macabrethat	1
delayed	1
closelywoven	1
liberal	1
knight	1
seamen	1
experiencemans	1
telling	1
habitation	1
kneeling	1
trusted	1
commonest	1
hurry	1
skilful	1
filtered	1
poignancy	1
cough	1
heracliteanism	1
commercial	1
comprehensive	1
interfered	1
peculiarities	1
formulated	1
indulgent	1
hers	1
goals	1
wools	1
minerva	1
hissed	1
younot	1
brutalise	1
acrid	1
distinctness	1
augustines	1
scruples	1
frivolity	1
glimpses	1
ease	1
poisonous	1
restoration	1
paperwork	1
transalpine	1
doorpost	1
fluteplayers	1
square	1
decease	1
dawned	1
perhapsbut	1
bottomless	1
plausible	1
harmoniously	1
overthrow	1
ether	1
manipulating	1
tendance	1
wholesome	1
ponder	1
pridenay	1
lifespirit	1
disputations	1
dusty	1
expressionnonnihil	1
bloodshedding	1
erasure	1
catholic	1
dismisses	1
stair	1
undoubtedly	1
concert	1
uttermost	1
talk	1
honest	1
killed	1
traitorous	1
efficient	1
disfigure	1
hawk	1
hammer	1
mimic	1
aureliusmuch	1
outgrown	1
possibilities	1
furies	1
believe	1
gem	1
serenely	1
narrative	1
selfcorrection	1
homeward	1
transitive	1
retired	1
lares	1
ciacco	1
peevishness	1
breed	1
celebrare	1
debarred	1
bark	1
theorytheoriathat	1
complexity	1
idol	1
rehearsal	1
refusal	1
hopefulnessfreshness	1
chariots	1
wrote	1
designate	1
sleepingrooms	1
torpor	1
unlink	1
eighteen	1
loveto	1
vagrant	1
unclothed	1
leaders	1
abstractions	1
imaginary	1
dignify	1
artificially	1
survivals	1
fringe	1
competing	1
accent	1
altered	1
frequent	1
instruct	1
vii	1
seas	1
anythinghow	1
cynthia	1
tragicomedy	1
coral	1
lonely	1
suspecting	1
cnidus	1
clearer	1
cornfan	1
dexterous	1
distasteful	1
urgent	1
contending	1
magistrate	1
undulating	1
motions	1
saydespairs	1
hunts	1
creative	1
placesurely	1
fellow	1
stormy	1
survey	1
compel	1
selfcomplacency	1
successors	1
trunks	1
illwill	1
slanting	1
sequestered	1
pitched	1
aversion	1
firelight	1
translates	1
station	1
assert	1
pontiffs	1
nose	1
relative	1
subtly	1
spotless	1
serene	1
canon	1
trample	1
prized	1
report	1
arcady	1
canst	1
habitsthe	1
melodramatic	1
oracles	1
flowered	1
hopes	1
bad	1
hoia	1
deliriumsymptom	1
smouldering	1
doublecoloured	1
reinforced	1
fictions	1
damask	1
aurum	1
fingertips	1
humanitynot	1
playground	1
strewn	1
differently	1
isolating	1
snake	1
viii	1
tokens	1
coloured	1
charms	1
additions	1
gown	1
crazy	1
middleaged	1
conditionsthe	1
choir	1
hellas	1
selfdenial	1
enemiesa	1
bloodshed	1
isisthe	1
quantity	1
turfgrown	1
allwords	1
climbedst	1
pitiless	1
exacting	1
enabling	1
liturgical	1
noon	1
sculptured	1
peep	1
poverty	1
firstline	1
archaism	1
errors	1
invaders	1
rude	1
abibis	1
fishers	1
trellis	1
cuba	1
ceasing	1
mausoleum	1
flavians	1
amidst	1
gleamed	1
guess	1
antiquo	1
springtide	1
fulsome	1
bowing	1
decorate	1
damaged	1
seesee	1
mythus	1
maximum	1
disfigured	1
witnessing	1
prettinessesall	1
drily	1
exclude	1
segarer	1
freshnesshis	1
agonised	1
truththe	1
albinius	1
eternally	1
redhot	1
quae	1
impassive	1
yourselves	1
confirm	1
austerity	1
maze	1
rejecting	1
asis	1
puts	1
diverse	1
tenacious	1
xii	1
nicety	1
expanse	1
congenial	1
compitalian	1
diligent	1
anticipated	1
cuirass	1
button	1
hourthe	1
sacrifices	1
elaborate	1
catching	1
practicethat	1
millet	1
gratiam	1
roughly	1
curves	1
vice	1
rumours	1
kill	1
pains	1
females	1
accumulated	1
saltem	1
announcements	1
fardel	1
earn	1
neatly	1
breaketh	1
revenge	1
unadulterate	1
maintainwas	1
soften	1
bacon	1
ferryman	1
infringement	1
worker	1
beingthat	1
reckoned	1
summers	1
stilled	1
classic	1
conveying	1
dieth	1
complaining	1
mannerwhich	1
bounded	1
shepheardes	1
causeway	1
aggregates	1
uncertainty	1
box	1
perplexity	1
anxiously	1
grudging	1
controversial	1
henceforth	1
secretumque	1
perturbed	1
harp	1
garment	1
wants	1
condensed	1
boats	1
freehold	1
dog	1
settled	1
narrating	1
ledges	1
aspasiabut	1
mania	1
countenances	1
bridge	1
slow	1
doest	1
courser	1
portionhow	1
favours	1
peculiumthe	1
smiles	1
assumption	1
joined	1
artlessness	1
reckoning	1
aristippum	1
contract	1
frizzled	1
hushed	1
herbs	1
newsletter	1
familythe	1
sterile	1
constituents	1
hideous	1
remedy	1
snare	1
commonplace	1
pontificates	1
onlythe	1
skill	1
ruler	1
ceremonious	1
buttons	1
perfumes	1
porticoes	1
swept	1
possibly	1
injure	1
withdrew	1
figurative	1
unheightened	1
thorns	1
constructio	1
intonation	1
captain	1
yclad	1
brows	1
chanting	1
witched	1
concurred	1
compass	1
infrequent	1
undertaking	1
disturbance	1
shoreside	1
illumination	1
renamed	1
barleybread	1
endless	1
authorised	1
properties	1
gazette	1
grisly	1
manipulated	1
unmoved	1
romanticists	1
constantly	1
persuade	1
complained	1
pudor	1
freshest	1
smothered	1
consists	1
congratulations	1
museums	1
seizing	1
massacre	1
shame	1
feud	1
virus	1
widely	1
sprightly	1
loyallyand	1
streams	1
sweated	1
sources	1
elocutione	1
advice	1
endsends	1
dont	1
cultus	1
scaevola	1
meadows	1
corrected	1
regrets	1
onethat	1
romeheroism	1
paganismthe	1
novella	1
rhythm	1
disabused	1
facing	1
shipwrecked	1
propitiating	1
restrained	1
daytime	1
knocking	1
recline	1
rests	1
outrage	1
saythat	1
maladroit	1
stoicism	1
panel	1
pergamus	1
improved	1
mating	1
stroke	1
embellishment	1
childrens	1
glutton	1
locality	1
abandonment	1
entanglement	1
unuttered	1
beget	1
hell	1
persisted	1
courtesan	1
weak	1
matured	1
eachrestoring	1
wars	1
jewellers	1
elegantly	1
hired	1
strife	1
tranquillising	1
profectus	1
concord	1
oliveclad	1
sentences	1
comfort	1
wedded	1
impressionsto	1
indirect	1
tide	1
regained	1
selfyou	1
secured	1
homewith	1
saidtrust	1
wavering	1
charitable	1
capitoline	1
starmatter	1
supposition	1
sayest	1
peasantry	1
contests	1
happiest	1
sex	1
drink	1
purposes	1
patrician	1
probable	1
dwarf	1
tossed	1
cant	1
arranging	1
fleet	1
heavens	1
prosaic	1
chaplets	1
servile	1
adorn	1
borders	1
limen	1
upstream	1
pedantic	1
mosaicwork	1
ignobly	1
contemplative	1
involuntarily	1
roe	1
proposal	1
rolls	1
grape	1
freedman	1
casuistry	1
provisions	1
coals	1
nimble	1
mythic	1
brisk	1
resignation	1
cheimerinos	1
landscapethe	1
oftrepeated	1
rosawas	1
verdure	1
coincident	1
outspread	1
washed	1
capitis	1
candid	1
synonymous	1
mineral	1
sacrilegious	1
decorous	1
fasten	1
blest	1
unveiled	1
farewell	1
renouncing	1
proof	1
uncompromising	1
hanging	1
commend	1
sewed	1
puzzle	1
tableland	1
polytheistic	1
corporation	1
sail	1
filea	1
shine	1
sacristans	1
whitewashed	1
holdeth	1
affair	1
felicitous	1
emperorand	1
winds	1
sufficiently	1
mirrors	1
plates	1
apoplexy	1
summerlike	1
piecemeal	1
hells	1
herds	1
researches	1
sickbeds	1
placesthe	1
overcame	1
diligence	1
happinessits	1
unruffled	1
humane	1
decora	1
loathsome	1
desirableness	1
whitelinen	1
hoc	1
invocation	1
ardour	1
solicitation	1
overtook	1
congruous	1
meo	1
sunshinewere	1
span	1
agreeableness	1
alternate	1
counsellors	1
vulgarthese	1
infant	1
whiteness	1
faults	1
precedent	1
excusable	1
unexpectedly	1
schools	1
mysticity	1
provisam	1
blissful	1
caryae	1
ex	1
augusti	1
european	1
strangest	1
zip	1
imperator	1
molest	1
interval	1
compacted	1
genuinely	1
repetition	1
crooked	1
shortcomings	1
aloud	1
pageend	1
uncovered	1
clothed	1
custodians	1
paestum	1
cognition	1
laminae	1
hypertext	1
uppermost	1
offspring	1
agea	1
mekistai	1
abject	1
tacitly	1
separated	1
temperaments	1
imitations	1
thingthat	1
curved	1
republic	1
lanterns	1
deletions	1
hunc	1
undreamedof	1
mess	1
until	1
wherewith	1
decorously	1
underrate	1
superior	1
narrowly	1
wordsla	1
napkins	1
perfectionsay	1
chivalrous	1
warbling	1
chaldeans	1
everhe	1
differs	1
lanterned	1
dexterously	1
iii	1
pet	1
crystal	1
hopeless	1
sensesto	1
quire	1
symbols	1
converse	1
halfselfish	1
terminate	1
despised	1
prospecttower	1
tum	1
presumably	1
callosities	1
adhering	1
manhoodasserted	1
harder	1
furthest	1
spark	1
quarrelling	1
beneficently	1
liked	1
trials	1
stench	1
thin	1
verum	1
queasy	1
refinements	1
hardened	1
hazardous	1
edified	1
text	1
allied	1
lorium	1
womanly	1
mars	1
sojourn	1
unfaltering	1
sospita	1
urbsvetus	1
crowns	1
inducement	1
ought	1
galens	1
eyelids	1
fathera	1
develop	1
halfway	1
membership	1
stumbled	1
wrongdoers	1
collar	1
acquire	1
wooden	1
tracks	1
raises	1
thingnot	1
represents	1
keen	1
unhindered	1
slavery	1
ferryboat	1
bees	1
hiddenness	1
representationidola	1
matutini	1
binary	1
hooked	1
preceding	1
panthea	1
intending	1
woodland	1
cities	1
deathwith	1
summoning	1
seven	1
penmanship	1
seawind	1
patterning	1
counts	1
scrupulosity	1
detractors	1
educational	1
commonwealth	1
surroundings	1
schola	1
hinder	1
takes	1
serviceable	1
hastened	1
corded	1
pulsation	1
forty	1
blocks	1
sexes	1
dissidence	1
outrun	1
rags	1
infection	1
carrara	1
singal	1
licensed	1
wordsworth	1
flutter	1
profusion	1
prophet	1
animalism	1
proved	1
flattery	1
impious	1
experimental	1
trifling	1
eldest	1
contributing	1
hoard	1
smooth	1
fleecy	1
fruittrees	1
frightened	1
attitudes	1
thinkers	1
earthliness	1
dorso	1
silently	1
unintelligible	1
swiftness	1
decorem	1
brotherly	1
cato	1
readinggiven	1
adoration	1
blind	1
subdue	1
usedup	1
nations	1
seeinglying	1
dignified	1
tritons	1
plant	1
mutations	1
exigency	1
tam	1
caelian	1
counting	1
tremble	1
imaginable	1
diplomatic	1
foretold	1
customary	1
total	1
lifelong	1
leads	1
luckless	1
loudly	1
supplications	1
ceremoniarius	1
afterdays	1
substructure	1
grammarians	1
melius	1
hedonistic	1
unwieldy	1
physicians	1
txt	1
wedding	1
participator	1
local	1
battles	1
truancylike	1
causing	1
sorrowfully	1
descendeth	1
sore	1
simultaneously	1
lodgings	1
flavour	1
breastplate	1
meanness	1
forsee	1
sincerity	1
adverse	1
refused	1
shelves	1
epitaphs	1
faciem	1
berry	1
industriously	1
preceptbe	1
zu	1
humblest	1
intervened	1
township	1
sharply	1
dun	1
relics	1
volcanic	1
cattle	1
relation	1
httppglaforgdonate	1
roll	1
seeketh	1
grim	1
hasted	1
dusk	1
unshrinking	1
themthat	1
sheds	1
bracelet	1
villagers	1
seized	1
discontinue	1
distort	1
unwisely	1
distrust	1
subjectivity	1
journeys	1
dost	1
shrinking	1
himthat	1
talents	1
alliance	1
undeterred	1
devouring	1
deepened	1
panicstricken	1
axiomatic	1
lacing	1
horseback	1
multitudes	1
deducible	1
veins	1
driver	1
resources	1
defection	1
mankind	1
america	1
baggage	1
nowone	1
meek	1
explain	1
scarlet	1
fellowcitizenship	1
contingat	1
solid	1
newness	1
metallic	1
habitude	1
passably	1
urbanities	1
affright	1
baskets	1
fairbanks	1
jerk	1
physiognomies	1
betook	1
goethe	1
machine	1
waving	1
texts	1
forbearing	1
fibre	1
snatched	1
halfsuspicious	1
arresting	1
enterprise	1
nowthere	1
drops	1
claye	1
reduced	1
freedmans	1
proposed	1
idiom	1
rivalries	1
indrawn	1
leisurable	1
instructed	1
greedy	1
tints	1
careless	1
basket	1
comest	1
problematic	1
touching	1
oak	1
aftertaste	1
loathes	1
frankly	1
severer	1
convention	1
grievous	1
enactments	1
eloquencethe	1
spices	1
oratory	1
daysendowing	1
hymnfana	1
symptom	1
rivals	1
breeding	1
feronia	1
mask	1
fibrewell	1
sooth	1
inkling	1
rouse	1
worse	1
poppyseed	1
entrance	1
beaten	1
pedibusque	1
compressed	1
assiduously	1
want	1
ratheryet	1
listed	1
disk	1
causal	1
loses	1
visionhe	1
exhibiting	1
inextinguishable	1
transferred	1
professors	1
silvergilt	1
glistening	1
pausing	1
rustle	1
filius	1
uttered	1
lineend	1
jest	1
fasces	1
consummation	1
theoretic	1
propitiate	1
prescribed	1
patriotic	1
beginnings	1
seduction	1
poems	1
unexpressed	1
purification	1
pretended	1
pack	1
finds	1
coldness	1
voicea	1
needlework	1
carries	1
antimetaphysical	1
immeasurably	1
government	1
endsthat	1
morose	1
labourers	1
talks	1
shepherd	1
uplifted	1
answerable	1
halfreal	1
acutely	1
salutations	1
ligeia	1
graecostasis	1
playfulness	1
penates	1
stanza	1
methode	1
blamed	1
threatens	1
selfpossessed	1
sensibly	1
charmidesthat	1
disposition	1
raise	1
fortify	1
ambrosial	1
childrenthe	1
woe	1
sandalwood	1
price	1
canna	1
des	1
ethnon	1
onesjust	1
seductions	1
questionhow	1
manliness	1
advised	1
smote	1
forgottten	1
floorthe	1
steeply	1
accessible	1
laterto	1
suspicions	1
worst	1
adventurethe	1
burlesque	1
defining	1
hesitate	1
agreeing	1
checks	1
forwards	1
ritualistsas	1
sonorous	1
groundwork	1
itlike	1
eternities	1
adds	1
procure	1
rank	1
wholesomely	1
crossed	1
welcoming	1
rem	1
taxing	1
goldrattling	1
handed	1
suburb	1
caius	1
implicit	1
pent	1
qualifying	1
dating	1
chords	1
labourer	1
mistressaurum	1
supplication	1
nobly	1
nocturn	1
homewards	1
underrated	1
indefinitely	1
godshoia	1
cling	1
piuscommended	1
formation	1
mansion	1
wagon	1
crude	1
unitary	1
mihi	1
zealous	1
listeningyes	1
stifle	1
sophist	1
flow	1
conduit	1
valueless	1
sheared	1
erudition	1
fortunethat	1
reactionary	1
aquileia	1
agean	1
graphein	1
sorrowing	1
wake	1
motherinlaw	1
tranquillity	1
golddust	1
passages	1
artfully	1
defy	1
furry	1
intuitions	1
stimulating	1
confusion	1
textures	1
impulses	1
cipher	1
pregnant	1
delightfully	1
shouting	1
personand	1
antioch	1
te	1
manuscripts	1
recommenced	1
lizard	1
offend	1
evident	1
resumed	1
ferrying	1
climb	1
bosoms	1
soninlaw	1
election	1
runs	1
gardengod	1
transliterated	1
ghosts	1
prompting	1
wildly	1
flimsy	1
govern	1
cottagers	1
carthage	1
convalescent	1
impressionsso	1
milkhad	1
greekwhy	1
identifying	1
quaintly	1
pleasanter	1
bedding	1
ethics	1
disciplined	1
arm	1
perchwhite	1
trust	1
elementary	1
virgins	1
thusintuitions	1
goblets	1
halfmaterialthe	1
novellawas	1
sown	1
enriching	1
abstracthe	1
terrified	1
plundering	1
unamiable	1
perfumed	1
countries	1
flattering	1
tooamid	1
sweat	1
manufacture	1
curtailed	1
jumped	1
questiondont	1
corresponding	1
arguments	1
unwelcome	1
ingeniously	1
blackbird	1
accorded	1
criticism	1
curving	1
helicon	1
nemesis	1
enumeration	1
blueflowering	1
fioreas	1
crunches	1
asses	1
eve	1
theirs	1
lictors	1
ministrant	1
fatality	1
pleaded	1
nuts	1
contemplating	1
confused	1
liking	1
citizen	1
indicating	1
composers	1
inmates	1
vanitya	1
agreeable	1
sung	1
capricious	1
darts	1
feverishness	1
longed	1
miscall	1
sacramental	1
endearments	1
artthy	1
continueth	1
farming	1
penalty	1
encoding	1
fund	1
undone	1
celestia	1
writings	1
brimful	1
imprisoned	1
tricked	1
defiant	1
brazier	1
quarries	1
hypothetical	1
third	1
miraculously	1
fantastical	1
abundance	1
wearied	1
rebuilder	1
involving	1
insomuch	1
gracefully	1
peevish	1
bookseller	1
architectural	1
flaminia	1
ambiguous	1
pipe	1
cheer	1
presences	1
worldlywisdom	1
political	1
homewent	1
renaissance	1
observantas	1
hasteth	1
gable	1
tendencies	1
dilexi	1
blast	1
momentary	1
vicus	1
candidus	1
proclaimed	1
voluptas	1
unmindful	1
egotism	1
precautions	1
clouded	1
epicurus	1
twelfth	1
halflighted	1
maidens	1
trademarkcopyright	1
gained	1
fashioning	1
adventures	1
imposed	1
vesturemistress	1
realisation	1
dancers	1
tost	1
omen	1
starving	1
fuit	1
misprinted	1
guards	1
volesus	1
compromise	1
obtains	1
motives	1
fraud	1
dienot	1
brotherhood	1
consecrate	1
uttering	1
consciously	1
punish	1
coil	1
ripen	1
winepress	1
privileged	1
naivete	1
pollute	1
dionysiac	1
fleeces	1
convictions	1
literarum	1
indirectly	1
performed	1
roughtiled	1
accessed	1
fulnessenergy	1
victorianist	1
lais	1
fresco	1
youthon	1
compelled	1
pompeii	1
genii	1
prattle	1
pleasantness	1
console	1
thrust	1
pallidula	1
farmyards	1
punctiliously	1
dutiful	1
plucking	1
whiteclad	1
drank	1
confarreation	1
statue	1
nonentity	1
ein	1
desiderio	1
seenin	1
involves	1
shepherdgod	1
guestchamber	1
vigilias	1
rages	1
seagate	1
coils	1
ignoble	1
charities	1
paragraphing	1
giddiness	1
prefer	1
rebuilding	1
hates	1
bathingplace	1
lifting	1
transmute	1
fulltext	1
veneristhe	1
stranger	1
impressionsthe	1
conquests	1
halfpleading	1
decorative	1
consumptive	1
services	1
consume	1
correct	1
ministeroutward	1
sufferinghad	1
insurrection	1
midnight	1
whitethornwood	1
beforehand	1
mutation	1
fortunately	1
covered	1
ambarvalia	1
battle	1
waits	1
displeased	1
brim	1
patriarchal	1
males	1
pillars	1
deductible	1
shower	1
benignantly	1
loitering	1
enlist	1
itineris	1
tuningrod	1
reasoned	1
stupidity	1
apace	1
financial	1
ponderingthe	1
contrasted	1
request	1
intelligently	1
outracing	1
contracted	1
thenwhat	1
idols	1
misty	1
discomfort	1
lions	1
wailing	1
beast	1
recalled	1
halfburied	1
faultlessness	1
card	1
aporroe	1
gleaming	1
flutes	1
devote	1
scramble	1
star	1
vindicet	1
precluded	1
forsaken	1
recurring	1
appoint	1
butchers	1
describe	1
hail	1
destroyer	1
assertion	1
testing	1
gravest	1
irs	1
oclock	1
tuscus	1
principal	1
alert	1
myrtles	1
afternoons	1
engrossed	1
follows	1
families	1
exigent	1
lighting	1
huddled	1
patternwhat	1
turns	1
combined	1
pigmy	1
buy	1
decisive	1
driving	1
titular	1
warns	1
deathscene	1
butlet	1
princely	1
votaries	1
desperateness	1
noticeable	1
addition	1
begot	1
innovating	1
wish	1
subtleties	1
resounding	1
loaded	1
freighting	1
inborn	1
prolong	1
sanctioned	1
sire	1
provision	1
paenula	1
familychapel	1
unworldly	1
combs	1
wantswhile	1
dissemblingly	1
intimacies	1
therewithal	1
questioner	1
passively	1
praises	1
thirtysix	1
ceremoniesand	1
headaches	1
germination	1
busts	1
despair	1
realm	1
achieved	1
arraythe	1
unreality	1
wrapper	1
rash	1
unexplored	1
polytheist	1
littleto	1
rabies	1
veils	1
loyally	1
prodigies	1
distraught	1
crags	1
godspacem	1
abolished	1
colleges	1
temptation	1
strokea	1
scandaleuse	1
erected	1
bliss	1
upland	1
pegged	1
verbaque	1
finery	1
rage	1
twanging	1
windowless	1
outsider	1
jot	1
domnula	1
matronae	1
officiated	1
negation	1
grapheinmight	1
bars	1
virility	1
cognoscam	1
whomsoever	1
escort	1
discerning	1
scarves	1
fancying	1
immense	1
protectiveness	1
nakedness	1
gentians	1
inestit	1
bonea	1
edge	1
administration	1
hungrily	1
liable	1
blank	1
plants	1
mare	1
polity	1
beholding	1
inferno	1
lotus	1
renounce	1
fearing	1
numeral	1
penetrate	1
modus	1
romulusso	1
entrenchments	1
afterthoughtthe	1
unsteady	1
gleam	1
impressible	1
softness	1
coherence	1
prompted	1
compilation	1
fulfilled	1
combine	1
prometheus	1
arminius	1
blandness	1
dejectedly	1
roads	1
tends	1
casting	1
worldthat	1
behindflammantia	1
cliffs	1
editor	1
unforeseen	1
practicethe	1
prisonworkhouses	1
battled	1
repugnance	1
jaws	1
acquisition	1
devised	1
togethersome	1
skinful	1
antinomian	1
bearings	1
pleading	1
nudula	1
transformation	1
contemptu	1
interests	1
liggen	1
slice	1
innermost	1
tirewomen	1
adieu	1
lifea	1
joking	1
httpwwwgutenbergnet	1
esteemed	1
dismisseth	1
theethat	1
reproach	1
eloquent	1
mules	1
visitors	1
utterly	1
thyselfhow	1
excites	1
softened	1
bearers	1
lavender	1
tarries	1
arched	1
lege	1
profitable	1
idiomsonantia	1
bunches	1
sums	1
potential	1
expresses	1
lari	1
finding	1
spend	1
productions	1
culprit	1
