the	3569
and	1744
to	1296
of	1242
a	1054
i	1015
was	654
in	648
with	484
that	450
as	407
you	391
he	378
it	369
for	355
had	342
his	340
my	334
on	321
me	270
but	262
by	253
this	250
were	238
at	237
her	224
out	201
not	199
him	199
which	184
be	181
up	180
all	178
have	169
they	169
or	167
we	162
men	161
from	159
them	155
upon	155
ship	141
said	138
when	137
man	133
would	127
one	125
some	124
what	124
no	123
duckling	121
is	121
she	119
over	119
if	116
your	116
so	115
there	113
into	110
us	108
then	107
captain	107
their	107
who	105
do	105
could	105
an	101
now	97
been	91
came	89
project	89
deck	88
wind	88
hands	83
are	82
like	82
made	78
water	78
work	76
under	76
down	75
see	74
about	74
any	74
sea	74
went	73
get	72
away	72
well	71
very	70
than	68
time	67
coxon	66
ships	65
though	63
against	61
its	59
sir	59
off	58
enough	58
here	58
looked	57
before	57
should	57
will	56
might	56
gutenbergtm	56
through	54
other	54
go	53
more	53
let	51
crew	51
skipper	50
head	50
our	50
cuddy	50
face	50
aft	49
two	49
along	48
boat	48
ill	48
voice	48
dont	48
say	48
right	47
way	47
make	47
good	45
saw	45
such	45
cabin	45
among	45
put	44
after	44
where	44
sails	43
sail	42
exclaimed	42
only	42
mr	42
got	42
without	42
forecastle	42
vessel	42
know	41
keep	41
eyes	41
just	41
must	40
heard	40
carpenter	40
cook	40
stood	40
these	40
again	40
did	40
thought	39
side	39
full	39
may	38
come	38
great	38
being	37
poop	37
can	37
below	37
door	37
took	37
wreck	37
called	36
answered	36
light	36
another	36
canvas	36
much	36
steward	35
tell	35
give	35
few	35
look	35
sky	35
hand	34
something	34
cried	34
forward	33
back	33
first	33
pilot	33
board	32
watch	32
heavy	32
nothing	32
long	32
every	32
works	32
until	31
little	31
myself	31
moment	31
lay	31
too	30
gutenberg	30
looking	30
day	30
still	30
three	29
old	29
life	29
most	29
fellow	29
round	29
how	28
found	28
others	28
hear	28
turned	27
towards	27
electronic	27
clear	27
never	27
am	26
making	26
both	26
having	26
hair	26
replied	26
set	26
held	26
terms	25
course	25
take	25
fell	25
white	25
maindeck	24
left	24
quite	24
hold	24
minutes	23
going	23
want	23
done	23
pork	23
starboard	23
breeze	23
mind	23
horizon	23
provisions	23
aint	23
biscuit	23
think	23
decks	23
foundation	22
wheel	22
gave	22
bread	22
e	22
turn	22
kind	22
short	22
swell	22
night	22
running	22
even	22
kept	22
however	22
air	22
eat	22
once	21
gale	21
four	21
those	21
use	21
coming	21
own	21
close	21
sight	21
near	21
mate	21
topsails	21
around	21
couple	21
strong	21
theres	21
better	21
pretty	20
port	20
girl	20
boatswain	20
ran	20
asked	20
himself	20
overboard	20
yards	20
black	20
deal	20
has	19
astern	19
fore	19
grosvenor	19
mates	19
order	19
last	19
part	19
yes	19
feet	19
knew	19
seemed	19
save	19
youll	19
royle	19
o	19
soon	19
new	18
body	18
agreement	18
began	18
table	18
sun	18
yet	18
legs	18
seas	18
whilst	18
rolled	18
struck	18
standing	18
em	17
rather	17
half	17
bows	17
brought	17
cant	17
glass	17
vessels	17
says	17
charge	17
bad	17
arms	17
open	17
end	17
voices	17
eye	17
followed	16
presently	16
perhaps	16
scarcely	16
high	16
dead	16
told	16
holding	16
thats	16
dark	16
masts	16
topgallant	16
fresh	16
seen	16
shouted	16
ashore	16
moments	16
stand	16
line	16
mean	16
stores	16
whole	16
aloft	16
gone	16
fast	16
donations	15
irons	15
rest	15
watching	15
sailors	15
archive	15
sound	15
walked	15
chief	15
youre	15
license	15
weather	15
either	15
run	15
small	15
taken	15
tried	15
same	15
ready	15
turning	15
states	15
big	15
call	14
far	14
since	14
orders	14
leave	14
things	14
bunk	14
already	14
word	14
blue	14
red	14
galley	14
mouth	14
temper	14
rose	14
bow	14
matter	14
hes	14
filled	14
tea	14
while	13
fellows	13
waves	13
arm	13
heavily	13
show	13
ever	13
next	13
morning	13
nearly	13
oclock	13
roared	13
noticed	13
deep	13
carried	13
pipe	13
find	13
copyright	13
mutiny	13
breakfast	13
literary	13
position	13
pale	13
words	13
within	13
place	13
bit	13
always	13
shall	13
south	12
hull	12
god	12
foam	12
hard	12
bring	12
fit	12
smartly	12
caught	12
hour	12
oh	12
nose	12
boats	12
calm	12
plain	12
answer	12
used	12
eight	12
copy	12
days	12
means	12
broke	12
speak	12
shore	12
notice	12
weve	12
north	12
overhead	12
taking	12
expression	12
johnson	11
fine	11
paragraph	11
scene	11
during	11
furled	11
ducklings	11
whom	11
seized	11
passed	11
clouds	11
swung	11
quickly	11
lads	11
hours	11
proper	11
united	11
help	11
lights	11
watched	11
living	11
poor	11
bulwarks	11
everything	11
im	11
themselves	11
free	11
change	11
rush	11
including	11
breath	11
rolling	11
sometimes	11
clothes	11
power	11
sudden	11
ebook	11
sar	11
hung	11
sure	11
f	11
appeared	11
steering	10
foot	10
whats	10
saying	10
evidently	10
sailor	10
name	10
furiously	10
channel	10
gangway	10
sharp	10
grog	10
indeed	10
skylight	10
stevens	10
captains	10
character	10
times	10
dry	10
mens	10
single	10
alongside	10
silence	10
pitch	10
meant	10
rage	10
access	10
halliards	10
carrying	10
easily	10
trademark	10
west	10
almost	10
also	10
above	10
refund	10
porthole	10
attention	10
believe	10
talk	10
windward	10
point	10
stars	10
second	10
trouble	10
thing	10
quarter	10
forth	10
because	9
seamen	9
giving	9
rail	9
voyage	9
ahead	9
asleep	9
catch	9
pulled	9
spray	9
blood	9
seeing	9
quiet	9
present	9
each	9
best	9
doing	9
main	9
shining	9
lying	9
cannot	9
information	9
valparaiso	9
fish	9
number	9
thunder	9
swept	9
feeling	9
deckhouse	9
several	9
violently	9
murder	9
less	9
waiting	9
company	9
hed	9
doubt	9
immediately	9
mizzen	9
continued	9
arent	9
laws	9
braces	9
talking	9
fro	9
english	9
public	9
fair	9
across	9
ive	9
land	9
minds	9
molasses	9
rigging	9
immense	9
steady	9
window	9
agree	9
lookout	9
corner	9
foreland	9
try	9
anything	9
food	9
theyre	8
drew	8
state	8
smoke	8
difficulty	8
serve	8
ordered	8
strange	8
expected	8
aboard	8
alive	8
nine	8
afterwards	8
flying	8
produced	8
felt	8
showing	8
returned	8
advanced	8
wont	8
given	8
paid	8
thoughts	8
swinging	8
pair	8
broad	8
addressing	8
owing	8
blow	8
fee	8
effort	8
streaming	8
wait	8
probably	8
received	8
cold	8
therefore	8
remained	8
joined	8
skylights	8
pannikin	8
person	8
easy	8
fall	8
mainsail	8
violence	8
further	8
wants	8
chapter	8
knees	8
creature	8
yard	8
shone	8
ears	8
country	8
movement	8
green	8
return	8
entered	8
large	8
sort	8
beautiful	8
aback	8
threw	8
knocked	8
piece	8
saved	8
unless	8
ten	8
job	8
associated	8
faint	8
outside	8
whether	8
domain	8
laid	8
alone	8
surface	8
ll	8
thick	8
knife	8
brass	8
mainroyal	8
moon	8
pocket	8
stern	8
coxons	8
pointing	8
dropped	7
past	7
happened	7
pay	7
darkness	7
quarterdeck	7
showed	7
many	7
royals	7
reached	7
coarse	7
volume	7
nor	7
hundred	7
behind	7
copies	7
suddenly	7
five	7
foretopsail	7
pulling	7
coat	7
instantly	7
knows	7
skippers	7
twenty	7
impossible	7
leaving	7
understood	7
memory	7
fire	7
biscuits	7
closed	7
ordinary	7
ebooks	7
sense	7
foretopmast	7
beam	7
guess	7
slowly	7
pause	7
cries	7
sweet	7
sailed	7
object	7
downs	7
roll	7
shrouds	7
rope	7
blowing	7
warm	7
none	7
wet	7
yonder	7
behaviour	7
meat	7
distributing	7
bottom	7
waited	7
companion	7
distance	7
hove	7
feel	7
meet	7
wild	7
young	7
bidding	7
plenty	7
thinking	7
hoarse	7
dirty	7
fist	7
heres	7
yellow	7
bound	7
putting	7
direction	7
brilliant	7
sake	7
sides	7
act	7
demanded	7
bringing	7
mainmast	7
picture	7
tin	7
permission	7
served	7
sprang	7
tide	7
freshened	7
low	7
ear	7
hat	7
section	7
longboat	7
hell	7
shipped	7
road	7
yourself	7
lost	7
miles	7
possible	7
stop	7
reef	7
why	7
mizzenmast	7
moving	7
ought	7
sat	7
seated	7
people	7
understand	7
provide	7
leg	6
vanished	6
cut	6
leeward	6
william	6
cable	6
lifted	6
named	6
figure	6
rushing	6
really	6
safe	6
live	6
coast	6
third	6
stepped	6
miserable	6
together	6
faces	6
devil	6
hauled	6
lamps	6
anchor	6
gods	6
orleans	6
mutinous	6
killed	6
added	6
helped	6
fury	6
pitched	6
rushed	6
lets	6
between	6
wish	6
grew	6
resolved	6
reach	6
clean	6
loud	6
laughed	6
glad	6
till	6
house	6
dropping	6
choose	6
smart	6
complaints	6
general	6
opened	6
comply	6
knowing	6
play	6
cast	6
de	6
mahogany	6
signal	6
keeping	6
hoisted	6
dinner	6
following	6
tax	6
online	6
believed	6
southward	6
poopladder	6
broken	6
hope	6
bent	6
bells	6
gentleman	6
madman	6
quarterboat	6
cot	6
blew	6
opinion	6
fixed	6
ground	6
wessel	6
level	6
quietly	6
death	6
spoke	6
stewards	6
longer	6
blown	6
effect	6
hearing	6
awake	6
true	6
beginning	6
cleared	6
lines	6
remain	6
wonderful	6
stopped	6
locked	6
id	6
able	6
ask	6
owners	6
met	6
distributed	6
draw	6
care	6
distribution	6
shook	6
suppose	6
kick	6
leaning	6
handed	6
boatswains	6
distribute	6
perceived	6
terror	6
volunteers	6
froth	6
theyll	6
language	6
step	6
furl	6
please	6
enable	6
sleep	6
truth	6
discern	6
wed	5
obeyed	5
smelt	5
hurricane	5
cooks	5
raised	5
afternoon	5
england	5
evening	5
corpse	5
grumbling	5
interior	5
world	5
top	5
dozen	5
london	5
pigs	5
setting	5
owner	5
staring	5
ha	5
move	5
spirits	5
remember	5
degrees	5
stowed	5
flat	5
mighty	5
heart	5
ocean	5
strength	5
throat	5
provided	5
money	5
working	5
business	5
seven	5
breast	5
beyond	5
windlass	5
stared	5
passion	5
judge	5
report	5
worst	5
wanted	5
break	5
wide	5
flung	5
greatly	5
fling	5
medium	5
shortly	5
treatment	5
sheet	5
sing	5
swear	5
savagely	5
abaft	5
form	5
burst	5
support	5
excited	5
copper	5
glanced	5
maintopsail	5
years	5
upwards	5
boots	5
groaning	5
smoking	5
approached	5
cry	5
certainly	5
staysail	5
obey	5
roar	5
scarce	5
heavens	5
pull	5
replacement	5
bunks	5
happen	5
read	5
six	5
ourselves	5
human	5
helm	5
seaman	5
thin	5
anyone	5
dawn	5
oars	5
future	5
need	5
weight	5
account	5
violent	5
opportunity	5
companionladder	5
whiskers	5
feelings	5
trifle	5
carry	5
speed	5
ropes	5
excitement	5
compliance	5
foaming	5
forechains	5
officers	5
curiosity	5
posted	5
getting	5
hardly	5
dare	5
ugly	5
iron	5
regular	5
exhausted	5
jaw	5
fingers	5
rise	5
cap	5
youve	5
died	5
calling	5
start	5
limited	5
slept	5
handle	5
stretched	5
forwards	5
bully	5
persons	5
bill	5
loss	5
changed	5
kicked	5
manner	5
prevent	5
pantry	5
shoved	5
freely	5
sullen	5
listen	5
street	5
tumbled	5
shot	5
striking	5
loose	5
features	5
sounded	5
knock	5
mingled	5
distant	5
east	5
agin	5
falling	5
snug	5
ago	5
web	5
lump	5
jibboom	5
worked	5
receive	5
wwwgutenbergorg	5
satisfied	4
dogs	4
sung	4
aspect	4
led	4
oilskins	4
certain	4
walk	4
lee	4
apparent	4
furious	4
eating	4
dreadful	4
allow	4
located	4
lasted	4
placed	4
remarks	4
soft	4
individual	4
mercy	4
shipping	4
eastward	4
dying	4
gesture	4
swore	4
drink	4
spare	4
atmosphere	4
reported	4
midnight	4
oil	4
discovered	4
completely	4
c	4
wake	4
pace	4
colour	4
prove	4
tones	4
hammock	4
lumps	4
projecting	4
jumped	4
daughter	4
growl	4
teeth	4
tongue	4
luff	4
former	4
excuse	4
boiling	4
lifting	4
shut	4
collection	4
hastily	4
casting	4
promised	4
smell	4
lamp	4
mouldy	4
solemn	4
drop	4
prepared	4
address	4
magistrates	4
twelve	4
tumbling	4
ameriky	4
available	4
control	4
dose	4
bellowed	4
moved	4
home	4
mission	4
cheap	4
status	4
etc	4
damages	4
wildly	4
meaning	4
refuse	4
misgivings	4
mad	4
spoken	4
bodies	4
silver	4
peculiar	4
forescuttle	4
require	4
consideration	4
chart	4
fashion	4
revenge	4
father	4
rough	4
various	4
clenched	4
creating	4
whereupon	4
stretching	4
card	4
shifted	4
swing	4
washed	4
presence	4
displaying	4
lifeline	4
agreed	4
hot	4
reefed	4
talked	4
drowned	4
stowing	4
learn	4
anywhere	4
fees	4
honest	4
bed	4
requirements	4
shadows	4
safety	4
upper	4
naked	4
biled	4
holder	4
law	4
spanker	4
pointed	4
complaining	4
difficult	4
yer	4
laboured	4
game	4
taste	4
telling	4
relieve	4
reply	4
navigate	4
daylight	4
shape	4
become	4
additional	4
merely	4
copying	4
whatever	4
appearance	4
sunk	4
volumes	4
screw	4
rude	4
flashing	4
gravity	4
uncomfortable	4
briskly	4
kill	4
phrase	4
protect	4
providing	4
altogether	4
sorry	4
neither	4
using	4
lowered	4
retained	4
singing	4
waters	4
duty	4
smells	4
expressions	4
service	4
repeated	4
grasped	4
washing	4
knots	4
grub	4
managed	4
horror	4
contempt	4
weevils	4
meanwhile	4
figures	4
salt	4
laughter	4
foreground	4
cheeks	4
infernal	4
ends	4
friend	4
minute	4
bright	4
book	4
rotten	4
wouldnt	4
confidant	4
anon	4
approach	4
fear	4
subdued	4
gloom	4
lad	4
heaven	4
sliding	4
mild	4
didnt	4
wore	4
pieces	4
containing	4
points	4
burnt	4
follow	4
thirty	4
halfpast	4
format	4
picked	4
amid	4
paying	4
required	4
plan	4
gathering	4
thrown	4
likely	4
parts	4
swimming	4
shaken	4
policy	4
extraordinary	4
rudder	4
collar	4
file	4
result	4
ay	4
swaller	4
accompanied	4
breeches	4
fiercely	4
stunsail	4
bawled	4
outline	4
pistol	4
fierce	4
lips	4
contact	4
hammocks	4
forced	4
official	4
does	4
directly	4
damned	4
editions	4
force	4
spars	4
binnacle	4
teach	4
closereefed	4
printed	4
flapping	4
drawn	4
chin	4
oar	4
notion	4
sent	4
group	4
makes	4
screeching	4
humanity	4
blackguard	4
fare	4
sands	4
reality	4
sailing	4
respect	4
comes	4
scrambled	4
willing	4
cursing	4
distinctly	4
site	4
suffered	4
considered	3
flannel	3
girls	3
songs	3
defective	3
advantage	3
te	3
match	3
circumstances	3
liability	3
middle	3
complying	3
glancing	3
physical	3
cursed	3
mans	3
cookee	3
coils	3
foundered	3
roaring	3
jar	3
impressed	3
beheld	3
streaky	3
solid	3
tremendous	3
expecting	3
direct	3
englishman	3
spat	3
heels	3
disposed	3
measured	3
breathless	3
waitin	3
rowing	3
weeks	3
afloat	3
werry	3
straining	3
gazed	3
clearly	3
message	3
sprawling	3
fading	3
considering	3
insensible	3
shift	3
mast	3
conversing	3
carpenters	3
sleepy	3
situation	3
ghastly	3
square	3
station	3
brutal	3
stronger	3
suspiciously	3
inside	3
shoulders	3
dutchmen	3
reports	3
profound	3
burying	3
confidence	3
emotion	3
tother	3
burning	3
contrast	3
pushing	3
dat	3
greasy	3
heave	3
payments	3
dishes	3
jump	3
flavour	3
bags	3
nebber	3
common	3
buried	3
chest	3
warranties	3
efforts	3
lonely	3
reflect	3
suggested	3
neer	3
piteous	3
damn	3
steer	3
sousing	3
phosphorescent	3
based	3
intentions	3
foresail	3
sufficiently	3
threatening	3
glance	3
sarve	3
touch	3
shores	3
row	3
erect	3
clew	3
skin	3
heartily	3
outlines	3
disclaimer	3
handkerchief	3
hatchway	3
send	3
mainyard	3
weak	3
seem	3
shaking	3
joke	3
painter	3
thundering	3
pressing	3
heap	3
bravely	3
fled	3
rouse	3
gott	3
property	3
smothered	3
woman	3
depth	3
conduct	3
reckon	3
towed	3
swallowed	3
lively	3
byandby	3
hanging	3
walking	3
b	3
jack	3
determination	3
lower	3
braced	3
panorama	3
southwest	3
reckless	3
overwhelming	3
abreast	3
quick	3
rapidly	3
obliged	3
peril	3
wave	3
stirring	3
bare	3
seriously	3
ham	3
peered	3
folded	3
considerable	3
timbers	3
spokes	3
date	3
crowd	3
lamplight	3
liquor	3
donate	3
accepted	3
observation	3
limitation	3
slung	3
dirt	3
services	3
france	3
easier	3
howled	3
ankles	3
goods	3
objects	3
assembled	3
hanged	3
doubtless	3
cargo	3
performing	3
signs	3
rat	3
looks	3
compel	3
defect	3
fetched	3
equipment	3
muttered	3
observed	3
express	3
uproar	3
wasnt	3
trying	3
killing	3
degree	3
caused	3
frightful	3
applicable	3
included	3
resolutions	3
foundations	3
lot	3
dye	3
dats	3
lie	3
rescued	3
relief	3
hence	3
portion	3
command	3
eyebrows	3
observing	3
touched	3
complete	3
loaded	3
comfortable	3
reason	3
trousers	3
rumbling	3
hisself	3
nod	3
helpless	3
tots	3
tasted	3
growled	3
inform	3
dressed	3
odd	3
strike	3
pressure	3
shake	3
berth	3
fact	3
manned	3
fool	3
email	3
heads	3
anxious	3
noon	3
ascii	3
hollow	3
dish	3
willin	3
rule	3
badly	3
treacle	3
rid	3
imprisonment	3
energy	3
knocking	3
promise	3
particular	3
solemnly	3
fifty	3
boom	3
finger	3
falls	3
swirling	3
fetch	3
covered	3
belief	3
familiar	3
india	3
quitted	3
audible	3
bounded	3
wot	3
significance	3
complaint	3
mess	3
royalty	3
discover	3
spring	3
pouring	3
withdrew	3
opening	3
painted	3
smaller	3
serving	3
pilots	3
hideous	3
clanking	3
foul	3
owns	3
mainchains	3
wheres	3
biling	3
sinister	3
fires	3
compass	3
subject	3
throughout	3
reckoned	3
bell	3
marked	3
brief	3
firm	3
sheets	3
mississippi	3
thank	3
grievance	3
possessed	3
plans	3
signalling	3
utmost	3
terrible	3
goes	3
incessant	3
purpose	3
speech	3
condition	3
wonder	3
wishing	3
hows	3
floating	3
steamer	3
bosun	3
whose	3
northwest	3
user	3
string	3
exhibited	3
master	3
pearl	3
tolerable	3
heading	3
sending	3
cloud	3
cask	3
wondered	3
influenced	3
upright	3
lives	3
promises	3
bulk	3
prayed	3
remarkable	3
frame	3
derivative	3
fairly	3
clap	3
else	3
treated	3
awakened	3
stow	3
paragraphs	3
writing	3
rising	3
streamed	3
tears	3
committed	3
space	3
refreshment	3
transparent	3
complain	3
hungry	3
length	3
least	3
succeeded	3
evil	3
smack	3
thrust	3
previous	3
steadily	3
coil	3
perfect	3
finish	3
landed	3
noise	3
incessantly	3
peace	3
beard	3
thump	3
plainly	3
thatll	3
sunshine	3
impatiently	3
dislike	3
agreeable	3
raise	3
jib	3
permitted	3
collected	3
glimmering	3
instead	3
dragging	3
otherwise	3
attitude	3
seething	3
nobly	3
prayers	3
heaving	3
forty	3
sank	3
defenceless	3
false	3
august	3
lightship	3
events	3
mizzentopsail	3
entity	3
eagerly	3
experience	3
gib	3
inquiry	3
addressed	3
ornamented	3
staggered	3
intent	3
rattled	3
links	3
cabins	3
wretch	3
sympathized	3
bear	3
different	3
reference	3
cost	3
concluded	3
sluggish	3
thumb	3
request	3
written	3
except	3
inspired	3
russell	3
often	3
front	3
allowance	3
sang	3
edge	3
town	3
almighty	3
awoke	3
love	3
spaces	3
closereef	3
civil	3
wine	3
passionately	3
increasing	3
acquainted	3
mist	3
backed	3
dim	3
extent	3
oath	3
dis	3
thirst	3
split	3
marling	3
height	3
mine	3
rugged	3
action	3
grey	3
hurled	3
neck	3
brasswork	3
matters	3
isnt	3
shoulder	3
obtain	3
produce	3
bag	3
clark	3
contributions	2
laughing	2
subsided	2
tons	2
dress	2
sluggishly	2
listened	2
creaked	2
nowadays	2
repress	2
compressed	2
french	2
halfway	2
bleak	2
computer	2
rays	2
tone	2
crockery	2
finished	2
discipline	2
chalk	2
addition	2
stuck	2
insubordination	2
parted	2
alight	2
deadlight	2
measure	2
supported	2
flags	2
heerd	2
junk	2
speedily	2
widest	2
leading	2
abeam	2
sweeping	2
depends	2
ordering	2
shipwrecked	2
tore	2
horrible	2
gratings	2
shock	2
crimson	2
portuguese	2
exclamation	2
rules	2
security	2
wednesday	2
lieu	2
sinner	2
police	2
view	2
afraid	2
drunk	2
securely	2
doors	2
powerless	2
blanket	2
interval	2
scoundrels	2
saloon	2
utterly	2
leaped	2
resolutely	2
appear	2
futtock	2
tomorrow	2
lord	2
vexed	2
style	2
ones	2
beneath	2
attack	2
charing	2
sensible	2
tact	2
dam	2
belayingpin	2
chests	2
seafaring	2
dragged	2
sink	2
stumbling	2
letting	2
skurrying	2
extra	2
stoutly	2
vill	2
meeting	2
jealous	2
partially	2
semicircle	2
monkeyjacket	2
dew	2
wots	2
idea	2
dutchman	2
exclamations	2
adrift	2
kissed	2
seachests	2
larger	2
theyd	2
files	2
redistribution	2
jammed	2
steered	2
gull	2
employees	2
opportunities	2
tolerably	2
promoting	2
aroused	2
desolate	2
occasion	2
dutch	2
clowes	2
draughts	2
accents	2
torn	2
glory	2
stout	2
nodded	2
solicit	2
butter	2
belayingpins	2
occupied	2
actions	2
starving	2
uniform	2
incredible	2
intently	2
field	2
coup	2
generously	2
tall	2
darker	2
execrations	2
mutinied	2
entrance	2
sentence	2
search	2
attracted	2
fur	2
objection	2
conscience	2
pass	2
aport	2
desperate	2
useless	2
telegraph	2
bermudas	2
bitter	2
wits	2
breaking	2
crawling	2
increased	2
confounded	2
plumduff	2
lighter	2
livid	2
genelman	2
fate	2
judged	2
hunger	2
pity	2
hammer	2
notes	2
restrictions	2
inspect	2
divided	2
abominably	2
capstan	2
ominous	2
viewed	2
toady	2
cliffs	2
oldfashioned	2
backwards	2
appalling	2
surged	2
danced	2
fustrate	2
hounds	2
mournful	2
handing	2
heavier	2
despite	2
wilderness	2
whistle	2
early	2
swerved	2
gulf	2
rights	2
somehow	2
likewise	2
wrong	2
givin	2
pour	2
goin	2
ejaculated	2
earth	2
greatest	2
exclusion	2
anchored	2
awkward	2
trust	2
compasscard	2
whack	2
party	2
responded	2
supposing	2
squeal	2
entirely	2
radiance	2
perceptible	2
spirit	2
computers	2
fault	2
distinct	2
determined	2
grasping	2
wwwgutenbergorgdonate	2
safely	2
faintness	2
remaining	2
bustled	2
soaking	2
oily	2
cross	2
risk	2
threat	2
spokesman	2
extending	2
uttering	2
starve	2
wretched	2
caps	2
thumping	2
punish	2
shillings	2
condemned	2
internet	2
barometer	2
stirred	2
enabled	2
vinegar	2
figured	2
countries	2
backstays	2
grunting	2
choke	2
quarters	2
depended	2
playing	2
exchange	2
stuff	2
protected	2
southard	2
possibly	2
manage	2
american	2
page	2
vigorous	2
soundly	2
ruffians	2
awaited	2
boiled	2
politic	2
qualified	2
nature	2
crews	2
amidships	2
guessed	2
wellshaped	2
souwest	2
suits	2
gleaming	2
faced	2
range	2
betoken	2
watches	2
devilish	2
bewildered	2
hate	2
taut	2
constituted	2
fancy	2
twice	2
errors	2
prepare	2
deeper	2
gravesend	2
succession	2
brigs	2
copied	2
clothed	2
sloping	2
alteration	2
trace	2
federal	2
whatsoever	2
advise	2
couldnt	2
hampered	2
nail	2
latter	2
concept	2
slided	2
entering	2
created	2
amount	2
obscured	2
crawled	2
faintly	2
foreigners	2
extinguished	2
diverted	2
whirled	2
perfectly	2
angle	2
inquired	2
powerful	2
michael	2
ways	2
emerged	2
deg	2
dooty	2
reflected	2
wrinkled	2
tainted	2
grimly	2
harder	2
circle	2
tray	2
nuisance	2
comin	2
inroads	2
grinding	2
greedily	2
uncommonly	2
immediate	2
malice	2
started	2
cup	2
owe	2
crawl	2
issue	2
maybe	2
aroma	2
condescended	2
grasp	2
comparative	2
senses	2
villain	2
channels	2
thirteen	2
depend	2
performed	2
sights	2
thither	2
luffed	2
acted	2
explanation	2
wished	2
howard	2
sample	2
skulking	2
beat	2
fallen	2
slacken	2
insolence	2
chains	2
whirling	2
perilous	2
vanishing	2
splash	2
regretted	2
mallet	2
risen	2
witness	2
darkcoloured	2
vanilla	2
sandwich	2
instructions	2
exempt	2
bade	2
slack	2
flew	2
scupperholes	2
headway	2
redressed	2
amused	2
sneering	2
sympathy	2
brown	2
wildest	2
older	2
destroy	2
represent	2
extremely	2
thus	2
sheaves	2
rescue	2
lose	2
inmates	2
shes	2
particularly	2
activity	2
obliging	2
indicating	2
confusion	2
goodwin	2
demand	2
benches	2
passions	2
reefs	2
advancenotes	2
provoked	2
strangely	2
summer	2
court	2
damaged	2
deprived	2
apparently	2
check	2
occupation	2
offer	2
weatherside	2
rum	2
hailing	2
research	2
lovely	2
worthy	2
sticking	2
danger	2
smacks	2
explained	2
bless	2
stroke	2
httpwwwpgdpnet	2
lady	2
scrambling	2
whining	2
coffee	2
signed	2
charges	2
readable	2
westward	2
smile	2
gear	2
growling	2
gigantic	2
volley	2
lifeguardsman	2
clinging	2
hens	2
panelling	2
accordance	2
penetrated	2
grooves	2
throw	2
expectorated	2
scoundrel	2
removed	2
exclaiming	2
wenison	2
woodwork	2
brest	2
stationed	2
deepladen	2
surveyed	2
wondering	2
gazing	2
truly	2
mended	2
forehead	2
hole	2
weigh	2
lustrous	2
suit	2
begin	2
hide	2
overloaded	2
wessels	2
consternation	2
gross	2
tells	2
stamford	2
curses	2
case	2
crimp	2
prolonged	2
simply	2
discharged	2
dance	2
fully	2
harshly	2
receipt	2
fat	2
pain	2
bone	2
witnessed	2
proofreading	2
bench	2
theirselves	2
expenses	2
knelt	2
hart	2
marlinspike	2
provoke	2
advised	2
newcomers	2
rapidity	2
term	2
excessively	2
touching	2
ring	2
wos	2
screamed	2
slipping	2
worse	2
gloomy	2
heat	2
base	2
rattle	2
mouthpiece	2
shins	2
eyed	2
waving	2
reuse	2
affected	2
lodgings	2
important	2
realize	2
doublereefed	2
prominently	2
cruelty	2
southeasterly	2
jibs	2
brilliancy	2
related	2
cookees	2
dispensed	2
chattering	2
fluctuating	2
poked	2
shirts	2
suffer	2
visit	2
dock	2
stinks	2
twirl	2
theirs	2
team	2
clewed	2
question	2
wretches	2
outer	2
alter	2
acts	2
halfhours	2
friendly	2
s	2
blows	2
angry	2
persuaded	2
expense	2
promptly	2
immensely	2
describing	2
guard	2
churned	2
melancholy	2
admit	2
smashed	2
drunken	2
hissing	2
built	2
implied	2
nimbly	2
disappearances	2
clank	2
advance	2
sarves	2
pooprail	2
pillow	2
graceful	2
details	2
haul	2
movements	2
cracking	2
sheen	2
references	2
locations	2
rubbed	2
capable	2
handled	2
assumed	2
creatures	2
arf	2
questions	2
smallfaced	2
confinement	2
dived	2
hit	2
scenes	2
dogwatch	2
charged	2
glaring	2
haunted	2
statements	2
paper	2
sling	2
scud	2
burned	2
expect	2
charlie	2
mixed	2
inclined	2
peach	2
damage	2
generations	2
key	2
wash	2
legal	2
hurt	2
houses	2
explain	2
disc	2
exchanged	2
became	2
pronounced	2
straight	2
losing	2
taffrail	2
hammering	2
beauty	2
river	2
breach	2
slight	2
thoroughly	2
ate	2
partly	2
relieved	2
redistributing	2
intellectual	2
impressive	2
spectacle	2
shrank	2
poison	2
justified	2
paced	2
arter	2
lodginghouse	2
hook	2
herself	2
beach	2
electronically	2
flush	2
disadvantage	2
intervals	2
leisure	2
surf	2
duties	2
inhumanity	2
ekals	2
impenetrable	2
preehaps	2
rejoined	2
scrubbingbrushes	2
ferocious	2
struggling	2
coppercoloured	2
imagined	2
wrapped	2
fill	2
listening	2
shoving	2
surfaces	2
intention	2
genteel	2
hoped	2
fatal	2
chance	2
visible	2
mirth	2
disguise	2
lugger	2
encased	2
judgment	2
crimps	2
purity	2
thinks	2
curse	2
lock	2
production	2
comfort	2
meal	2
emerald	2
muttering	2
troubled	2
stretch	2
wink	2
riding	2
bunt	2
appreciate	2
dealings	2
drownded	2
centre	2
failed	2
protruding	2
candid	2
learnt	2
hunted	2
handsome	2
cause	2
groan	2
spell	2
trim	2
usual	2
picturesque	2
gained	2
mainbraces	2
curious	2
shingle	2
logbook	2
serious	2
spelling	2
sons	2
unconsciously	2
waved	2
greater	2
bold	2
coffeepot	2
shoot	2
impression	2
reflecting	2
fight	2
dey	2
chorus	2
exists	2
pushed	2
beg	2
imagination	2
die	2
besides	2
masses	2
lumping	2
woolly	2
strained	2
believing	2
passenger	2
resolute	2
dictate	2
ringleader	2
cooking	2
damnation	2
breads	2
ruffian	2
bushy	2
fearful	2
grow	2
admitted	2
mysterious	2
brig	2
westerly	2
shattered	2
driving	2
furling	2
fix	2
understanding	2
befall	2
noticeable	2
fathoms	2
swiftly	2
eaten	2
turns	2
savages	2
shavings	2
dashed	2
savage	2
considerations	2
active	2
images	2
smallest	2
bearing	2
therell	2
tight	2
advancing	2
link	2
fourteen	2
doormat	2
warranty	2
choking	2
employers	2
foresaw	2
described	2
rows	2
yelling	2
behold	2
earnest	2
bloody	2
welldisposed	2
spread	2
sleeve	2
disgust	2
jobbed	2
choruses	2
scilly	2
shawl	2
preparatory	2
landsman	2
especially	2
alacrity	2
grin	2
overspread	2
pealing	2
substantial	2
receiving	2
gleamed	2
um	2
hurtling	2
describe	2
mainyards	2
yell	2
song	2
registered	2
saving	2
infuriate	2
variety	2
heights	2
sinking	2
annoyed	2
merchantman	2
menacing	2
alike	2
whisper	2
foamed	2
resembled	2
groups	2
lashing	2
pound	2
stare	2
correct	2
office	2
plunged	2
steerage	2
harsh	2
befel	2
stir	2
edged	2
ruin	2
staggering	2
convert	2
heel	2
mounted	2
blessed	2
sooner	2
laying	2
obtaining	2
nursed	2
irongrey	2
specified	2
cuddys	2
shant	2
vol	2
deceived	2
hundreds	2
contain	2
shadow	2
instance	2
profession	2
narrow	2
remark	2
practicable	2
creaking	2
cruel	2
portugee	2
thud	2
caring	2
articles	2
extreme	2
weird	2
clearing	2
telescope	2
concerning	2
piled	2
southerly	2
bowsprit	2
gloves	2
ensign	2
rags	2
terribly	2
detained	2
growing	2
nothen	2
pardon	2
stinking	2
angrily	2
necessity	2
preceding	2
costs	2
worms	2
yesterday	2
mirrowed	2
conflict	2
deadly	2
real	2
deliver	2
broiled	2
drowning	2
figurehead	2
pounds	2
royalties	2
enraged	2
afore	2
abated	2
sniffing	2
formats	2
yankee	2
bawling	2
barely	2
topsail	2
invent	2
conference	2
insulting	2
grumble	2
elbows	2
lungs	2
speaking	2
painful	2
labour	2
boot	2
doeil	2
dismasted	2
delivered	2
mexico	2
veil	2
keen	2
outwardbound	2
instinct	2
moonshine	2
months	2
furniture	2
frightened	2
obedience	2
refused	2
fleet	2
draught	2
soaked	2
aslant	2
gets	2
permanent	2
drank	2
dr	2
ratlines	2
lightning	2
leeches	2
despatch	2
satisfaction	2
cloudless	2
material	2
settled	2
dog	2
resting	2
places	2
nook	1
poweryou	1
docks	1
trip	1
berry	1
whirlwind	1
porpoises	1
souwester	1
squench	1
pursue	1
elevation	1
bubbly	1
outcry	1
aperture	1
wellnigh	1
whispering	1
pleashed	1
darkish	1
licking	1
hopping	1
mestevens	1
greasing	1
wantlobsters	1
fiddles	1
impolitic	1
properly	1
seaand	1
fatter	1
room	1
nigh	1
privations	1
shrinking	1
sighted	1
deeply	1
crowned	1
rowingready	1
lustily	1
backstay	1
chimed	1
hurrah	1
stealthily	1
whitstable	1
outrun	1
straggled	1
insupportable	1
weathereye	1
fairylike	1
remains	1
liveliest	1
needed	1
injuring	1
engage	1
unseaworthyand	1
bears	1
tearing	1
accessed	1
humorous	1
mud	1
sideways	1
astarboard	1
ruined	1
uninjured	1
cleverly	1
speculative	1
chop	1
original	1
sided	1
mariners	1
causing	1
strangelooking	1
slaves	1
journeys	1
sundays	1
chain	1
burgoo	1
ambiguous	1
fixings	1
folding	1
appears	1
concentrated	1
redhulled	1
politeness	1
festoons	1
harmless	1
intervened	1
offenders	1
abruptly	1
shay	1
reeking	1
suggesting	1
anchorage	1
parding	1
glimmered	1
yelp	1
snorting	1
cheaper	1
doublereef	1
stagers	1
identification	1
delays	1
alonei	1
lake	1
suspect	1
downloading	1
hump	1
threatened	1
howling	1
health	1
leaping	1
astounding	1
steamengine	1
tween	1
constrained	1
hurry	1
display	1
swearing	1
hearties	1
somebody	1
bout	1
unpleasantest	1
birmingham	1
revelation	1
cash	1
brings	1
relished	1
rasher	1
necessarily	1
drawers	1
wriggled	1
jogged	1
expend	1
commercial	1
deathagonies	1
senna	1
hurl	1
cocked	1
model	1
strikes	1
eatable	1
apparel	1
cuddyfor	1
gulping	1
freshly	1
flemishcoiling	1
devices	1
framework	1
wonderfully	1
annoying	1
lunatic	1
offensiveness	1
drawed	1
sober	1
whitish	1
soul	1
nows	1
wellpleased	1
coldblooded	1
walks	1
distinctions	1
unlink	1
rag	1
sopping	1
financial	1
spankershook	1
steal	1
longing	1
tractable	1
protectors	1
shuffled	1
parting	1
exclude	1
fly	1
reflections	1
miracle	1
emphasizing	1
troughs	1
chorusing	1
cheer	1
begun	1
indication	1
ranged	1
seize	1
packed	1
charity	1
impertinence	1
tweaked	1
ashamed	1
trademarkcopyright	1
wrecked	1
bated	1
outbreak	1
exquisite	1
attempted	1
intend	1
warmly	1
comforted	1
ignorant	1
sparks	1
professor	1
dislodged	1
surely	1
nonstandard	1
protruded	1
tedious	1
begged	1
desiring	1
inspire	1
gor	1
consisting	1
twentyfour	1
stoneblind	1
decline	1
miscreants	1
palms	1
spitting	1
beings	1
utter	1
pronunciation	1
scalded	1
gathered	1
timid	1
halloed	1
credit	1
stanchions	1
fanshy	1
snugging	1
brisk	1
son	1
hollowed	1
teait	1
bunkboth	1
counter	1
dissatisfied	1
noises	1
learned	1
affidavit	1
fail	1
moustachios	1
cheered	1
smother	1
valleys	1
palaver	1
maintrysail	1
accompaniment	1
nobody	1
tendency	1
respecting	1
infringement	1
fanciful	1
jaws	1
composed	1
raffle	1
biscay	1
takes	1
fancied	1
due	1
reception	1
store	1
carved	1
shudder	1
dwindled	1
withal	1
voraciously	1
transient	1
bundle	1
englishmen	1
indirect	1
telltale	1
sloped	1
imposing	1
clasp	1
snugged	1
doubted	1
fragile	1
hairy	1
wandering	1
leavetaking	1
stump	1
shrieked	1
southwesterly	1
slopes	1
disaffected	1
terminating	1
count	1
impalpable	1
gaudy	1
humanely	1
sparely	1
shellshaped	1
dense	1
contract	1
outlying	1
bigger	1
forget	1
muscular	1
belay	1
quivered	1
pinioned	1
breed	1
indirectly	1
shirk	1
tranquil	1
hound	1
ein	1
whenever	1
lighted	1
twothousandton	1
beltsomething	1
amuse	1
jabbed	1
tremor	1
cleanly	1
lubberly	1
civilly	1
yardarms	1
quit	1
windmill	1
confronting	1
seek	1
lulled	1
accord	1
endure	1
yells	1
maximum	1
boldness	1
shivered	1
islands	1
hairyou	1
contents	1
whereabouts	1
warming	1
ripple	1
bargaincome	1
calkingiron	1
creeping	1
youngest	1
critical	1
insight	1
distinguishable	1
outdated	1
sluicing	1
disaffection	1
berths	1
acre	1
nonproprietary	1
shipshape	1
findin	1
beef	1
procedure	1
hating	1
serpents	1
perceiving	1
woices	1
owed	1
encourage	1
winks	1
refusing	1
awful	1
breathe	1
thereup	1
shoal	1
repaired	1
sickly	1
haggard	1
wives	1
drinking	1
consent	1
pier	1
driscollwas	1
earrings	1
denoting	1
indicated	1
jibsheets	1
assistance	1
paddles	1
uptossed	1
legally	1
title	1
steaming	1
innumerable	1
discontinue	1
mouldiness	1
pretending	1
bracelets	1
escape	1
shrieking	1
disgrace	1
compartment	1
escaped	1
caverns	1
weatherbow	1
dint	1
tricklin	1
brick	1
tillerchains	1
indiscretion	1
estimation	1
rapture	1
voluminous	1
appreciated	1
gay	1
actual	1
weeping	1
forlornly	1
rendered	1
childlike	1
sheltered	1
contrarily	1
ut	1
glorious	1
hollows	1
shocked	1
tumble	1
stain	1
whiff	1
dares	1
towered	1
smash	1
evenin	1
resist	1
delight	1
nightglass	1
passionate	1
undertaking	1
perform	1
dignity	1
intelligible	1
loosed	1
piloting	1
heye	1
axed	1
racing	1
atop	1
lugwhat	1
gloomed	1
menace	1
serge	1
seawards	1
traps	1
shouldnt	1
sterns	1
fiend	1
struggled	1
anticipate	1
dialect	1
belong	1
collect	1
springing	1
ahoy	1
solo	1
countless	1
grudge	1
grounds	1
ventnor	1
shakily	1
bestirred	1
stewardsall	1
sternsheets	1
unaided	1
doesnt	1
stormy	1
breathlessly	1
slashing	1
mists	1
propelled	1
raced	1
butcher	1
dothats	1
curiously	1
surpass	1
saymind	1
feelin	1
conscious	1
slueing	1
hills	1
picturing	1
story	1
conveyed	1
youhis	1
unlike	1
leaned	1
hustled	1
submerged	1
seduced	1
contemptuously	1
battling	1
formed	1
sacrifice	1
railway	1
appointed	1
extended	1
startling	1
precision	1
confines	1
galleyfire	1
officiously	1
proposals	1
disgraceful	1
unsparing	1
footsteps	1
keenly	1
unpleasantly	1
extraordinarylooking	1
mishter	1
phenomenal	1
stopper	1
devour	1
tobacco	1
yachts	1
northwesterly	1
coughing	1
eternity	1
watercask	1
reproduces	1
delirious	1
pump	1
st	1
progress	1
timber	1
inspected	1
crackling	1
boardthere	1
pays	1
grated	1
referred	1
mouths	1
prey	1
mouthful	1
antique	1
hairs	1
squelching	1
plains	1
decreased	1
hips	1
hasten	1
singularly	1
sayin	1
acquiring	1
attempts	1
mischievously	1
newfangled	1
curling	1
souwesterly	1
simple	1
madhouses	1
vii	1
horrid	1
irish	1
nauseousness	1
uponhonestly	1
unpleasant	1
illuminated	1
flourished	1
ridges	1
betters	1
beggars	1
bitten	1
planted	1
reposes	1
prospect	1
transcription	1
exporting	1
exposing	1
strokes	1
incomplete	1
littleness	1
amiable	1
souwesters	1
inevitablebut	1
objections	1
smelled	1
contemplated	1
expostulates	1
obscuring	1
whence	1
optic	1
fragments	1
sets	1
preference	1
snow	1
liberty	1
jawing	1
ascertaining	1
exposed	1
stove	1
smokily	1
ironbar	1
thankfulness	1
mile	1
tattooed	1
lucky	1
planks	1
fascinating	1
reverend	1
sparing	1
carelessly	1
shrill	1
travels	1
spot	1
whereas	1
afterdecks	1
departing	1
slaughter	1
dependent	1
closing	1
forecasts	1
vigilant	1
approval	1
sovrin	1
virtuous	1
intolerably	1
british	1
shave	1
inventfor	1
arching	1
projected	1
forcible	1
stomachs	1
fodder	1
farmers	1
unsolicited	1
blaze	1
sizes	1
happily	1
bribed	1
reading	1
withdrawn	1
sakes	1
norwest	1
madmans	1
weatherleeches	1
cheeseparing	1
implore	1
malevolent	1
unhappily	1
brine	1
remove	1
distress	1
astonishing	1
powerfully	1
ridinglamps	1
vehemence	1
apprehensions	1
clutching	1
massed	1
methods	1
linked	1
qualms	1
soap	1
eastwhich	1
miserably	1
windows	1
concessions	1
twos	1
lurched	1
bobbed	1
winters	1
apprehension	1
pulls	1
lugs	1
fishebenezer	1
hearten	1
ducklingsas	1
deliberating	1
irresistible	1
ingratitood	1
beauties	1
swamped	1
disclaim	1
stayed	1
tuesday	1
cluster	1
boreas	1
misfortunes	1
invariable	1
doldrums	1
manifestly	1
awaiting	1
cheaply	1
withdraw	1
coward	1
tremulous	1
yardarm	1
dover	1
bashaw	1
capsizing	1
repeatedly	1
justice	1
horrified	1
answerin	1
disclosure	1
lots	1
streaks	1
rattling	1
displayed	1
sailorlike	1
pitching	1
numerous	1
wise	1
alarm	1
itself	1
silenced	1
artifice	1
imperceptible	1
preservation	1
beards	1
lawful	1
jordan	1
happening	1
consentsee	1
tolled	1
swinginglamps	1
unnecessarily	1
fumble	1
manrope	1
employee	1
highly	1
flakes	1
bar	1
scowling	1
boarding	1
perpetrated	1
reseated	1
oddly	1
waterline	1
bragging	1
chased	1
horridlooking	1
powers	1
ting	1
awkwardness	1
avert	1
poultice	1
retch	1
nostrils	1
nodding	1
sneeze	1
bellowing	1
boldest	1
occupy	1
skirt	1
duskyfaced	1
response	1
promotion	1
yawning	1
composure	1
gesticulated	1
howl	1
miraculous	1
ephraim	1
chase	1
crown	1
inflict	1
yachtlike	1
rang	1
admiration	1
version	1
longboats	1
novel	1
bloodthirsty	1
masthead	1
downwards	1
isles	1
seaboots	1
overalls	1
trivetready	1
goals	1
commanded	1
updated	1
favour	1
causes	1
hadnt	1
evidence	1
principal	1
computation	1
recalled	1
impudently	1
brow	1
sharpersighted	1
yourselfover	1
modification	1
tolerated	1
stored	1
lacerated	1
cooled	1
kid	1
liberally	1
indescribable	1
obedient	1
shop	1
walmer	1
melan	1
pglaf	1
administered	1
distances	1
cowering	1
release	1
youon	1
civilspoken	1
task	1
astonished	1
profits	1
goodlooking	1
nohow	1
forwarddo	1
pacing	1
literally	1
throwing	1
disgusting	1
lofty	1
boy	1
facility	1
referring	1
excitedly	1
fagged	1
intelligent	1
ceremony	1
capstans	1
elect	1
clapped	1
sympathize	1
dipped	1
superiors	1
torment	1
comparatively	1
doubts	1
ounce	1
corners	1
beggar	1
baring	1
periodic	1
anticipations	1
severest	1
manowar	1
nieces	1
flecked	1
entangled	1
starlit	1
softness	1
eyesight	1
imperil	1
assuming	1
ah	1
nigger	1
donors	1
grateful	1
maintopgallant	1
higher	1
tholepins	1
laugh	1
glimmer	1
muck	1
stands	1
letters	1
adventure	1
exclaim	1
richly	1
throatand	1
twirling	1
castiron	1
illbuilt	1
improving	1
scuffle	1
toothpick	1
polished	1
directions	1
diffused	1
waste	1
feats	1
precipitated	1
scared	1
rumandwater	1
influence	1
withid	1
grinded	1
misunderstand	1
fraught	1
soakingthe	1
derive	1
interfering	1
proofread	1
wakes	1
accident	1
originator	1
redistribute	1
reminding	1
ally	1
travelled	1
cutting	1
rebel	1
peasoup	1
feared	1
dined	1
discharge	1
returns	1
swallers	1
anticipating	1
hobbies	1
wick	1
predecessors	1
decided	1
monk	1
grits	1
barque	1
tree	1
ringbolt	1
vane	1
handful	1
onslaught	1
peaked	1
villains	1
royles	1
kennels	1
shredding	1
constantly	1
blackguards	1
preserve	1
jumping	1
eh	1
niagara	1
weatherbulwarks	1
fists	1
remarked	1
pricked	1
coupled	1
sick	1
ob	1
diabolical	1
december	1
reeftackle	1
woollen	1
sounds	1
himhalf	1
tendererhearted	1
improve	1
traces	1
guessing	1
promising	1
brightly	1
isshnt	1
western	1
nice	1
hurried	1
blazing	1
brackets	1
chinese	1
nashty	1
pure	1
energies	1
execootioner	1
routed	1
scalped	1
sunlight	1
sprung	1
undertaken	1
strapping	1
dessay	1
fathers	1
owned	1
flaps	1
villin	1
typographical	1
ropea	1
mindtso	1
shelter	1
famished	1
clock	1
gold	1
include	1
loser	1
shocks	1
cholera	1
feelins	1
somewheeres	1
appetite	1
bottle	1
femalewoman	1
maintaining	1
v	1
interference	1
nearer	1
slackening	1
bob	1
uneasy	1
thread	1
measuring	1
runnin	1
forgot	1
sensitive	1
forbear	1
bullys	1
forlorn	1
conditionthat	1
sherry	1
remorseless	1
throng	1
eastbourne	1
skeleton	1
compilation	1
wwwgutenbergorglicense	1
effectually	1
remnants	1
deductible	1
callin	1
beacons	1
sampson	1
gladly	1
ve	1
slackened	1
pinkstriped	1
stink	1
surly	1
latitude	1
subjected	1
uprose	1
knowledge	1
luxuries	1
prevail	1
mattered	1
stockings	1
data	1
ended	1
splendidly	1
mass	1
wafted	1
fired	1
permanently	1
hints	1
gaskets	1
bullseye	1
scaramouch	1
swamp	1
repeat	1
unfolded	1
phenomenon	1
problem	1
workhouse	1
stone	1
frantically	1
proportion	1
hasnt	1
breakdown	1
hid	1
pictured	1
freed	1
awayyou	1
customers	1
helmhard	1
chainsheets	1
baccaleaves	1
types	1
drown	1
grip	1
veered	1
coiling	1
grunted	1
afresh	1
sidepocket	1
thwartship	1
swarthy	1
smartlooking	1
entry	1
catlike	1
manhood	1
dom	1
oilskin	1
augury	1
ak	1
onetwothree	1
cataract	1
speakingtrumpet	1
northerly	1
parties	1
stunned	1
monkeyjackets	1
hatch	1
golden	1
giant	1
bawl	1
outbecause	1
whiter	1
emanated	1
spent	1
lumbered	1
honestly	1
variously	1
amazed	1
shutting	1
rascals	1
grovelling	1
contemptible	1
fatherless	1
current	1
respeckfly	1
suffocating	1
raising	1
grinned	1
pin	1
marvellous	1
furnished	1
ax	1
observations	1
strict	1
disappeared	1
indiwiduals	1
inquiries	1
superintend	1
sharply	1
tacks	1
jerky	1
yacht	1
secure	1
wight	1
sweeps	1
superbly	1
autumn	1
selfish	1
misshapen	1
gentlyvast	1
unsuited	1
languishing	1
quietwhen	1
kink	1
leaps	1
ivorytracing	1
author	1
grace	1
frenchman	1
silent	1
mizzenpeak	1
delay	1
lateral	1
caution	1
poopand	1
wronged	1
observe	1
packs	1
mistaken	1
growin	1
wirefenders	1
alarming	1
quarterboats	1
likes	1
sacrificed	1
portchains	1
revenue	1
flashes	1
negroswearing	1
steel	1
granted	1
metal	1
whipped	1
noting	1
defects	1
shanks	1
readily	1
licensed	1
chums	1
banged	1
consequences	1
crease	1
outlinedfor	1
watercircle	1
mizzenroyal	1
tired	1
lent	1
remounting	1
throbbed	1
stint	1
wanting	1
slanting	1
quitting	1
capten	1
cocks	1
vi	1
marched	1
madeira	1
belted	1
narrowness	1
director	1
screwedup	1
ungainly	1
slender	1
recollection	1
halfhour	1
rested	1
altered	1
slapping	1
mastcoats	1
scattered	1
although	1
spin	1
log	1
sidethe	1
phantom	1
kneeling	1
responding	1
lug	1
chile	1
luck	1
aside	1
punitive	1
liken	1
limbs	1
sneak	1
gouged	1
themin	1
cleats	1
constellation	1
experiences	1
mattress	1
workhouses	1
simultaneously	1
mere	1
mizzenchains	1
sleeping	1
society	1
surveying	1
funnel	1
tempest	1
scuppers	1
derived	1
adopted	1
lashings	1
jellyfish	1
almightys	1
bitterly	1
malignant	1
soaring	1
glittering	1
expressive	1
watchs	1
hornpipe	1
strongthats	1
climb	1
ease	1
trader	1
iv	1
subscribe	1
balloons	1
paperwork	1
enlarge	1
moral	1
knuckleduster	1
slightly	1
heretofore	1
counted	1
interruption	1
descended	1
hilly	1
clasped	1
fighting	1
magic	1
marble	1
monstrous	1
hailed	1
unmanly	1
scuffling	1
sustained	1
reserved	1
abusing	1
proved	1
tiresome	1
hopelessly	1
christian	1
constructed	1
forrards	1
bonds	1
favouring	1
gunwale	1
loudly	1
revengeful	1
viii	1
exertions	1
davits	1
execute	1
edification	1
puzzling	1
training	1
recall	1
international	1
prettier	1
summoned	1
possession	1
probability	1
america	1
novelist	1
mangled	1
climbing	1
middleaged	1
proposed	1
bloodshed	1
doess	1
catching	1
wishes	1
seaweed	1
donation	1
ssay	1
foment	1
leeside	1
whistles	1
hers	1
fightfour	1
consistent	1
pluck	1
ta	1
proceeded	1
suffering	1
formiliar	1
skunk	1
visionary	1
involved	1
coalmine	1
unquestionably	1
shriek	1
anticipated	1
disappointed	1
commandfor	1
nevertheless	1
colouring	1
courage	1
vay	1
bridge	1
noddedsome	1
loafing	1
shootingstars	1
stabs	1
thrash	1
haste	1
sensation	1
orderswell	1
backs	1
penknife	1
gurgling	1
reasonable	1
carryin	1
hazily	1
tug	1
engine	1
hushed	1
newsletter	1
vast	1
slop	1
thickness	1
lashed	1
davit	1
wellsay	1
pallid	1
livin	1
wife	1
halifax	1
wringing	1
virus	1
coarser	1
seizing	1
eastsoutheast	1
vengeance	1
renamed	1
blocks	1
routing	1
pondering	1
panel	1
improved	1
indescribably	1
semicircles	1
paused	1
deres	1
happy	1
rebelling	1
liquorish	1
sugars	1
anyhow	1
share	1
clewlines	1
poles	1
ferocity	1
flours	1
remembering	1
hi	1
exposure	1
staple	1
murderers	1
countenances	1
iota	1
pauses	1
attached	1
gifs	1
existed	1
supper	1
agony	1
reel	1
method	1
encounter	1
ee	1
passengers	1
unfounded	1
stops	1
hardware	1
knitted	1
lustre	1
maintop	1
theyfather	1
cases	1
canary	1
cutter	1
remedy	1
floridy	1
papers	1
footropes	1
aftermost	1
stunk	1
cordially	1
inevitably	1
conciliate	1
passing	1
shortening	1
destitute	1
ferrollthe	1
destitoot	1
ravens	1
reasoni	1
pleasant	1
ratcliffe	1
rusty	1
anoder	1
easytheyll	1
apiece	1
gregory	1
advice	1
wax	1
comical	1
foolhardy	1
outstretched	1
shaping	1
fittings	1
wrongful	1
engaged	1
print	1
punishment	1
countenance	1
slanted	1
supply	1
firstclass	1
buoyed	1
bowling	1
simplicity	1
library	1
snap	1
stagnation	1
peep	1
arose	1
shockan	1
enter	1
additions	1
descend	1
nearest	1
wager	1
crevice	1
molten	1
unbreathing	1
drowsily	1
bale	1
polite	1
tortured	1
prejudice	1
adopt	1
pyramidshape	1
obeying	1
manofwars	1
handcuffs	1
illumination	1
kindling	1
blackness	1
wall	1
paltry	1
properest	1
thousand	1
reduction	1
lodging	1
slid	1
abusive	1
quality	1
gun	1
bubbling	1
sigh	1
determine	1
fluttering	1
buoy	1
slammed	1
punished	1
glowed	1
pile	1
revealed	1
huskiness	1
northward	1
occur	1
disgusted	1
noble	1
youso	1
bulwark	1
haircovered	1
specific	1
boil	1
cooped	1
lazily	1
league	1
suppress	1
eastards	1
violates	1
mill	1
eyebrow	1
ii	1
commanding	1
resembling	1
bandying	1
birdcages	1
magnified	1
process	1
palls	1
bristol	1
glisten	1
rayther	1
charactersthat	1
illimitable	1
lubbers	1
spellings	1
taught	1
athwartship	1
frocked	1
volunteer	1
yourn	1
track	1
disclaimers	1
mustering	1
periodical	1
brail	1
wholly	1
cooperating	1
fiftyvun	1
wear	1
sartinly	1
moisture	1
remedies	1
surging	1
negro	1
cowardly	1
spritsail	1
prodigious	1
overhung	1
splendid	1
mechanically	1
swooping	1
vindicate	1
deemed	1
baffled	1
justifiable	1
suns	1
glories	1
brutes	1
induced	1
rivington	1
blooming	1
moaning	1
worn	1
jetted	1
staining	1
d	1
toys	1
eighty	1
conventional	1
offered	1
undergone	1
ports	1
prodigally	1
perceive	1
conwey	1
snivelling	1
presented	1
presenting	1
prostrate	1
broader	1
dough	1
betteran	1
lavished	1
taxes	1
inhumanityif	1
breezy	1
hardworking	1
impudence	1
equals	1
shirt	1
shout	1
obsolete	1
pistols	1
madeery	1
duration	1
painting	1
continuously	1
merchantskipper	1
kinds	1
intolerable	1
calculated	1
outward	1
agrees	1
poisoned	1
swabs	1
schooner	1
landing	1
deletions	1
anxiety	1
portsmouth	1
practically	1
instincts	1
beside	1
indistinguishable	1
flinging	1
mistake	1
embosomed	1
discussion	1
cannibal	1
sorrow	1
emitted	1
basest	1
squalls	1
complexions	1
ourn	1
yarn	1
screeched	1
blade	1
grimace	1
fineness	1
keel	1
shrilly	1
gloriously	1
sweetness	1
merchantability	1
defy	1
female	1
stimulating	1
flood	1
jerked	1
disperse	1
halfashamed	1
crossing	1
pumpseverything	1
battened	1
shuddering	1
deprive	1
milky	1
falsetto	1
scratched	1
truththat	1
endearments	1
refined	1
murmur	1
enjoyment	1
escaping	1
puzzled	1
gratefully	1
murmurs	1
obtruding	1
willingly	1
portbraces	1
disproportionate	1
amber	1
mentioned	1
closely	1
applying	1
southeast	1
charitable	1
fright	1
reefpoints	1
declared	1
unchanged	1
cecilia	1
spill	1
shinbones	1
maintain	1
motives	1
guinea	1
privileged	1
rawness	1
favourable	1
stooped	1
meantime	1
loomed	1
bet	1
exploded	1
blankets	1
trembling	1
inserted	1
encountered	1
perishing	1
indignantly	1
overpower	1
rolls	1
thwarts	1
safecome	1
originated	1
lightbeacons	1
stopping	1
shorten	1
mingle	1
rewenge	1
firstmy	1
mousing	1
sternly	1
whatsomever	1
tottering	1
nightbut	1
tread	1
uniformly	1
ladder	1
passengermoney	1
lazy	1
badness	1
reclining	1
lull	1
seats	1
notifies	1
threes	1
communicating	1
affect	1
shroud	1
unenforceability	1
jauntily	1
interpreted	1
provision	1
transcribers	1
incident	1
professionally	1
zip	1
iii	1
pleased	1
headlong	1
nightthe	1
dissembling	1
grit	1
farreaching	1
superior	1
wages	1
charging	1
pleasure	1
feeble	1
drawer	1
transcribe	1
codes	1
children	1
belayers	1
obleege	1
greatcoat	1
untwisted	1
twelvemonth	1
decide	1
non	1
doings	1
grown	1
finding	1
wormy	1
dusk	1
slice	1
totally	1
chastened	1
nd	1
hyphens	1
yellowfaced	1
billheads	1
deuce	1
console	1
shirtsleeves	1
outsider	1
jot	1
tasting	1
liable	1
fullrigged	1
sulkily	1
desarved	1
portugees	1
assisted	1
inky	1
posture	1
severe	1
charities	1
crewand	1
warmth	1
leavin	1
cat	1
intense	1
misty	1
bakehouses	1
spout	1
delighted	1
bloodless	1
precipitately	1
athwart	1
protest	1
ungrateful	1
shell	1
grating	1
bearings	1
forefingers	1
skirts	1
leastways	1
steam	1
nowwill	1
arched	1
airs	1
wallowing	1
cruelly	1
burden	1
cards	1
inward	1
blackbeetles	1
swollen	1
inquire	1
glimpse	1
dwarfed	1
monotonous	1
momentfull	1
selfcontrol	1
drawing	1
palm	1
examine	1
saltjar	1
revolutions	1
ashes	1
earthenware	1
possibility	1
sterling	1
unconcernedly	1
imparted	1
crab	1
desolation	1
lengths	1
jail	1
commission	1
benignant	1
conceive	1
brains	1
dream	1
gain	1
tot	1
becomes	1
injury	1
shtomackacheby	1
freight	1
byumby	1
performances	1
theatre	1
plucked	1
missed	1
thankful	1
shindy	1
wiped	1
flitted	1
detach	1
separate	1
raging	1
fitness	1
breeding	1
calculate	1
proprietary	1
disposition	1
descriptiona	1
handy	1
breadworms	1
tooth	1
tam	1
brave	1
reflection	1
spokebill	1
unison	1
knowsh	1
atlantic	1
submit	1
hearand	1
hawser	1
art	1
opposite	1
civilized	1
crowing	1
boys	1
whiffs	1
mountainous	1
answeredthree	1
mainshrouds	1
presentiment	1
buildings	1
snapped	1
capsized	1
foretop	1
brilliantly	1
galled	1
lurch	1
year	1
bought	1
crossjack	1
spared	1
hatches	1
cones	1
fastened	1
tingling	1
jabber	1
glistening	1
manifestations	1
hedge	1
indemnity	1
providentially	1
leadenhued	1
pick	1
followin	1
ideas	1
coal	1
period	1
baker	1
lined	1
hastened	1
processing	1
forces	1
tabledo	1
representations	1
smeared	1
hated	1
pleasureboats	1
examples	1
groaned	1
disliked	1
yelled	1
arrested	1
grave	1
cheerily	1
chopping	1
replace	1
awhile	1
lounged	1
copperfaced	1
gruff	1
punch	1
stumble	1
generous	1
agitation	1
wengeance	1
clattering	1
perishable	1
carriage	1
sauce	1
ballast	1
peals	1
unruffled	1
scotia	1
stomach	1
orb	1
imperilling	1
comethere	1
detect	1
clears	1
toe	1
crushed	1
etarnal	1
booby	1
woted	1
overdrinkable	1
hab	1
pendulum	1
modified	1
littlest	1
injure	1
special	1
dared	1
absolutely	1
mildnatured	1
hint	1
skulker	1
resisting	1
eastard	1
anticipation	1
lick	1
tidy	1
asis	1
tightly	1
stamping	1
neednt	1
stooping	1
brassbelaying	1
suspicion	1
convey	1
ice	1
folds	1
speculation	1
curtains	1
maindeckthe	1
addresses	1
tilted	1
txt	1
confidently	1
reeling	1
mood	1
pooped	1
authorities	1
toder	1
ghost	1
perils	1
results	1
seamanship	1
unfortunates	1
halfclosed	1
pins	1
disappointment	1
bunging	1
objecting	1
companionhatchway	1
buntlines	1
completed	1
chocolatecoloured	1
truff	1
recipient	1
trot	1
idle	1
corporation	1
puzzle	1
needful	1
oysters	1
speeches	1
indemnify	1
wotes	1
crisis	1
concerned	1
coppery	1
southern	1
shower	1
crediti	1
scholard	1
bosom	1
calms	1
bowl	1
cliff	1
according	1
royalmast	1
descried	1
fortunately	1
rudeness	1
starvation	1
rebellion	1
suggestion	1
hempyarns	1
pasty	1
glances	1
contracted	1
contrasted	1
toobut	1
husky	1
dangers	1
sinewy	1
shambling	1
kinder	1
assuring	1
oathif	1
mustered	1
saluted	1
windlasses	1
apply	1
widows	1
opacity	1
prone	1
foresee	1
warped	1
factory	1
inducing	1
grumblin	1
tortoisebacked	1
ironshod	1
fulfilled	1
crashing	1
capfull	1
legend	1
disk	1
compensated	1
week	1
gruffly	1
significantly	1
righted	1
age	1
rig	1
shared	1
filthy	1
alternate	1
comprehended	1
disobey	1
star	1
winking	1
prospects	1
dressing	1
swaying	1
stiffen	1
hark	1
hail	1
huddled	1
binnaclelight	1
follows	1
engrossed	1
chaney	1
bargained	1
ripe	1
discharging	1
pictures	1
barring	1
prayer	1
shoulderblades	1
arise	1
forrard	1
awe	1
spangled	1
irritated	1
hoist	1
jibhalliards	1
ungovernable	1
neglected	1
bended	1
din	1
nonchalant	1
impossibility	1
deserved	1
steamboat	1
eastern	1
obstinatelooking	1
slinging	1
inconvenience	1
chimneys	1
clinch	1
encumbrance	1
stamped	1
occasioning	1
policesuperintendent	1
softened	1
sleet	1
ordinarily	1
closehauled	1
hidden	1
subswell	1
accessible	1
nowup	1
tranquillity	1
limb	1
highway	1
habit	1
distrusted	1
refuses	1
cutthroats	1
taller	1
cornish	1
element	1
victuals	1
pious	1
lurches	1
noses	1
terrified	1
cue	1
executive	1
muffled	1
isle	1
starves	1
relieving	1
harm	1
born	1
odds	1
decidedly	1
flocked	1
invalidity	1
paling	1
roused	1
zealous	1
builder	1
portmantey	1
neatly	1
perfection	1
intensity	1
descending	1
area	1
ascertained	1
cattlepens	1
sections	1
checks	1
messman	1
thinkin	1
splendour	1
forefoot	1
reaching	1
chokee	1
seating	1
leeway	1
conclusions	1
gravely	1
varnished	1
chops	1
temperature	1
comeif	1
corrupt	1
sob	1
gliding	1
terrifying	1
distinguish	1
proportioned	1
doubled	1
stock	1
sobs	1
war	1
hauling	1
masters	1
golly	1
porks	1
weakness	1
glare	1
african	1
electrical	1
pianofortes	1
pages	1
headlands	1
path	1
obligingly	1
flemishcoil	1
negroes	1
excepting	1
formidable	1
import	1
govern	1
diverting	1
mischief	1
resumed	1
assured	1
welcome	1
goodsized	1
confirmed	1
unwrung	1
uttered	1
excesses	1
heretouching	1
fixedly	1
fairbanks	1
bars	1
ensuring	1
squarely	1
founded	1
today	1
lived	1
trough	1
claim	1
sitting	1
grievously	1
desarves	1
flushed	1
press	1
declining	1
belt	1
roylewith	1
polish	1
sheffield	1
th	1
weighed	1
slewed	1
hardihood	1
rations	1
empty	1
southsouthwest	1
hov	1
patches	1
ruffled	1
coined	1
elusive	1
imperiously	1
beaten	1
internal	1
indulgence	1
hop	1
synonymous	1
brook	1
punctuation	1
meats	1
jacket	1
passage	1
rain	1
baffin	1
amounted	1
broadside	1
cool	1
regulating	1
thanks	1
wreaths	1
barge	1
ducklingbecause	1
polishing	1
wittles	1
admiralty	1
flooded	1
surprising	1
dogwatches	1
density	1
tamater	1
dem	1
rigged	1
joy	1
beggary	1
africa	1
maintack	1
machine	1
jokes	1
crisp	1
jabbered	1
oblige	1
longitude	1
bird	1
testimonials	1
blind	1
arrest	1
conditions	1
astral	1
villainously	1
rigs	1
loosening	1
modifying	1
irs	1
distributor	1
spite	1
proving	1
pack	1
dinnerhour	1
goaded	1
debate	1
oillamp	1
echo	1
doze	1
mastiff	1
bullyfashion	1
expressed	1
succeeding	1
mustiness	1
frighten	1
thembe	1
excuses	1
farewell	1
corkscrew	1
shrunk	1
lookeron	1
liferope	1
spooney	1
ornamentation	1
impulse	1
depression	1
bits	1
lumbering	1
forksle	1
spanish	1
bellies	1
exhilarated	1
uppermost	1
savoury	1
detestable	1
fitfully	1
rowed	1
cur	1
binary	1
sharing	1
disparted	1
toppling	1
contemplate	1
acting	1
mastered	1
bellow	1
educational	1
predicted	1
staff	1
summoning	1
rip	1
bullies	1
growed	1
ass	1
trials	1
flapped	1
hypertext	1
indies	1
foreshrouds	1
gif	1
pots	1
inner	1
sockets	1
silvery	1
patched	1
survive	1
truculent	1
spiteful	1
massacred	1
harangued	1
coppers	1
rats	1
perchance	1
searle	1
murderer	1
yearfor	1
sneezing	1
wronging	1
benefit	1
crying	1
ghostly	1
portended	1
knot	1
bowlegs	1
sugar	1
explosion	1
predominant	1
rumrum	1
slaughtered	1
particularlythat	1
padlock	1
meals	1
grimaces	1
luminous	1
regained	1
solicitation	1
damp	1
aquiline	1
sermons	1
bracing	1
shays	1
wrap	1
funnels	1
moaned	1
lingering	1
plates	1
insane	1
brushed	1
calculations	1
traditions	1
stick	1
enjoined	1
chilly	1
occupants	1
ascertain	1
edified	1
breezenot	1
yaller	1
stealthiness	1
lingered	1
overhauled	1
whod	1
likened	1
shambled	1
concertina	1
swimmers	1
suspense	1
belonging	1
friends	1
fitter	1
unlettered	1
queer	1
sex	1
annihilated	1
softwood	1
pillar	1
nimble	1
taciturnity	1
leebraces	1
seems	1
tortures	1
assure	1
shin	1
leap	1
inaccurate	1
overwhelm	1
leech	1
foreboded	1
feverish	1
opens	1
dreading	1
chiefly	1
leather	1
dash	1
convulsively	1
crests	1
tiss	1
nuffen	1
groggy	1
ladies	1
organized	1
includes	1
indicate	1
withheld	1
lead	1
steamers	1
extract	1
necessary	1
trays	1
views	1
urged	1
nights	1
tables	1
convulsing	1
manning	1
tar	1
injurious	1
youd	1
deaths	1
peaka	1
sartin	1
expressionan	1
struggle	1
factotum	1
reeledstopped	1
themand	1
city	1
outand	1
tarpaulin	1
theyve	1
famous	1
imagine	1
edition	1
remonstrating	1
unrolled	1
vord	1
deeds	1
strains	1
reculvers	1
satisfy	1
bousing	1
avalanches	1
superstitious	1
hoisting	1
fantastic	1
equilibrium	1
necks	1
consoled	1
description	1
footrope	1
confirmation	1
smokecoloured	1
illused	1
mizzenrigging	1
shkipper	1
chaincable	1
noisily	1
exert	1
evilminded	1
swallow	1
meso	1
sale	1
smiling	1
skull	1
prohibition	1
preserving	1
breathing	1
severely	1
interest	1
swarming	1
seamanan	1
hugged	1
quarrel	1
gutenbergtms	1
tat	1
jiffy	1
straw	1
beats	1
humour	1
resplendent	1
forgets	1
deadso	1
lascars	1
groans	1
pinioning	1
fascination	1
desire	1
stem	1
patching	1
soften	1
rile	1
fog	1
contraction	1
grand	1
clapping	1
pug	1
staysails	1
pg	1
suffocation	1
reader	1
doubly	1
uncomplimentary	1
betray	1
expelling	1
contortions	1
booming	1
bolster	1
wood	1
actually	1
uproariously	1
devoured	1
child	1
missile	1
breakfasting	1
diversion	1
appearing	1
brimstone	1
roof	1
consarnits	1
mealtimes	1
restbut	1
abide	1
trees	1
swim	1
foremast	1
negligence	1
advertised	1
strain	1
slips	1
ithere	1
strangers	1
youthere	1
pains	1
coalbarge	1
arouse	1
piped	1
verified	1
elaborate	1
nothens	1
exchanging	1
injustice	1
brushes	1
accept	1
vociferating	1
abomination	1
separately	1
fairer	1
blanched	1
viewing	1
drove	1
torrent	1
undergo	1
overeither	1
shame	1
hang	1
squared	1
ournthats	1
chainhooks	1
ish	1
newby	1
alarmed	1
manifestation	1
whirl	1
offers	1
officer	1
stay	1
answering	1
bate	1
morally	1
admittedand	1
gurgled	1
fiddle	1
twisted	1
westsouthwest	1
recovered	1
foots	1
sealine	1
aprillooking	1
cutlery	1
rode	1
shedding	1
punched	1
marston	1
weapon	1
gbnewbypglaforg	1
startled	1
onlythey	1
dangerous	1
logging	1
surrendered	1
surprise	1
acquiescence	1
creaming	1
disinterestedness	1
inauspiciously	1
agent	1
clattered	1
remembers	1
constant	1
anchors	1
crash	1
post	1
devils	1
phantoms	1
leescuppers	1
rare	1
identify	1
abet	1
artillery	1
doin	1
justify	1
twined	1
dandyrigged	1
travelling	1
pleasurevessel	1
accidents	1
defiant	1
extras	1
meyaw	1
dexterity	1
eatfor	1
month	1
proceed	1
accepting	1
thisare	1
boatswainnamed	1
damme	1
stiffness	1
cover	1
monkey	1
firmly	1
theory	1
lend	1
habitable	1
headwe	1
iss	1
unfortunate	1
comb	1
emotions	1
bay	1
sarved	1
void	1
credible	1
wrecksat	1
ash	1
desired	1
crucifixes	1
artificial	1
infallibly	1
encoding	1
havin	1
signify	1
liking	1
amazing	1
flashed	1
undertake	1
rascal	1
dreams	1
trimmed	1
midst	1
droll	1
frequent	1
disastrous	1
inches	1
opposing	1
coffin	1
await	1
sheeting	1
theme	1
witnesses	1
consequential	1
luggers	1
occupying	1
merciful	1
effects	1
jingling	1
rivetted	1
enoughtoo	1
nasty	1
sit	1
halfmad	1
kickshaw	1
deafening	1
music	1
knuckles	1
halfconvulsed	1
vith	1
responsible	1
guarantee	1
snuffler	1
steps	1
forming	1
mister	1
squatted	1
souser	1
shells	1
somewhat	1
incidental	1
departed	1
gusts	1
capricious	1
respects	1
thighs	1
wearily	1
exquisitely	1
snuggest	1
axing	1
handsaw	1
onethe	1
sisters	1
sells	1
mob	1
profit	1
example	1
value	1
bunting	1
gently	1
squashing	1
watchtackle	1
beamwise	1
obsequious	1
striving	1
waking	1
httpwwwgutenbergorg	1
confound	1
relishing	1
northeasterly	1
despatched	1
approaching	1
globe	1
workin	1
ratline	1
dockyard	1
breathlessness	1
known	1
onehorse	1
yelping	1
boatmen	1
illluck	1
vorth	1
tightfitting	1
subordinate	1
arguefy	1
shwear	1
fathom	1
insinuations	1
sniff	1
inboard	1
headland	1
shamefaced	1
huge	1
ribs	1
trawling	1
creation	1
enjoyed	1
ruination	1
network	1
gruffest	1
replaced	1
kindly	1
splinters	1
gait	1
weighty	1
vividness	1
scorn	1
utensil	1
wwwgutenbergorgcontact	1
streak	1
squaretoed	1
imposed	1
respectively	1
delicate	1
forehatch	1
outrages	1
abroad	1
dodge	1
prefer	1
join	1
mistaking	1
seaboot	1
groping	1
meanings	1
sobefore	1
fears	1
comprehend	1
unaweers	1
wrinkles	1
sootable	1
amongst	1
storm	1
sandglass	1
confronted	1
comment	1
deadlocked	1
quaintest	1
sirstrong	1
article	1
pattering	1
bin	1
daughters	1
squarelybuilt	1
portmain	1
remembered	1
cease	1
nova	1
studying	1
array	1
richness	1
bein	1
ingenious	1
footing	1
